country,year,continent,fertility,lifeExp,pop
Afghanistan,1950,Asia,7.248,28.16,7776180
Afghanistan,1951,Asia,7.26,28.58,7879343
Afghanistan,1952,Asia,7.26,29.01,7987784
Afghanistan,1953,Asia,7.266,29.45,8096703
Afghanistan,1954,Asia,7.254,29.7,8207954
Afghanistan,1955,Asia,7.262,30.37,8326981
Afghanistan,1956,Asia,7.269,30.83,8454303
Afghanistan,1957,Asia,7.264,31.34,8588340
Afghanistan,1958,Asia,7.269,31.84,8723412
Afghanistan,1959,Asia,7.276,32.34,8869270
Afghanistan,1960,Asia,7.282,32.8,9035048
Afghanistan,1961,Asia,7.284,33.29,9214082
Afghanistan,1962,Asia,7.292,33.76,9404410
Afghanistan,1963,Asia,7.302,34.2,9604491
Afghanistan,1964,Asia,7.304,34.67,9814317
Afghanistan,1965,Asia,7.305,35.12,10036003
Afghanistan,1966,Asia,7.32,35.58,10266397
Afghanistan,1967,Asia,7.339,36.04,10505961
Afghanistan,1968,Asia,7.363,36.51,10756924
Afghanistan,1969,Asia,7.389,36.98,11017417
Afghanistan,1970,Asia,7.4,37.46,11290134
Afghanistan,1971,Asia,7.432,37.93,11567672
Afghanistan,1972,Asia,7.453,38.42,11853698
Afghanistan,1973,Asia,7.487,38.95,12158000
Afghanistan,1974,Asia,7.526,39.47,12469127
Afghanistan,1975,Asia,7.542,39.99,12773966
Afghanistan,1976,Asia,7.561,40.52,13059861
Afghanistan,1977,Asia,7.591,41.08,13340758
Afghanistan,1978,Asia,7.599,40.09,13611444
Afghanistan,1979,Asia,7.612,38.84,13655575
Afghanistan,1980,Asia,7.643,39.26,13169313
Afghanistan,1981,Asia,7.617,39.41,11937586
Afghanistan,1982,Asia,7.6,36.06,10991380
Afghanistan,1983,Asia,7.57,36.52,10917985
Afghanistan,1984,Asia,7.554,31.47,11190222
Afghanistan,1985,Asia,7.55,32.13,11426855
Afghanistan,1986,Asia,7.553,38.4,11420074
Afghanistan,1987,Asia,7.548,38.83,11387822
Afghanistan,1988,Asia,7.551,43.24,11523299
Afghanistan,1989,Asia,7.559,44.5,11874089
Afghanistan,1990,Asia,7.576,45.12,12045664
Afghanistan,1991,Asia,7.631,45.52,12238879
Afghanistan,1992,Asia,7.703,46.57,13278983
Afghanistan,1993,Asia,7.761,51.02,14943175
Afghanistan,1994,Asia,7.767,50.97,16250800
Afghanistan,1995,Asia,7.767,52.1,17065837
Afghanistan,1996,Asia,7.757,52.83,17763266
Afghanistan,1997,Asia,7.732,53.21,18452100
Afghanistan,1998,Asia,7.693,52.49,19159996
Afghanistan,1999,Asia,7.641,54.53,19887792
Afghanistan,2000,Asia,7.566,55.01,20130334
Afghanistan,2001,Asia,7.453,55.51,20284303
Afghanistan,2002,Asia,7.32,56.23,21378123
Afghanistan,2003,Asia,7.174,57.17,22733053
Afghanistan,2004,Asia,7.018,57.81,23560656
Afghanistan,2005,Asia,6.858,58.25,24404575
Afghanistan,2006,Asia,6.686,58.55,25424100
Afghanistan,2007,Asia,6.508,58.96,25909852
Afghanistan,2008,Asia,6.392,59.71,26482631
Afghanistan,2009,Asia,6.295,60.25,27466102
Afghanistan,2010,Asia,6.195,60.7,28284088
Afghanistan,2011,Asia,6.094,61.25,29347708
Afghanistan,2012,Asia,5.985,61.73,30560036
Afghanistan,2013,Asia,5.879,62.19,31622709
Afghanistan,2014,Asia,5.77,62.26,32792528
Afghanistan,2015,Asia,5.652,62.27,33831767
Afghanistan,2016,Asia,5.542,62.65,34700613
Afghanistan,2017,Asia,5.433,62.41,35688941
Afghanistan,2018,Asia,5.327,62.44,36743040
Afghanistan,2019,Asia,5.238,62.94,37856125
Afghanistan,2020,Asia,5.145,61.45,39068977
Afghanistan,2021,Asia,5.039,60.42,40000410
Afghanistan,2022,Asia,4.932,65.62,40578847
Afghanistan,2023,Asia,4.84,66.03,41454762
Afghanistan,2024,Asia,4.767,66.29,42647502
Afghanistan,2025,Asia,4.696,66.54,43844116
Angola,1950,Africa,5.771,35.87,4551869
Angola,1951,Africa,5.831,36.05,4602567
Angola,1952,Africa,5.948,36.22,4651693
Angola,1953,Africa,6.06,36.43,4706357
Angola,1954,Africa,6.166,36.62,4766716
Angola,1955,Africa,6.267,36.85,4832775
Angola,1956,Africa,6.363,37.08,4904275
Angola,1957,Africa,6.455,37.27,4980650
Angola,1958,Africa,6.542,37.48,5061137
Angola,1959,Africa,6.626,37.69,5145107
Angola,1960,Africa,6.708,37.93,5231664
Angola,1961,Africa,6.79,36.9,5301584
Angola,1962,Africa,6.872,37.17,5354315
Angola,1963,Africa,6.954,37.42,5408334
Angola,1964,Africa,7.036,37.7,5464186
Angola,1965,Africa,7.116,37.97,5521982
Angola,1966,Africa,7.194,38.26,5581391
Angola,1967,Africa,7.267,38.62,5641810
Angola,1968,Africa,7.332,38.97,5702706
Angola,1969,Africa,7.388,39.33,5763693
Angola,1970,Africa,7.434,39.69,5852790
Angola,1971,Africa,7.467,40.08,5991114
Angola,1972,Africa,7.488,40.47,6174269
Angola,1973,Africa,7.498,40.87,6388534
Angola,1974,Africa,7.5,41.26,6613368
Angola,1975,Africa,7.494,40.82,6842952
Angola,1976,Africa,7.485,40.81,7074668
Angola,1977,Africa,7.475,41.22,7317837
Angola,1978,Africa,7.467,41.57,7576742
Angola,1979,Africa,7.461,41.91,7847207
Angola,1980,Africa,7.459,42.24,8133867
Angola,1981,Africa,7.459,42.56,8435605
Angola,1982,Africa,7.461,42.86,8751653
Angola,1983,Africa,7.462,41.97,9082985
Angola,1984,Africa,7.459,42.24,9425921
Angola,1985,Africa,7.451,42.49,9779125
Angola,1986,Africa,7.435,42.74,10139459
Angola,1987,Africa,7.409,40.79,10497863
Angola,1988,Africa,7.373,41.47,10861299
Angola,1989,Africa,7.328,41.7,11238562
Angola,1990,Africa,7.272,41.85,11626361
Angola,1991,Africa,7.208,43.81,12023532
Angola,1992,Africa,7.138,42.27,12423717
Angola,1993,Africa,7.065,42.19,12827136
Angola,1994,Africa,6.99,43.57,13249763
Angola,1995,Africa,6.918,46.14,13699780
Angola,1996,Africa,6.851,46.42,14170973
Angola,1997,Africa,6.789,46.69,14660419
Angola,1998,Africa,6.732,45.45,15159378
Angola,1999,Africa,6.683,45.81,15667235
Angola,2000,Africa,6.639,46.5,16194873
Angola,2001,Africa,6.601,47.03,16747204
Angola,2002,Africa,6.567,47.87,17327701
Angola,2003,Africa,6.533,50.22,17943718
Angola,2004,Africa,6.499,51.12,18600426
Angola,2005,Africa,6.461,52.13,19291160
Angola,2006,Africa,6.419,52.97,20015281
Angola,2007,Africa,6.372,54.2,20778570
Angola,2008,Africa,6.32,55.28,21578656
Angola,2009,Africa,6.26,56.23,22414775
Angola,2010,Africa,6.194,57.24,23294822
Angola,2011,Africa,6.12,58.09,24218358
Angola,2012,Africa,6.039,58.92,25177398
Angola,2013,Africa,5.953,59.7,26165616
Angola,2014,Africa,5.864,60.4,27160767
Angola,2015,Africa,5.774,61.04,28157802
Angola,2016,Africa,5.686,61.62,29183072
Angola,2017,Africa,5.6,62.12,30234836
Angola,2018,Africa,5.519,62.62,31297160
Angola,2019,Africa,5.442,63.05,32375633
Angola,2020,Africa,5.371,63.12,33451139
Angola,2021,Africa,5.304,62.96,34532427
Angola,2022,Africa,5.209,64.25,35635028
Angola,2023,Africa,5.124,64.62,36749909
Angola,2024,Africa,5.048,64.81,37885854
Angola,2025,Africa,4.973,64.98,39040034
Albania,1950,Europe,6.169,44.52,1247854
Albania,1951,Europe,6.198,45.27,1276365
Albania,1952,Europe,6.239,46.28,1308368
Albania,1953,Europe,6.341,47.37,1343581
Albania,1954,Europe,6.432,48.42,1381088
Albania,1955,Europe,6.541,49.58,1418855
Albania,1956,Europe,6.437,50.85,1456823
Albania,1957,Europe,6.334,52.26,1497954
Albania,1958,Europe,6.391,53.74,1543982
Albania,1959,Europe,6.397,55.13,1595021
Albania,1960,Europe,6.383,56.41,1649393
Albania,1961,Europe,6.273,57.49,1698801
Albania,1962,Europe,6.106,58.49,1743739
Albania,1963,Europe,5.927,59.48,1791289
Albania,1964,Europe,5.714,60.4,1841445
Albania,1965,Europe,5.474,61.27,1894317
Albania,1966,Europe,5.325,62.15,1950049
Albania,1967,Europe,5.31,62.98,2008524
Albania,1968,Europe,5.317,63.79,2068848
Albania,1969,Europe,5.287,64.54,2126885
Albania,1970,Europe,5.158,65.23,2181226
Albania,1971,Europe,5.083,65.9,2234995
Albania,1972,Europe,4.979,66.53,2289265
Albania,1973,Europe,4.829,67.11,2344108
Albania,1974,Europe,4.7,67.63,2399397
Albania,1975,Europe,4.566,68.12,2454861
Albania,1976,Europe,4.374,68.57,2510579
Albania,1977,Europe,4.204,68.99,2566603
Albania,1978,Europe,3.996,69.37,2624620
Albania,1979,Europe,3.782,69.62,2681393
Albania,1980,Europe,3.59,69.9,2735424
Albania,1981,Europe,3.468,70.14,2790413
Albania,1982,Europe,3.416,70.42,2846910
Albania,1983,Europe,3.319,70.7,2905128
Albania,1984,Europe,3.282,70.98,2964961
Albania,1985,Europe,3.214,71.28,3026245
Albania,1986,Europe,3.141,71.67,3087658
Albania,1987,Europe,3.106,71.98,3148843
Albania,1988,Europe,3.069,72.22,3212924
Albania,1989,Europe,3.03,72.46,3260369
Albania,1990,Europe,3.014,72.71,3277965
Albania,1991,Europe,2.956,73.0,3282608
Albania,1992,Europe,2.885,73.3,3282506
Albania,1993,Europe,2.811,73.64,3277831
Albania,1994,Europe,2.798,73.84,3269417
Albania,1995,Europe,2.762,74.02,3258573
Albania,1996,Europe,2.666,74.11,3245680
Albania,1997,Europe,2.535,73.38,3229665
Albania,1998,Europe,2.425,74.36,3210134
Albania,1999,Europe,2.313,74.57,3188598
Albania,2000,Europe,2.217,74.83,3166147
Albania,2001,Europe,2.141,75.08,3147943
Albania,2002,Europe,2.002,75.3,3134095
Albania,2003,Europe,2.006,75.56,3118093
Albania,2004,Europe,1.889,75.95,3098662
Albania,2005,Europe,1.787,76.43,3076156
Albania,2006,Europe,1.686,76.99,3050805
Albania,2007,Europe,1.633,77.69,3022887
Albania,2008,Europe,1.616,78.25,2992933
Albania,2009,Europe,1.638,78.51,2961487
Albania,2010,Europe,1.653,78.41,2928731
Albania,2011,Europe,1.677,78.3,2911499
Albania,2012,Europe,1.719,78.08,2910003
Albania,2013,Europe,1.741,78.0,2907571
Albania,2014,Europe,1.721,78.03,2903748
Albania,2015,Europe,1.631,78.36,2898634
Albania,2016,Europe,1.555,78.64,2897868
Albania,2017,Europe,1.486,78.9,2898245
Albania,2018,Europe,1.415,79.24,2894229
Albania,2019,Europe,1.395,79.47,2885011
Albania,2020,Europe,1.371,77.82,2871950
Albania,2021,Europe,1.365,76.84,2849641
Albania,2022,Europe,1.355,78.77,2827614
Albania,2023,Europe,1.348,79.6,2811660
Albania,2024,Europe,1.328,79.78,2791756
Albania,2025,Europe,1.308,79.95,2771507
United Arab Emirates,1950,Asia,6.503,42.15,74532
United Arab Emirates,1951,Asia,6.499,42.89,79554
United Arab Emirates,1952,Asia,6.5,43.63,84780
United Arab Emirates,1953,Asia,6.499,44.41,90166
United Arab Emirates,1954,Asia,6.502,45.21,95670
United Arab Emirates,1955,Asia,6.495,46.05,101272
United Arab Emirates,1956,Asia,6.494,46.92,106976
United Arab Emirates,1957,Asia,6.488,47.83,112797
United Arab Emirates,1958,Asia,6.484,48.76,118776
United Arab Emirates,1959,Asia,6.5,49.7,124949
United Arab Emirates,1960,Asia,6.499,50.65,131348
United Arab Emirates,1961,Asia,6.494,51.6,138002
United Arab Emirates,1962,Asia,6.489,52.55,144963
United Arab Emirates,1963,Asia,6.495,53.51,152223
United Arab Emirates,1964,Asia,6.494,54.49,159702
United Arab Emirates,1965,Asia,6.495,55.51,167121
United Arab Emirates,1966,Asia,6.495,56.57,173988
United Arab Emirates,1967,Asia,6.51,57.65,179708
United Arab Emirates,1968,Asia,6.529,58.73,199432
United Arab Emirates,1969,Asia,6.524,59.76,239676
United Arab Emirates,1970,Asia,6.519,60.78,286553
United Arab Emirates,1971,Asia,6.519,61.75,335042
United Arab Emirates,1972,Asia,6.502,62.67,385025
United Arab Emirates,1973,Asia,6.464,63.54,436407
United Arab Emirates,1974,Asia,6.411,64.35,489098
United Arab Emirates,1975,Asia,6.353,65.11,542868
United Arab Emirates,1976,Asia,6.291,65.81,615871
United Arab Emirates,1977,Asia,6.223,66.47,710216
United Arab Emirates,1978,Asia,6.151,67.08,809285
United Arab Emirates,1979,Asia,6.059,67.64,912016
United Arab Emirates,1980,Asia,5.953,68.16,1015711
United Arab Emirates,1981,Asia,5.814,68.62,1099864
United Arab Emirates,1982,Asia,5.658,69.06,1166383
United Arab Emirates,1983,Asia,5.482,69.45,1235309
United Arab Emirates,1984,Asia,5.303,69.8,1306005
United Arab Emirates,1985,Asia,5.125,70.12,1377918
United Arab Emirates,1986,Asia,4.999,70.41,1467386
United Arab Emirates,1987,Asia,4.883,70.62,1574258
United Arab Emirates,1988,Asia,4.768,70.81,1681797
United Arab Emirates,1989,Asia,4.65,70.96,1789858
United Arab Emirates,1990,Asia,4.506,71.07,1898220
United Arab Emirates,1991,Asia,4.251,71.14,2006630
United Arab Emirates,1992,Asia,4.088,71.17,2114738
United Arab Emirates,1993,Asia,3.819,71.16,2222098
United Arab Emirates,1994,Asia,3.761,71.2,2328191
United Arab Emirates,1995,Asia,3.278,71.39,2434667
United Arab Emirates,1996,Asia,3.06,71.82,2597570
United Arab Emirates,1997,Asia,2.825,72.56,2817410
United Arab Emirates,1998,Asia,2.765,73.66,3040432
United Arab Emirates,1999,Asia,2.793,74.98,3266011
United Arab Emirates,2000,Asia,2.733,76.35,3493583
United Arab Emirates,2001,Asia,2.622,77.62,3723596
United Arab Emirates,2002,Asia,2.541,78.72,3956829
United Arab Emirates,2003,Asia,2.491,79.6,4192465
United Arab Emirates,2004,Asia,2.385,80.27,4428964
United Arab Emirates,2005,Asia,2.232,80.78,4664797
United Arab Emirates,2006,Asia,1.958,81.16,5009106
United Arab Emirates,2007,Asia,1.792,81.44,5624640
United Arab Emirates,2008,Asia,1.516,81.59,6302669
United Arab Emirates,2009,Asia,1.582,81.68,6707063
United Arab Emirates,2010,Asia,1.565,81.89,6938372
United Arab Emirates,2011,Asia,1.539,81.9,7199436
United Arab Emirates,2012,Asia,1.532,81.91,7497122
United Arab Emirates,2013,Asia,1.527,81.95,7831851
United Arab Emirates,2014,Asia,1.483,81.99,8236880
United Arab Emirates,2015,Asia,1.417,82.08,8674633
United Arab Emirates,2016,Asia,1.366,82.19,9030873
United Arab Emirates,2017,Asia,1.35,82.39,9234330
United Arab Emirates,2018,Asia,1.288,82.45,9346870
United Arab Emirates,2019,Asia,1.247,82.6,9377855
United Arab Emirates,2020,Asia,1.289,81.94,9448529
United Arab Emirates,2021,Asia,1.162,79.08,9789055
United Arab Emirates,2022,Asia,1.148,80.49,10242085
United Arab Emirates,2023,Asia,1.2,82.91,10642089
United Arab Emirates,2024,Asia,1.182,83.07,11027135
United Arab Emirates,2025,Asia,1.164,83.23,11346006
Argentina,1950,Americas,3.164,61.27,17018032
Argentina,1951,Americas,3.161,61.71,17356467
Argentina,1952,Americas,3.157,62.47,17698882
Argentina,1953,Americas,3.152,62.46,18041299
Argentina,1954,Americas,3.141,63.07,18381211
Argentina,1955,Americas,3.139,62.7,18716036
Argentina,1956,Americas,3.147,63.58,19049973
Argentina,1957,Americas,3.137,63.22,19383045
Argentina,1958,Americas,3.1,64.2,19714264
Argentina,1959,Americas,3.141,64.1,20049604
Argentina,1960,Americas,3.136,64.24,20386055
Argentina,1961,Americas,3.12,64.63,20726280
Argentina,1962,Americas,3.126,64.62,21072543
Argentina,1963,Americas,3.109,64.86,21421702
Argentina,1964,Americas,3.075,64.82,21769451
Argentina,1965,Americas,3.005,65.05,22112634
Argentina,1966,Americas,2.966,65.4,22453898
Argentina,1967,Americas,2.982,65.47,22799063
Argentina,1968,Americas,3.011,65.23,23150580
Argentina,1969,Americas,3.049,65.08,23508716
Argentina,1970,Americas,3.085,65.65,23878330
Argentina,1971,Americas,3.108,65.62,24257212
Argentina,1972,Americas,3.135,65.95,24644332
Argentina,1973,Americas,3.17,66.19,25046007
Argentina,1974,Americas,3.216,66.41,25461352
Argentina,1975,Americas,3.271,66.97,25874106
Argentina,1976,Americas,3.317,67.03,26282282
Argentina,1977,Americas,3.359,67.59,26701815
Argentina,1978,Americas,3.359,68.0,27132162
Argentina,1979,Americas,3.339,68.43,27568894
Argentina,1980,Americas,3.301,68.58,28011597
Argentina,1981,Americas,3.253,68.86,28463956
Argentina,1982,Americas,3.204,68.97,28924268
Argentina,1983,Americas,3.148,69.29,29391334
Argentina,1984,Americas,3.116,69.35,29863090
Argentina,1985,Americas,3.066,69.88,30336448
Argentina,1986,Americas,3.054,70.28,30811982
Argentina,1987,Americas,3.037,70.7,31291764
Argentina,1988,Americas,3.046,71.1,31780534
Argentina,1989,Americas,3.022,71.5,32270958
Argentina,1990,Americas,3.034,71.61,32755907
Argentina,1991,Americas,3.012,72.02,33230293
Argentina,1992,Americas,2.987,72.1,33693532
Argentina,1993,Americas,2.966,72.3,34152719
Argentina,1994,Americas,2.935,72.73,34613492
Argentina,1995,Americas,2.864,72.86,35070016
Argentina,1996,Americas,2.781,73.06,35513795
Argentina,1997,Americas,2.706,73.41,35947790
Argentina,1998,Americas,2.662,73.41,36372862
Argentina,1999,Americas,2.643,73.68,36794687
Argentina,2000,Americas,2.591,73.91,37213986
Argentina,2001,Americas,2.531,74.15,37624817
Argentina,2002,Americas,2.493,74.31,38029345
Argentina,2003,Americas,2.451,74.31,38424283
Argentina,2004,Americas,2.43,74.87,38815915
Argentina,2005,Americas,2.426,75.23,39216786
Argentina,2006,Americas,2.4,75.28,39622113
Argentina,2007,Americas,2.37,74.78,40016767
Argentina,2008,Americas,2.432,75.43,40424151
Argentina,2009,Americas,2.4,75.58,40854832
Argentina,2010,Americas,2.411,75.68,41288694
Argentina,2011,Americas,2.393,76.1,41730655
Argentina,2012,Americas,2.304,75.8,42161718
Argentina,2013,Americas,2.335,75.83,42582453
Argentina,2014,Americas,2.386,76.27,43024071
Argentina,2015,Americas,2.35,76.6,43477011
Argentina,2016,Americas,2.241,76.11,43900312
Argentina,2017,Americas,2.168,76.54,44288898
Argentina,2018,Americas,2.067,76.77,44654876
Argentina,2019,Americas,1.882,76.85,44973469
Argentina,2020,Americas,1.601,75.88,45191960
Argentina,2021,Americas,1.585,73.95,45312282
Argentina,2022,Americas,1.482,75.81,45407904
Argentina,2023,Americas,1.5,77.39,45538402
Argentina,2024,Americas,1.478,77.54,45696153
Argentina,2025,Americas,1.455,77.69,45851379
Armenia,1992,Asia,2.499,67.88,3571870
Armenia,1993,Asia,2.286,68.14,3453339
Armenia,1994,Asia,2.084,68.45,3364620
Armenia,1995,Asia,2.067,68.81,3307586
Armenia,1996,Asia,2.06,69.2,3278738
Armenia,1997,Asia,1.9,69.59,3246292
Armenia,1998,Asia,1.81,70.0,3208399
Armenia,1999,Asia,1.534,70.42,3167282
Armenia,2000,Asia,1.47,70.81,3125630
Armenia,2001,Asia,1.402,71.17,3084350
Armenia,2002,Asia,1.405,71.49,3055636
Armenia,2003,Asia,1.473,71.73,3038976
Armenia,2004,Asia,1.491,71.93,3022544
Armenia,2005,Asia,1.492,72.08,3006360
Armenia,2006,Asia,1.494,72.22,2990371
Armenia,2007,Asia,1.519,72.36,2974825
Armenia,2008,Asia,1.541,72.52,2959996
Armenia,2009,Asia,1.574,72.71,2945518
Armenia,2010,Asia,1.588,72.94,2931083
Armenia,2011,Asia,1.615,73.19,2923269
Armenia,2012,Asia,1.647,73.44,2922529
Armenia,2013,Asia,1.669,73.71,2922526
Armenia,2014,Asia,1.663,73.98,2922433
Armenia,2015,Asia,1.621,74.23,2921179
Armenia,2016,Asia,1.625,74.49,2918796
Armenia,2017,Asia,1.561,74.74,2914966
Armenia,2018,Asia,1.567,74.98,2909971
Armenia,2019,Asia,1.601,75.19,2903975
Armenia,2020,Asia,1.619,68.89,2890893
Armenia,2021,Asia,1.71,72.55,2870339
Armenia,2022,Asia,1.719,74.63,2880880
Armenia,2023,Asia,1.714,75.68,2943398
Armenia,2024,Asia,1.72,75.85,2973843
Armenia,2025,Asia,1.726,76.01,2952355
Australia,1950,Oceania,3.063,69.0,8176751
Australia,1951,Oceania,3.063,68.7,8418616
Australia,1952,Oceania,3.18,69.11,8630707
Australia,1953,Oceania,3.192,69.69,8816085
Australia,1954,Oceania,3.192,69.86,8999384
Australia,1955,Oceania,3.273,70.16,9205189
Australia,1956,Oceania,3.331,70.04,9424660
Australia,1957,Oceania,3.421,70.32,9638773
Australia,1958,Oceania,3.423,70.86,9847636
Australia,1959,Oceania,3.441,70.44,10060033
Australia,1960,Oceania,3.453,70.86,10280815
Australia,1961,Oceania,3.542,71.14,10500441
Australia,1962,Oceania,3.425,70.91,10707235
Australia,1963,Oceania,3.334,70.96,10913270
Australia,1964,Oceania,3.146,70.57,11128257
Australia,1965,Oceania,2.979,70.8,11357479
Australia,1966,Oceania,2.883,70.68,11592485
Australia,1967,Oceania,2.851,71.05,11810521
Australia,1968,Oceania,2.889,70.68,12030009
Australia,1969,Oceania,2.889,71.07,12272387
Australia,1970,Oceania,2.86,70.65,12599414
Australia,1971,Oceania,2.948,71.45,12997963
Australia,1972,Oceania,2.742,71.77,13304897
Australia,1973,Oceania,2.493,72.06,13518689
Australia,1974,Oceania,2.376,71.85,13719499
Australia,1975,Oceania,2.207,72.78,13893988
Australia,1976,Oceania,2.063,72.79,14046758
Australia,1977,Oceania,2.019,73.47,14203511
Australia,1978,Oceania,1.961,73.74,14367099
Australia,1979,Oceania,1.913,74.33,14533034
Australia,1980,Oceania,1.901,74.57,14721345
Australia,1981,Oceania,1.94,74.78,14949210
Australia,1982,Oceania,1.94,74.72,15192484
Australia,1983,Oceania,1.931,75.44,15414891
Australia,1984,Oceania,1.872,75.51,15620653
Australia,1985,Oceania,1.899,75.43,15835743
Australia,1986,Oceania,1.872,76.07,16069631
Australia,1987,Oceania,1.851,76.08,16322272
Australia,1988,Oceania,1.84,76.34,16594104
Australia,1989,Oceania,1.843,76.2,16869362
Australia,1990,Oceania,1.908,77.04,17126304
Australia,1991,Oceania,1.863,77.48,17353191
Australia,1992,Oceania,1.892,77.47,17549286
Australia,1993,Oceania,1.864,78.01,17722905
Australia,1994,Oceania,1.852,77.85,17897433
Australia,1995,Oceania,1.825,78.26,18095340
Australia,1996,Oceania,1.804,78.34,18305305
Australia,1997,Oceania,1.783,78.63,18504911
Australia,1998,Oceania,1.765,79.02,18701710
Australia,1999,Oceania,1.764,79.28,18909980
Australia,2000,Oceania,1.764,79.62,19132472
Australia,2001,Oceania,1.738,80.01,19365438
Australia,2002,Oceania,1.765,80.05,19595356
Australia,2003,Oceania,1.764,80.44,19819449
Australia,2004,Oceania,1.784,80.73,20046679
Australia,2005,Oceania,1.849,81.09,20294490
Australia,2006,Oceania,1.882,81.26,20590566
Australia,2007,Oceania,1.991,81.23,20954545
Australia,2008,Oceania,2.02,81.43,21370595
Australia,2009,Oceania,1.972,81.73,21783014
Australia,2010,Oceania,1.948,82.01,22141583
Australia,2011,Oceania,1.922,82.09,22479779
Australia,2012,Oceania,1.931,82.3,22852648
Australia,2013,Oceania,1.883,82.55,23236271
Australia,2014,Oceania,1.805,82.52,23595599
Australia,2015,Oceania,1.803,82.61,23947997
Australia,2016,Oceania,1.792,82.8,24329963
Australia,2017,Oceania,1.745,82.72,24731044
Australia,2018,Oceania,1.743,83.26,25119700
Australia,2019,Oceania,1.666,83.24,25482714
Australia,2020,Oceania,1.593,83.66,25743787
Australia,2021,Oceania,1.647,83.56,25956417
Australia,2022,Oceania,1.638,82.77,26200987
Australia,2023,Oceania,1.638,83.92,26451126
Australia,2024,Oceania,1.62,84.07,26713206
Australia,2025,Oceania,1.603,84.21,26974024
Austria,1950,Europe,2.089,64.81,6936455
Austria,1951,Europe,2.035,65.22,6930487
Austria,1952,Europe,2.068,66.75,6927254
Austria,1953,Europe,2.09,67.25,6932083
Austria,1954,Europe,2.139,67.29,6939893
Austria,1955,Europe,2.268,67.55,6946659
Austria,1956,Europe,2.456,67.68,6952266
Austria,1957,Europe,2.549,67.44,6965838
Austria,1958,Europe,2.592,68.45,6987345
Austria,1959,Europe,2.678,68.39,7014270
Austria,1960,Europe,2.689,68.75,7047274
Austria,1961,Europe,2.787,69.71,7086060
Austria,1962,Europe,2.801,69.5,7129581
Austria,1963,Europe,2.817,69.65,7175502
Austria,1964,Europe,2.779,70.12,7223392
Austria,1965,Europe,2.697,69.93,7270413
Austria,1966,Europe,2.672,70.22,7321524
Austria,1967,Europe,2.629,70.12,7376293
Austria,1968,Europe,2.585,70.27,7414627
Austria,1969,Europe,2.484,70.04,7440306
Austria,1970,Europe,2.294,70.09,7466320
Austria,1971,Europe,2.194,70.29,7499635
Austria,1972,Europe,2.077,70.62,7543263
Austria,1973,Europe,1.931,71.19,7585107
Austria,1974,Europe,1.902,71.17,7597963
Austria,1975,Europe,1.823,71.33,7577833
Austria,1976,Europe,1.681,71.79,7564457
Austria,1977,Europe,1.623,72.14,7567332
Austria,1978,Europe,1.597,72.2,7561203
Austria,1979,Europe,1.597,72.54,7548345
Austria,1980,Europe,1.651,72.67,7548407
Austria,1981,Europe,1.672,72.99,7567550
Austria,1982,Europe,1.661,73.14,7573078
Austria,1983,Europe,1.563,73.22,7561166
Austria,1984,Europe,1.526,73.77,7560715
Austria,1985,Europe,1.479,73.99,7564310
Austria,1986,Europe,1.455,74.46,7569397
Austria,1987,Europe,1.44,74.9,7574314
Austria,1988,Europe,1.457,75.37,7585346
Austria,1989,Europe,1.455,75.46,7620405
Austria,1990,Europe,1.467,75.74,7679627
Austria,1991,Europe,1.516,75.79,7757140
Austria,1992,Europe,1.516,75.99,7842715
Austria,1993,Europe,1.512,76.22,7907492
Austria,1994,Europe,1.474,76.54,7938157
Austria,1995,Europe,1.431,76.78,7950322
Austria,1996,Europe,1.448,77.03,7960917
Austria,1997,Europe,1.395,77.43,7969804
Austria,1998,Europe,1.371,77.78,7978465
Austria,1999,Europe,1.344,77.95,7993894
Austria,2000,Europe,1.364,78.23,8012929
Austria,2001,Europe,1.331,78.72,8042233
Austria,2002,Europe,1.389,78.85,8081640
Austria,2003,Europe,1.373,78.85,8122604
Austria,2004,Europe,1.415,79.36,8173496
Austria,2005,Europe,1.406,79.52,8229204
Austria,2006,Europe,1.404,79.97,8269901
Austria,2007,Europe,1.381,80.17,8296948
Austria,2008,Europe,1.411,80.36,8323250
Austria,2009,Europe,1.393,80.21,8345073
Austria,2010,Europe,1.44,80.46,8365087
Austria,2011,Europe,1.43,80.83,8393272
Austria,2012,Europe,1.44,80.84,8431599
Austria,2013,Europe,1.436,81.08,8481411
Austria,2014,Europe,1.464,81.39,8547812
Austria,2015,Europe,1.492,81.16,8644037
Austria,2016,Europe,1.531,81.59,8737920
Austria,2017,Europe,1.521,81.64,8798779
Austria,2018,Europe,1.479,81.69,8841653
Austria,2019,Europe,1.464,81.91,8880876
Austria,2020,Europe,1.439,81.8,8921402
Austria,2021,Europe,1.469,81.82,8967053
Austria,2022,Europe,1.41,81.3,9064678
Austria,2023,Europe,1.317,81.96,9130434
Austria,2024,Europe,1.302,82.12,9120815
Austria,2025,Europe,1.286,82.29,9113578
Azerbaijan,1992,Asia,2.863,60.77,7405781
Azerbaijan,1993,Asia,2.747,61.43,7504119
Azerbaijan,1994,Asia,2.445,60.28,7608894
Azerbaijan,1995,Asia,2.193,61.93,7719283
Azerbaijan,1996,Asia,1.977,62.66,7830981
Azerbaijan,1997,Asia,2.018,62.95,7936220
Azerbaijan,1998,Asia,1.848,63.75,8025808
Azerbaijan,1999,Asia,1.716,64.73,8100472
Azerbaijan,2000,Asia,1.698,65.38,8174784
Azerbaijan,2001,Asia,1.589,66.04,8251776
Azerbaijan,2002,Asia,1.577,66.77,8326141
Azerbaijan,2003,Asia,1.591,67.04,8400528
Azerbaijan,2004,Asia,1.965,67.49,8489874
Azerbaijan,2005,Asia,1.982,67.71,8597248
Azerbaijan,2006,Asia,2.019,68.49,8711380
Azerbaijan,2007,Asia,1.968,68.66,8828313
Azerbaijan,2008,Asia,1.904,69.36,8942637
Azerbaijan,2009,Asia,1.821,69.87,9046336
Azerbaijan,2010,Asia,1.924,70.31,9146852
Azerbaijan,2011,Asia,1.98,70.56,9256156
Azerbaijan,2012,Asia,2.142,71.08,9376179
Azerbaijan,2013,Asia,2.148,71.48,9504417
Azerbaijan,2014,Asia,2.131,71.93,9631136
Azerbaijan,2015,Asia,2.092,72.35,9752859
Azerbaijan,2016,Asia,2.032,72.57,9868434
Azerbaijan,2017,Asia,1.961,72.69,9968510
Azerbaijan,2018,Asia,1.905,73.02,10039782
Azerbaijan,2019,Asia,1.845,73.29,10110483
Azerbaijan,2020,Asia,1.764,70.31,10181736
Azerbaijan,2021,Asia,1.71,71.0,10234372
Azerbaijan,2022,Asia,1.687,74.12,10295307
Azerbaijan,2023,Asia,1.67,74.43,10318209
Azerbaijan,2024,Asia,1.645,74.58,10336577
Azerbaijan,2025,Asia,1.62,74.73,10397712
Burundi,1950,Africa,6.923,40.94,2254942
Burundi,1951,Africa,6.914,41.23,2305749
Burundi,1952,Africa,6.9,41.48,2355807
Burundi,1953,Africa,6.915,41.74,2405189
Burundi,1954,Africa,6.917,41.97,2454593
Burundi,1955,Africa,6.93,42.17,2504658
Burundi,1956,Africa,6.931,42.41,2555312
Burundi,1957,Africa,6.932,42.64,2606484
Burundi,1958,Africa,6.949,42.87,2657416
Burundi,1959,Africa,6.979,43.07,2709604
Burundi,1960,Africa,7.003,43.26,2764265
Burundi,1961,Africa,7.023,43.36,2835122
Burundi,1962,Africa,7.038,43.49,2907945
Burundi,1963,Africa,7.067,43.56,2969844
Burundi,1964,Africa,7.09,43.6,3055656
Burundi,1965,Africa,7.113,41.84,3141371
Burundi,1966,Africa,7.135,43.53,3217962
Burundi,1967,Africa,7.156,43.33,3300699
Burundi,1968,Africa,7.18,43.41,3380389
Burundi,1969,Africa,7.215,43.0,3454598
Burundi,1970,Africa,7.214,43.23,3530431
Burundi,1971,Africa,7.213,43.17,3617295
Burundi,1972,Africa,7.21,25.78,3617134
Burundi,1973,Africa,7.215,37.41,3611994
Burundi,1974,Africa,7.222,43.34,3703604
Burundi,1975,Africa,7.244,43.45,3796617
Burundi,1976,Africa,7.248,43.69,3882626
Burundi,1977,Africa,7.245,43.97,3983585
Burundi,1978,Africa,7.259,44.4,4100342
Burundi,1979,Africa,7.307,45.04,4203533
Burundi,1980,Africa,7.353,45.73,4383713
Burundi,1981,Africa,7.329,46.41,4566017
Burundi,1982,Africa,7.314,47.01,4681397
Burundi,1983,Africa,7.298,47.43,4808530
Burundi,1984,Africa,7.295,47.69,4926477
Burundi,1985,Africa,7.294,47.66,5034043
Burundi,1986,Africa,7.32,47.4,5129423
Burundi,1987,Africa,7.38,47.07,5247790
Burundi,1988,Africa,7.383,42.89,5365332
Burundi,1989,Africa,7.387,45.74,5471706
Burundi,1990,Africa,7.365,45.18,5587051
Burundi,1991,Africa,7.336,44.66,5703860
Burundi,1992,Africa,7.301,44.47,5858405
Burundi,1993,Africa,7.272,37.22,5676847
Burundi,1994,Africa,7.23,44.52,5713856
Burundi,1995,Africa,7.184,44.59,6066319
Burundi,1996,Africa,7.123,44.81,6070510
Burundi,1997,Africa,7.04,45.72,6070038
Burundi,1998,Africa,6.958,46.68,6187114
Burundi,1999,Africa,6.897,47.63,6337155
Burundi,2000,Africa,6.872,47.62,6470196
Burundi,2001,Africa,6.849,48.51,6634368
Burundi,2002,Africa,6.819,49.92,6824139
Burundi,2003,Africa,6.785,51.0,7043158
Burundi,2004,Africa,6.746,52.22,7310656
Burundi,2005,Africa,6.708,53.05,7587303
Burundi,2006,Africa,6.659,53.96,7865545
Burundi,2007,Africa,6.588,54.83,8161879
Burundi,2008,Africa,6.515,55.58,8505643
Burundi,2009,Africa,6.409,56.42,8947653
Burundi,2010,Africa,6.26,57.09,9376448
Burundi,2011,Africa,6.108,57.8,9717980
Burundi,2012,Africa,5.991,58.5,10071033
Burundi,2013,Africa,5.889,59.18,10439346
Burundi,2014,Africa,5.794,59.76,10799789
Burundi,2015,Africa,5.695,60.11,11047581
Burundi,2016,Africa,5.587,60.79,11239459
Burundi,2017,Africa,5.481,61.34,11506764
Burundi,2018,Africa,5.38,61.81,11859444
Burundi,2019,Africa,5.271,62.18,12255339
Burundi,2020,Africa,5.177,62.57,12617041
Burundi,2021,Africa,5.078,62.1,12965487
Burundi,2022,Africa,4.98,62.88,13321102
Burundi,2023,Africa,4.878,63.65,13689455
Burundi,2024,Africa,4.805,63.82,14047788
Burundi,2025,Africa,4.733,63.97,14390015
Belgium,1950,Europe,2.346,66.31,8617442
Belgium,1951,Europe,2.289,66.75,8655755
Belgium,1952,Europe,2.332,67.97,8696639
Belgium,1953,Europe,2.327,68.36,8741858
Belgium,1954,Europe,2.361,68.59,8788383
Belgium,1955,Europe,2.382,68.55,8835492
Belgium,1956,Europe,2.409,68.84,8882161
Belgium,1957,Europe,2.452,69.2,8931862
Belgium,1958,Europe,2.498,69.91,8986120
Belgium,1959,Europe,2.559,70.31,9045745
Belgium,1960,Europe,2.533,69.62,9102172
Belgium,1961,Europe,2.622,70.5,9158208
Belgium,1962,Europe,2.595,70.23,9217669
Belgium,1963,Europe,2.676,70.04,9275198
Belgium,1964,Europe,2.702,70.71,9337681
Belgium,1965,Europe,2.612,70.56,9399851
Belgium,1966,Europe,2.519,70.63,9455000
Belgium,1967,Europe,2.409,70.91,9505919
Belgium,1968,Europe,2.311,70.61,9549702
Belgium,1969,Europe,2.278,70.67,9589190
Belgium,1970,Europe,2.254,70.94,9630508
Belgium,1971,Europe,2.208,71.09,9666524
Belgium,1972,Europe,2.091,71.41,9694853
Belgium,1973,Europe,1.953,71.64,9718032
Belgium,1974,Europe,1.838,71.97,9735809
Belgium,1975,Europe,1.749,71.97,9748472
Belgium,1976,Europe,1.738,72.1,9758905
Belgium,1977,Europe,1.725,72.76,9774018
Belgium,1978,Europe,1.71,72.71,9791812
Belgium,1979,Europe,1.707,73.2,9811367
Belgium,1980,Europe,1.693,73.24,9833093
Belgium,1981,Europe,1.668,73.65,9850674
Belgium,1982,Europe,1.612,73.88,9862329
Belgium,1983,Europe,1.562,73.88,9869136
Belgium,1984,Europe,1.531,74.37,9874586
Belgium,1985,Europe,1.504,74.47,9880338
Belgium,1986,Europe,1.537,74.67,9886981
Belgium,1987,Europe,1.538,75.29,9899150
Belgium,1988,Europe,1.568,75.59,9916566
Belgium,1989,Europe,1.585,75.65,9936575
Belgium,1990,Europe,1.625,76.06,9960968
Belgium,1991,Europe,1.656,76.2,9998962
Belgium,1992,Europe,1.648,76.36,10045988
Belgium,1993,Europe,1.606,76.36,10084932
Belgium,1994,Europe,1.563,76.72,10116005
Belgium,1995,Europe,1.564,76.84,10137264
Belgium,1996,Europe,1.591,77.19,10156972
Belgium,1997,Europe,1.603,77.4,10181465
Belgium,1998,Europe,1.594,77.48,10203185
Belgium,1999,Europe,1.614,77.65,10226681
Belgium,2000,Europe,1.663,77.77,10251719
Belgium,2001,Europe,1.666,78.08,10287005
Belgium,2002,Europe,1.645,78.17,10332975
Belgium,2003,Europe,1.665,78.32,10376262
Belgium,2004,Europe,1.719,78.96,10421298
Belgium,2005,Europe,1.754,79.05,10478883
Belgium,2006,Europe,1.794,79.39,10548445
Belgium,2007,Europe,1.813,79.53,10625488
Belgium,2008,Europe,1.846,79.58,10709711
Belgium,2009,Europe,1.835,79.85,10812936
Belgium,2010,Europe,1.849,80.04,10936619
Belgium,2011,Europe,1.805,80.37,11038624
Belgium,2012,Europe,1.784,80.26,11107522
Belgium,2013,Europe,1.748,80.47,11160277
Belgium,2014,Europe,1.733,81.08,11210113
Belgium,2015,Europe,1.69,80.89,11275332
Belgium,2016,Europe,1.675,81.27,11332707
Belgium,2017,Europe,1.641,81.36,11376583
Belgium,2018,Europe,1.616,81.48,11428608
Belgium,2019,Europe,1.609,81.83,11490623
Belgium,2020,Europe,1.575,80.8,11540102
Belgium,2021,Europe,1.599,81.66,11570843
Belgium,2022,Europe,1.547,81.16,11641814
Belgium,2023,Europe,1.379,82.11,11712891
Belgium,2024,Europe,1.358,82.27,11738761
Belgium,2025,Europe,1.338,82.43,11758601
Benin,1950,Africa,5.751,35.4,2250476
Benin,1951,Africa,5.777,35.7,2267310
Benin,1952,Africa,5.829,35.99,2285780
Benin,1953,Africa,5.883,36.31,2306205
Benin,1954,Africa,5.938,36.67,2328786
Benin,1955,Africa,5.993,36.96,2353653
Benin,1956,Africa,6.05,37.28,2380894
Benin,1957,Africa,6.108,37.64,2410774
Benin,1958,Africa,6.166,38.01,2443431
Benin,1959,Africa,6.225,38.39,2478921
Benin,1960,Africa,6.282,38.77,2517289
Benin,1961,Africa,6.402,39.23,2559229
Benin,1962,Africa,6.457,39.64,2604667
Benin,1963,Africa,6.51,40.08,2652911
Benin,1964,Africa,6.565,40.5,2704005
Benin,1965,Africa,6.605,40.97,2757936
Benin,1966,Africa,6.625,41.27,2814321
Benin,1967,Africa,6.643,41.76,2873000
Benin,1968,Africa,6.669,42.18,2934261
Benin,1969,Africa,6.705,42.59,2998230
Benin,1970,Africa,6.735,43.03,3065061
Benin,1971,Africa,6.766,43.39,3134768
Benin,1972,Africa,6.799,43.93,3207549
Benin,1973,Africa,6.809,44.44,3283500
Benin,1974,Africa,6.822,44.88,3362629
Benin,1975,Africa,6.83,45.41,3445406
Benin,1976,Africa,6.83,45.95,3532198
Benin,1977,Africa,6.832,46.5,3623200
Benin,1978,Africa,6.824,46.94,3718308
Benin,1979,Africa,6.905,47.36,3818536
Benin,1980,Africa,6.989,47.75,3925258
Benin,1981,Africa,7.056,48.12,4038308
Benin,1982,Africa,7.055,48.49,4156593
Benin,1983,Africa,7.045,48.84,4278981
Benin,1984,Africa,7.031,49.4,4405902
Benin,1985,Africa,7.003,49.96,4538017
Benin,1986,Africa,6.962,50.63,4675421
Benin,1987,Africa,6.918,51.26,4818487
Benin,1988,Africa,6.871,52.02,4967343
Benin,1989,Africa,6.815,52.45,5121659
Benin,1990,Africa,6.741,53.02,5281482
Benin,1991,Africa,6.666,53.44,5446935
Benin,1992,Africa,6.593,54.14,5617847
Benin,1993,Africa,6.51,54.61,5872707
Benin,1994,Africa,6.419,54.99,6096510
Benin,1995,Africa,6.33,55.37,6226775
Benin,1996,Africa,6.279,55.65,6391861
Benin,1997,Africa,6.23,55.99,6583375
Benin,1998,Africa,6.136,56.15,6789492
Benin,1999,Africa,6.032,56.34,7002818
Benin,2000,Africa,5.937,56.59,7221618
Benin,2001,Africa,5.848,56.65,7445599
Benin,2002,Africa,5.793,56.85,7675430
Benin,2003,Africa,5.763,57.09,7913074
Benin,2004,Africa,5.718,57.35,8159098
Benin,2005,Africa,5.692,57.74,8426145
Benin,2006,Africa,5.673,57.97,8693243
Benin,2007,Africa,5.627,58.25,8953973
Benin,2008,Africa,5.548,58.1,9228468
Benin,2009,Africa,5.491,58.26,9509431
Benin,2010,Africa,5.452,58.39,9797488
Benin,2011,Africa,5.436,58.46,10093626
Benin,2012,Africa,5.429,58.56,10397659
Benin,2013,Africa,5.41,58.86,10708831
Benin,2014,Africa,5.374,59.01,11030008
Benin,2015,Africa,5.32,59.12,11360681
Benin,2016,Africa,5.254,59.28,11697845
Benin,2017,Africa,5.155,59.53,12039777
Benin,2018,Africa,5.031,59.71,12383349
Benin,2019,Africa,4.9,59.89,12726760
Benin,2020,Africa,4.795,60.15,13070169
Benin,2021,Africa,4.707,59.61,13413423
Benin,2022,Africa,4.634,60.48,13759507
Benin,2023,Africa,4.556,60.77,14111035
Benin,2024,Africa,4.488,60.96,14462721
Benin,2025,Africa,4.42,61.14,14814460
Burkina Faso,1950,Africa,5.822,33.03,4213152
Burkina Faso,1951,Africa,5.874,33.37,4260391
Burkina Faso,1952,Africa,5.926,33.6,4310353
Burkina Faso,1953,Africa,5.975,33.9,4361322
Burkina Faso,1954,Africa,6.012,34.19,4413878
Burkina Faso,1955,Africa,6.055,34.47,4469051
Burkina Faso,1956,Africa,6.093,34.76,4526657
Burkina Faso,1957,Africa,6.126,35.1,4586570
Burkina Faso,1958,Africa,6.171,35.4,4647287
Burkina Faso,1959,Africa,6.22,35.72,4710848
Burkina Faso,1960,Africa,6.248,36.07,4778626
Burkina Faso,1961,Africa,6.286,36.36,4848222
Burkina Faso,1962,Africa,6.322,36.75,4919673
Burkina Faso,1963,Africa,6.356,37.09,4993619
Burkina Faso,1964,Africa,6.419,37.4,5071040
Burkina Faso,1965,Africa,6.471,37.76,5152834
Burkina Faso,1966,Africa,6.527,38.09,5237939
Burkina Faso,1967,Africa,6.585,38.43,5326349
Burkina Faso,1968,Africa,6.645,38.76,5418644
Burkina Faso,1969,Africa,6.664,39.02,5513179
Burkina Faso,1970,Africa,6.685,39.54,5610307
Burkina Faso,1971,Africa,6.698,39.85,5708002
Burkina Faso,1972,Africa,6.719,40.4,5807238
Burkina Faso,1973,Africa,6.77,40.95,5911926
Burkina Faso,1974,Africa,6.842,41.71,6024905
Burkina Faso,1975,Africa,6.913,42.49,6147575
Burkina Faso,1976,Africa,6.952,43.33,6280638
Burkina Faso,1977,Africa,7.046,44.17,6428739
Burkina Faso,1978,Africa,7.148,44.99,6590987
Burkina Faso,1979,Africa,7.194,45.7,6763902
Burkina Faso,1980,Africa,7.222,46.47,6947900
Burkina Faso,1981,Africa,7.256,46.87,7140270
Burkina Faso,1982,Africa,7.253,47.63,7340199
Burkina Faso,1983,Africa,7.251,48.06,7551136
Burkina Faso,1984,Africa,7.245,48.46,7772260
Burkina Faso,1985,Africa,7.242,48.75,7999935
Burkina Faso,1986,Africa,7.218,48.99,8228847
Burkina Faso,1987,Africa,7.168,49.1,8457112
Burkina Faso,1988,Africa,7.109,49.22,8687441
Burkina Faso,1989,Africa,7.047,49.27,8921178
Burkina Faso,1990,Africa,7.009,49.31,9159358
Burkina Faso,1991,Africa,6.973,49.33,9394631
Burkina Faso,1992,Africa,6.936,49.38,9629280
Burkina Faso,1993,Africa,6.889,49.41,9871715
Burkina Faso,1994,Africa,6.843,49.47,10123807
Burkina Faso,1995,Africa,6.814,49.55,10386723
Burkina Faso,1996,Africa,6.779,49.69,10655943
Burkina Faso,1997,Africa,6.724,49.56,10934222
Burkina Faso,1998,Africa,6.661,50.16,11240668
Burkina Faso,1999,Africa,6.586,50.46,11574930
Burkina Faso,2000,Africa,6.519,50.81,11925548
Burkina Faso,2001,Africa,6.431,51.19,12294996
Burkina Faso,2002,Africa,6.339,51.45,12680904
Burkina Faso,2003,Africa,6.28,51.96,13082530
Burkina Faso,2004,Africa,6.216,52.6,13500536
Burkina Faso,2005,Africa,6.182,53.27,13932127
Burkina Faso,2006,Africa,6.17,53.78,14373713
Burkina Faso,2007,Africa,6.11,54.38,14816313
Burkina Faso,2008,Africa,6.05,55.2,15258103
Burkina Faso,2009,Africa,5.992,55.79,15710067
Burkina Faso,2010,Africa,5.936,56.34,16176503
Burkina Faso,2011,Africa,5.869,57.0,16661907
Burkina Faso,2012,Africa,5.793,57.46,17172284
Burkina Faso,2013,Africa,5.697,57.9,17695411
Burkina Faso,2014,Africa,5.595,58.33,18229466
Burkina Faso,2015,Africa,5.478,58.78,18777488
Burkina Faso,2016,Africa,5.331,59.17,19334854
Burkina Faso,2017,Africa,5.17,59.58,19894413
Burkina Faso,2018,Africa,4.921,59.97,20438289
Burkina Faso,2019,Africa,4.681,60.18,20961956
Burkina Faso,2020,Africa,4.44,60.45,21478691
Burkina Faso,2021,Africa,4.361,60.05,21995249
Burkina Faso,2022,Africa,4.275,60.7,22509038
Burkina Faso,2023,Africa,4.186,61.09,23025777
Burkina Faso,2024,Africa,4.123,61.29,23548782
Burkina Faso,2025,Africa,4.061,61.47,24074582
Bangladesh,1950,Asia,6.374,37.41,41206857
Bangladesh,1951,Asia,6.394,38.14,42022311
Bangladesh,1952,Asia,6.406,38.84,42893013
Bangladesh,1953,Asia,6.421,39.45,43791390
Bangladesh,1954,Asia,6.472,40.37,44741299
Bangladesh,1955,Asia,6.505,41.07,45767686
Bangladesh,1956,Asia,6.537,41.6,46854418
Bangladesh,1957,Asia,6.576,42.58,48004664
Bangladesh,1958,Asia,6.608,43.08,49184052
Bangladesh,1959,Asia,6.678,43.72,50441766
Bangladesh,1960,Asia,6.742,43.98,51828663
Bangladesh,1961,Asia,6.78,44.89,53310344
Bangladesh,1962,Asia,6.806,45.77,54881154
Bangladesh,1963,Asia,6.798,45.72,56504406
Bangladesh,1964,Asia,6.785,46.75,58178372
Bangladesh,1965,Asia,6.771,46.05,59902522
Bangladesh,1966,Asia,6.766,47.64,61669811
Bangladesh,1967,Asia,6.79,48.07,63510933
Bangladesh,1968,Asia,6.791,48.4,65408278
Bangladesh,1969,Asia,6.806,48.69,67294130
Bangladesh,1970,Asia,6.839,42.67,69058898
Bangladesh,1971,Asia,6.831,26.52,70276757
Bangladesh,1972,Asia,6.816,49.65,71641525
Bangladesh,1973,Asia,6.8,49.91,73722297
Bangladesh,1974,Asia,6.778,49.59,75839352
Bangladesh,1975,Asia,6.728,50.63,77854352
Bangladesh,1976,Asia,6.66,50.95,79855318
Bangladesh,1977,Asia,6.583,51.27,81867267
Bangladesh,1978,Asia,6.509,51.6,83889660
Bangladesh,1979,Asia,6.421,51.96,85935070
Bangladesh,1980,Asia,6.326,52.28,88016435
Bangladesh,1981,Asia,6.237,52.64,90303104
Bangladesh,1982,Asia,6.118,53.01,92814506
Bangladesh,1983,Asia,5.906,53.44,95335162
Bangladesh,1984,Asia,5.732,53.83,97814965
Bangladesh,1985,Asia,5.539,53.94,100253825
Bangladesh,1986,Asia,5.302,54.59,102635569
Bangladesh,1987,Asia,5.075,54.9,104959291
Bangladesh,1988,Asia,4.849,55.17,107216011
Bangladesh,1989,Asia,4.695,55.51,109433805
Bangladesh,1990,Asia,4.506,55.82,111633722
Bangladesh,1991,Asia,4.261,53.78,113787112
Bangladesh,1992,Asia,4.027,56.59,115952198
Bangladesh,1993,Asia,3.832,57.07,118132363
Bangladesh,1994,Asia,3.737,57.64,120343183
Bangladesh,1995,Asia,3.588,58.24,122600372
Bangladesh,1996,Asia,3.505,58.94,124862185
Bangladesh,1997,Asia,3.502,59.67,127198070
Bangladesh,1998,Asia,3.427,60.43,129622332
Bangladesh,1999,Asia,3.357,61.24,132108065
Bangladesh,2000,Asia,3.279,62.05,134544303
Bangladesh,2001,Asia,3.203,62.84,136805810
Bangladesh,2002,Asia,3.126,63.59,138933659
Bangladesh,2003,Asia,3.029,64.29,140970355
Bangladesh,2004,Asia,2.94,64.91,142902857
Bangladesh,2005,Asia,2.846,65.51,144715789
Bangladesh,2006,Asia,2.755,66.05,146405983
Bangladesh,2007,Asia,2.666,66.46,147989282
Bangladesh,2008,Asia,2.577,67.05,149474264
Bangladesh,2009,Asia,2.484,67.53,150873716
Bangladesh,2010,Asia,2.38,68.01,152201978
Bangladesh,2011,Asia,2.309,68.5,153591074
Bangladesh,2012,Asia,2.263,68.99,155070110
Bangladesh,2013,Asia,2.247,69.49,156532134
Bangladesh,2014,Asia,2.228,70.02,157964931
Bangladesh,2015,Asia,2.227,70.54,159383179
Bangladesh,2016,Asia,2.227,71.08,160811934
Bangladesh,2017,Asia,2.205,71.61,162186146
Bangladesh,2018,Asia,2.193,72.12,163523109
Bangladesh,2019,Asia,2.18,72.62,164913060
Bangladesh,2020,Asia,2.175,71.42,166298024
Bangladesh,2021,Asia,2.173,71.1,167658855
Bangladesh,2022,Asia,2.179,74.27,169384891
Bangladesh,2023,Asia,2.163,74.67,171466986
Bangladesh,2024,Asia,2.156,74.93,173562366
Bangladesh,2025,Asia,2.149,75.19,175686904
Bulgaria,1950,Europe,2.482,61.47,7248509
Bulgaria,1951,Europe,2.45,60.69,7314426
Bulgaria,1952,Europe,2.442,59.57,7361958
Bulgaria,1953,Europe,2.409,64.19,7415922
Bulgaria,1954,Europe,2.353,64.39,7476266
Bulgaria,1955,Europe,2.37,64.83,7533657
Bulgaria,1956,Europe,2.332,65.22,7587165
Bulgaria,1957,Europe,2.237,66.59,7649543
Bulgaria,1958,Europe,2.207,68.71,7724893
Bulgaria,1959,Europe,2.211,66.63,7794176
Bulgaria,1960,Europe,2.309,69.18,7862935
Bulgaria,1961,Europe,2.283,70.23,7938308
Bulgaria,1962,Europe,2.232,69.53,8008328
Bulgaria,1963,Europe,2.201,70.34,8073731
Bulgaria,1964,Europe,2.175,71.14,8140074
Bulgaria,1965,Europe,2.085,71.31,8202417
Bulgaria,1966,Europe,2.024,71.22,8258787
Bulgaria,1967,Europe,2.032,70.41,8311127
Bulgaria,1968,Europe,2.271,71.2,8370645
Bulgaria,1969,Europe,2.274,70.47,8435273
Bulgaria,1970,Europe,2.179,71.25,8490822
Bulgaria,1971,Europe,2.105,70.86,8538900
Bulgaria,1972,Europe,2.037,70.86,8579912
Bulgaria,1973,Europe,2.153,71.3,8624799
Bulgaria,1974,Europe,2.29,71.22,8682750
Bulgaria,1975,Europe,2.235,71.01,8723145
Bulgaria,1976,Europe,2.246,71.36,8759433
Bulgaria,1977,Europe,2.205,70.77,8804690
Bulgaria,1978,Europe,2.149,71.13,8813742
Bulgaria,1979,Europe,2.15,71.22,8824994
Bulgaria,1980,Europe,2.056,71.08,8859539
Bulgaria,1981,Europe,2.009,71.48,8887803
Bulgaria,1982,Europe,2.014,71.08,8912738
Bulgaria,1983,Europe,2.006,71.24,8933328
Bulgaria,1984,Europe,1.999,71.35,8952608
Bulgaria,1985,Europe,1.967,71.05,8958855
Bulgaria,1986,Europe,2.004,71.55,8963473
Bulgaria,1987,Europe,1.961,71.34,8976206
Bulgaria,1988,Europe,1.969,71.42,8985721
Bulgaria,1989,Europe,1.894,71.48,8936386
Bulgaria,1990,Europe,1.795,71.32,8822366
Bulgaria,1991,Europe,1.647,71.19,8695798
Bulgaria,1992,Europe,1.538,71.18,8559091
Bulgaria,1993,Europe,1.46,71.19,8466533
Bulgaria,1994,Europe,1.371,70.86,8416924
Bulgaria,1995,Europe,1.247,70.96,8357576
Bulgaria,1996,Europe,1.237,70.84,8291402
Bulgaria,1997,Europe,1.113,70.31,8217101
Bulgaria,1998,Europe,1.136,70.87,8138193
Bulgaria,1999,Europe,1.257,71.56,8067464
Bulgaria,2000,Europe,1.29,71.58,8000519
Bulgaria,2001,Europe,1.228,71.88,7928455
Bulgaria,2002,Europe,1.224,72.13,7861949
Bulgaria,2003,Europe,1.254,72.37,7804405
Bulgaria,2004,Europe,1.317,72.58,7749430
Bulgaria,2005,Europe,1.358,72.56,7695047
Bulgaria,2006,Europe,1.431,72.69,7640292
Bulgaria,2007,Europe,1.481,73.01,7586896
Bulgaria,2008,Europe,1.552,73.34,7535589
Bulgaria,2009,Europe,1.642,73.68,7488016
Bulgaria,2010,Europe,1.567,73.81,7437594
Bulgaria,2011,Europe,1.505,74.17,7380023
Bulgaria,2012,Europe,1.5,74.34,7317020
Bulgaria,2013,Europe,1.482,74.83,7264605
Bulgaria,2014,Europe,1.53,74.47,7223450
Bulgaria,2015,Europe,1.528,74.62,7177515
Bulgaria,2016,Europe,1.541,74.83,7127436
Bulgaria,2017,Europe,1.557,74.8,7075642
Bulgaria,2018,Europe,1.558,74.93,7024745
Bulgaria,2019,Europe,1.58,75.09,6975466
Bulgaria,2020,Europe,1.557,73.6,6933656
Bulgaria,2021,Europe,1.586,71.41,6877222
Bulgaria,2022,Europe,1.767,74.03,6825862
Bulgaria,2023,Europe,1.749,75.64,6795805
Bulgaria,2024,Europe,1.775,75.8,6757686
Bulgaria,2025,Europe,1.802,75.96,6714556
Bahrain,1950,Asia,7.29,38.6,117275
Bahrain,1951,Asia,7.287,39.27,120764
Bahrain,1952,Asia,7.294,39.93,124466
Bahrain,1953,Asia,7.293,40.71,128386
Bahrain,1954,Asia,7.286,41.65,132575
Bahrain,1955,Asia,7.275,42.77,137080
Bahrain,1956,Asia,7.266,44.13,141931
Bahrain,1957,Asia,7.263,45.65,147163
Bahrain,1958,Asia,7.295,47.28,152823
Bahrain,1959,Asia,7.287,48.95,158935
Bahrain,1960,Asia,7.262,50.63,165490
Bahrain,1961,Asia,7.231,52.28,172358
Bahrain,1962,Asia,7.185,53.89,179361
Bahrain,1963,Asia,7.137,55.45,186512
Bahrain,1964,Asia,7.091,56.95,193830
Bahrain,1965,Asia,7.027,58.38,200877
Bahrain,1966,Asia,6.944,59.74,207550
Bahrain,1967,Asia,6.843,61.04,214198
Bahrain,1968,Asia,6.708,62.25,219347
Bahrain,1969,Asia,6.57,63.35,222480
Bahrain,1970,Asia,6.428,64.36,224817
Bahrain,1971,Asia,6.284,65.28,230744
Bahrain,1972,Asia,6.139,66.09,242129
Bahrain,1973,Asia,5.965,66.92,255334
Bahrain,1974,Asia,5.787,67.63,269047
Bahrain,1975,Asia,5.618,68.28,283251
Bahrain,1976,Asia,5.454,68.86,297871
Bahrain,1977,Asia,5.287,69.38,312825
Bahrain,1978,Asia,5.12,69.85,328059
Bahrain,1979,Asia,4.937,70.3,343461
Bahrain,1980,Asia,4.762,70.68,358990
Bahrain,1981,Asia,4.602,71.04,373534
Bahrain,1982,Asia,4.505,71.35,386992
Bahrain,1983,Asia,4.406,71.64,400721
Bahrain,1984,Asia,4.303,71.88,415164
Bahrain,1985,Asia,4.281,72.09,430365
Bahrain,1986,Asia,4.254,72.26,446290
Bahrain,1987,Asia,4.133,72.38,462862
Bahrain,1988,Asia,4.04,72.46,479931
Bahrain,1989,Asia,3.956,72.52,497329
Bahrain,1990,Asia,3.817,72.59,514799
Bahrain,1991,Asia,3.625,72.67,531883
Bahrain,1992,Asia,3.548,72.78,547753
Bahrain,1993,Asia,3.461,72.94,562820
Bahrain,1994,Asia,3.291,73.13,577960
Bahrain,1995,Asia,3.128,73.36,593230
Bahrain,1996,Asia,2.986,73.61,608593
Bahrain,1997,Asia,2.924,73.87,624019
Bahrain,1998,Asia,2.889,74.14,639391
Bahrain,1999,Asia,2.899,74.41,654622
Bahrain,2000,Asia,2.798,74.67,669589
Bahrain,2001,Asia,2.653,74.94,699964
Bahrain,2002,Asia,2.699,75.21,752205
Bahrain,2003,Asia,2.778,75.49,811276
Bahrain,2004,Asia,2.774,75.79,871446
Bahrain,2005,Asia,2.67,76.12,932618
Bahrain,2006,Asia,2.464,76.51,994626
Bahrain,2007,Asia,2.282,76.95,1057419
Bahrain,2008,Asia,2.152,77.46,1120718
Bahrain,2009,Asia,2.047,78.02,1183616
Bahrain,2010,Asia,1.987,78.59,1213248
Bahrain,2011,Asia,2.025,79.14,1206733
Bahrain,2012,Asia,2.11,79.62,1216307
Bahrain,2013,Asia,2.166,80.0,1257206
Bahrain,2014,Asia,2.149,80.21,1312857
Bahrain,2015,Asia,2.113,80.34,1369656
Bahrain,2016,Asia,2.042,80.41,1429609
Bahrain,2017,Asia,1.984,80.41,1482003
Bahrain,2018,Asia,1.911,80.41,1497634
Bahrain,2019,Asia,1.843,80.47,1485675
Bahrain,2020,Asia,1.86,78.68,1483081
Bahrain,2021,Asia,1.852,78.08,1501762
Bahrain,2022,Asia,1.839,80.99,1533460
Bahrain,2023,Asia,1.824,81.28,1569674
Bahrain,2024,Asia,1.797,81.42,1607059
Bahrain,2025,Asia,1.77,81.58,1643338
Bosnia and Herzegovina,1992,Europe,1.758,51.97,4234620
Bosnia and Herzegovina,1993,Europe,1.729,50.89,3904484
Bosnia and Herzegovina,1994,Europe,1.698,66.6,3725412
Bosnia and Herzegovina,1995,Europe,1.669,70.19,3715565
Bosnia and Herzegovina,1996,Europe,1.652,73.45,3875246
Bosnia and Herzegovina,1997,Europe,1.686,73.89,4018228
Bosnia and Herzegovina,1998,Europe,1.561,74.47,4089357
Bosnia and Herzegovina,1999,Europe,1.366,74.95,4130312
Bosnia and Herzegovina,2000,Europe,1.282,75.29,4159785
Bosnia and Herzegovina,2001,Europe,1.23,75.57,4179446
Bosnia and Herzegovina,2002,Europe,1.231,75.99,4188006
Bosnia and Herzegovina,2003,Europe,1.219,76.45,4178523
Bosnia and Herzegovina,2004,Europe,1.221,76.49,4140990
Bosnia and Herzegovina,2005,Europe,1.203,76.42,4096493
Bosnia and Herzegovina,2006,Europe,1.18,76.03,4063269
Bosnia and Herzegovina,2007,Europe,1.19,76.16,4013420
Bosnia and Herzegovina,2008,Europe,1.21,76.3,3947545
Bosnia and Herzegovina,2009,Europe,1.267,76.7,3879798
Bosnia and Herzegovina,2010,Europe,1.26,76.83,3811480
Bosnia and Herzegovina,2011,Europe,1.209,76.96,3741799
Bosnia and Herzegovina,2012,Europe,1.252,77.04,3670109
Bosnia and Herzegovina,2013,Europe,1.278,77.13,3610857
Bosnia and Herzegovina,2014,Europe,1.262,77.09,3564831
Bosnia and Herzegovina,2015,Europe,1.322,77.07,3518541
Bosnia and Herzegovina,2016,Europe,1.36,77.12,3472997
Bosnia and Herzegovina,2017,Europe,1.419,77.39,3428684
Bosnia and Herzegovina,2018,Europe,1.504,77.94,3386999
Bosnia and Herzegovina,2019,Europe,1.509,77.39,3345532
Bosnia and Herzegovina,2020,Europe,1.515,76.04,3299352
Bosnia and Herzegovina,2021,Europe,1.49,74.57,3244912
Bosnia and Herzegovina,2022,Europe,1.481,76.78,3204802
Bosnia and Herzegovina,2023,Europe,1.486,77.85,3185072
Bosnia and Herzegovina,2024,Europe,1.508,78.04,3164256
Bosnia and Herzegovina,2025,Europe,1.531,78.24,3140098
Belarus,1992,Europe,1.704,70.12,10217561
Belarus,1993,Europe,1.577,69.52,10241320
Belarus,1994,Europe,1.486,68.97,10230193
Belarus,1995,Europe,1.369,68.75,10197466
Belarus,1996,Europe,1.307,68.57,10164025
Belarus,1997,Europe,1.223,68.5,10122365
Belarus,1998,Europe,1.268,68.27,10080579
Belarus,1999,Europe,1.263,68.42,10039221
Belarus,2000,Europe,1.272,68.46,9991310
Belarus,2001,Europe,1.241,68.44,9938068
Belarus,2002,Europe,1.202,68.3,9873451
Belarus,2003,Europe,1.192,68.43,9803175
Belarus,2004,Europe,1.196,68.69,9735089
Belarus,2005,Europe,1.221,68.98,9667833
Belarus,2006,Europe,1.305,69.44,9608041
Belarus,2007,Europe,1.394,69.99,9563135
Belarus,2008,Europe,1.449,70.35,9529357
Belarus,2009,Europe,1.481,70.41,9507334
Belarus,2010,Europe,1.478,70.5,9490752
Belarus,2011,Europe,1.524,71.07,9472738
Belarus,2012,Europe,1.623,71.8,9463075
Belarus,2013,Europe,1.673,72.68,9464454
Belarus,2014,Europe,1.702,73.25,9472704
Belarus,2015,Europe,1.728,73.76,9487289
Belarus,2016,Europe,1.727,74.15,9499066
Belarus,2017,Europe,1.55,74.36,9495793
Belarus,2018,Europe,1.457,74.33,9480031
Belarus,2019,Europe,1.389,74.25,9435415
Belarus,2020,Europe,1.369,72.27,9350943
Belarus,2021,Europe,1.371,72.22,9251368
Belarus,2022,Europe,1.326,74.36,9173240
Belarus,2023,Europe,1.208,74.43,9115679
Belarus,2024,Europe,1.19,74.62,9056696
Belarus,2025,Europe,1.172,74.79,8997601
Bolivia,1950,Americas,6.191,40.7,3089975
Bolivia,1951,Americas,6.191,40.93,3137299
Bolivia,1952,Americas,6.183,41.04,3187538
Bolivia,1953,Americas,6.202,41.42,3240967
Bolivia,1954,Americas,6.214,41.69,3297841
Bolivia,1955,Americas,6.241,41.93,3358005
Bolivia,1956,Americas,6.246,42.2,3421344
Bolivia,1957,Americas,6.264,42.43,3487565
Bolivia,1958,Americas,6.271,42.72,3556554
Bolivia,1959,Americas,6.276,43.01,3628189
Bolivia,1960,Americas,6.273,43.34,3702323
Bolivia,1961,Americas,6.257,43.63,3778735
Bolivia,1962,Americas,6.246,44.0,3857495
Bolivia,1963,Americas,6.232,44.34,3938914
Bolivia,1964,Americas,6.21,44.67,4023009
Bolivia,1965,Americas,6.182,45.09,4109800
Bolivia,1966,Americas,6.158,45.48,4199555
Bolivia,1967,Americas,6.133,45.9,4292574
Bolivia,1968,Americas,6.101,46.34,4388946
Bolivia,1969,Americas,6.058,46.7,4488231
Bolivia,1970,Americas,6.004,47.1,4590008
Bolivia,1971,Americas,5.947,47.48,4694351
Bolivia,1972,Americas,5.885,47.83,4800985
Bolivia,1973,Americas,5.847,48.28,4910200
Bolivia,1974,Americas,5.796,48.75,5022480
Bolivia,1975,Americas,5.748,49.34,5137540
Bolivia,1976,Americas,5.739,49.97,5256497
Bolivia,1977,Americas,5.673,50.39,5379169
Bolivia,1978,Americas,5.61,50.84,5504131
Bolivia,1979,Americas,5.542,51.35,5630853
Bolivia,1980,Americas,5.474,51.83,5758905
Bolivia,1981,Americas,5.408,52.26,5888114
Bolivia,1982,Americas,5.346,52.51,6018091
Bolivia,1983,Americas,5.289,52.86,6149066
Bolivia,1984,Americas,5.242,53.38,6281868
Bolivia,1985,Americas,5.153,53.78,6416193
Bolivia,1986,Americas,5.115,54.25,6552481
Bolivia,1987,Americas,5.063,54.9,6692168
Bolivia,1988,Americas,5.025,55.51,6835507
Bolivia,1989,Americas,4.965,56.15,6981771
Bolivia,1990,Americas,4.9,56.8,7130143
Bolivia,1991,Americas,4.846,57.44,7280294
Bolivia,1992,Americas,4.713,57.92,7430337
Bolivia,1993,Americas,4.592,58.66,7579196
Bolivia,1994,Americas,4.494,59.28,7727320
Bolivia,1995,Americas,4.409,59.79,7874676
Bolivia,1996,Americas,4.336,60.29,8021742
Bolivia,1997,Americas,4.219,60.74,8167911
Bolivia,1998,Americas,4.149,61.23,8313400
Bolivia,1999,Americas,4.09,61.66,8459810
Bolivia,2000,Americas,3.991,62.06,8606330
Bolivia,2001,Americas,3.89,62.54,8752740
Bolivia,2002,Americas,3.802,63.07,8900358
Bolivia,2003,Americas,3.721,63.45,9050703
Bolivia,2004,Americas,3.633,63.82,9204297
Bolivia,2005,Americas,3.558,64.18,9360758
Bolivia,2006,Americas,3.533,64.53,9521685
Bolivia,2007,Americas,3.447,64.94,9685960
Bolivia,2008,Americas,3.364,65.3,9850859
Bolivia,2009,Americas,3.287,65.66,10016279
Bolivia,2010,Americas,3.213,66.0,10182345
Bolivia,2011,Americas,3.143,66.28,10348931
Bolivia,2012,Americas,3.076,66.59,10515814
Bolivia,2013,Americas,3.01,66.78,10682612
Bolivia,2014,Americas,2.947,66.97,10848889
Bolivia,2015,Americas,2.886,67.2,11014707
Bolivia,2016,Americas,2.829,67.39,11180020
Bolivia,2017,Americas,2.777,67.54,11344591
Bolivia,2018,Americas,2.73,67.7,11508370
Bolivia,2019,Americas,2.688,67.82,11671386
Bolivia,2020,Americas,2.651,62.91,11816301
Bolivia,2021,Americas,2.618,61.43,11937369
Bolivia,2022,Americas,2.584,67.43,12077156
Bolivia,2023,Americas,2.547,68.58,12244161
Bolivia,2024,Americas,2.509,68.74,12413318
Bolivia,2025,Americas,2.471,68.91,12581847
Brazil,1950,Americas,6.122,48.53,53408551
Brazil,1951,Americas,6.115,49.05,55018849
Brazil,1952,Americas,6.102,49.55,56694872
Brazil,1953,Americas,6.093,49.99,58433756
Brazil,1954,Americas,6.087,50.43,60235125
Brazil,1955,Americas,6.084,50.89,62101393
Brazil,1956,Americas,6.083,51.34,64033997
Brazil,1957,Americas,6.084,51.81,66031498
Brazil,1958,Americas,6.083,52.25,68092148
Brazil,1959,Americas,6.077,52.7,70214470
Brazil,1960,Americas,6.051,53.16,72388124
Brazil,1961,Americas,6.022,53.59,74605442
Brazil,1962,Americas,5.984,54.02,76865322
Brazil,1963,Americas,5.93,54.45,79164237
Brazil,1964,Americas,5.818,54.85,81488598
Brazil,1965,Americas,5.677,55.24,83817586
Brazil,1966,Americas,5.516,55.62,86139356
Brazil,1967,Americas,5.336,56.02,88446119
Brazil,1968,Americas,5.165,56.47,90741243
Brazil,1969,Americas,5.041,56.9,93045768
Brazil,1970,Americas,4.934,57.34,95375656
Brazil,1971,Americas,4.838,57.79,97739280
Brazil,1972,Americas,4.735,58.26,100146794
Brazil,1973,Americas,4.638,58.68,102600970
Brazil,1974,Americas,4.502,59.08,105089675
Brazil,1975,Americas,4.415,59.56,107619567
Brazil,1976,Americas,4.339,60.01,110213353
Brazil,1977,Americas,4.267,60.46,112875287
Brazil,1978,Americas,4.195,60.92,115600943
Brazil,1979,Americas,4.12,61.37,118380819
Brazil,1980,Americas,4.037,61.82,121207451
Brazil,1981,Americas,3.943,62.27,124063113
Brazil,1982,Americas,3.838,62.71,126923156
Brazil,1983,Americas,3.723,63.13,129790081
Brazil,1984,Americas,3.6,63.55,132658861
Brazil,1985,Americas,3.48,63.98,135515593
Brazil,1986,Americas,3.361,64.39,138336371
Brazil,1987,Americas,3.232,64.78,141104946
Brazil,1988,Americas,3.112,65.16,143826357
Brazil,1989,Americas,3.007,65.51,146502975
Brazil,1990,Americas,2.896,65.86,149143223
Brazil,1991,Americas,2.805,66.2,151724253
Brazil,1992,Americas,2.71,66.54,154275077
Brazil,1993,Americas,2.66,66.89,156794574
Brazil,1994,Americas,2.603,67.29,159265011
Brazil,1995,Americas,2.567,67.7,161735079
Brazil,1996,Americas,2.511,68.11,164202549
Brazil,1997,Americas,2.468,68.5,166661662
Brazil,1998,Americas,2.418,68.85,169159651
Brazil,1999,Americas,2.335,69.21,171641544
Brazil,2000,Americas,2.247,69.58,174018278
Brazil,2001,Americas,2.162,69.98,176301201
Brazil,2002,Americas,2.081,70.4,178503485
Brazil,2003,Americas,2.006,70.88,180622688
Brazil,2004,Americas,1.973,71.36,182675144
Brazil,2005,Americas,1.942,71.83,184688101
Brazil,2006,Americas,1.896,72.3,186653099
Brazil,2007,Americas,1.854,72.73,188552311
Brazil,2008,Americas,1.815,73.11,190367297
Brazil,2009,Americas,1.799,73.46,192079958
Brazil,2010,Americas,1.786,73.78,193701931
Brazil,2011,Americas,1.777,74.05,195284736
Brazil,2012,Americas,1.766,74.33,196876113
Brazil,2013,Americas,1.761,74.61,198478290
Brazil,2014,Americas,1.775,74.82,200085126
Brazil,2015,Americas,1.777,75.11,201675534
Brazil,2016,Americas,1.727,75.08,203218108
Brazil,2017,Americas,1.74,75.38,204703440
Brazil,2018,Americas,1.744,75.63,206107265
Brazil,2019,Americas,1.705,75.81,207455459
Brazil,2020,Americas,1.653,74.51,208660845
Brazil,2021,Americas,1.638,73.04,209550291
Brazil,2022,Americas,1.629,74.87,210306411
Brazil,2023,Americas,1.619,75.85,211140731
Brazil,2024,Americas,1.603,76.02,211998565
Brazil,2025,Americas,1.586,76.2,212812397
Barbados,1950,Americas,4.473,53.59,209928
Barbados,1951,Americas,4.521,54.71,213410
Barbados,1952,Americas,4.547,55.93,216517
Barbados,1953,Americas,4.529,56.97,219244
Barbados,1954,Americas,4.456,58.32,221568
Barbados,1955,Americas,4.44,59.0,223296
Barbados,1956,Americas,4.18,60.54,224519
Barbados,1957,Americas,4.333,61.66,225803
Barbados,1958,Americas,4.25,62.45,227266
Barbados,1959,Americas,4.276,63.31,228789
Barbados,1960,Americas,4.706,64.15,230901
Barbados,1961,Americas,4.153,65.03,233155
Barbados,1962,Americas,4.3,65.72,235236
Barbados,1963,Americas,4.304,66.2,237566
Barbados,1964,Americas,4.214,66.68,239969
Barbados,1965,Americas,4.176,67.24,242421
Barbados,1966,Americas,4.144,67.71,245010
Barbados,1967,Americas,3.599,67.92,247099
Barbados,1968,Americas,3.574,68.2,248554
Barbados,1969,Americas,3.342,68.5,249447
Barbados,1970,Americas,3.079,68.52,249398
Barbados,1971,Americas,3.199,68.79,249177
Barbados,1972,Americas,3.153,69.13,249666
Barbados,1973,Americas,2.865,69.11,250330
Barbados,1974,Americas,2.652,69.38,250786
Barbados,1975,Americas,2.447,69.79,251188
Barbados,1976,Americas,2.241,70.11,251454
Barbados,1977,Americas,2.201,70.64,251630
Barbados,1978,Americas,1.839,71.14,251566
Barbados,1979,Americas,1.862,71.55,251277
Barbados,1980,Americas,1.777,72.13,251533
Barbados,1981,Americas,1.846,72.63,252274
Barbados,1982,Americas,1.859,72.9,253098
Barbados,1983,Americas,1.856,73.16,253993
Barbados,1984,Americas,1.752,73.3,254930
Barbados,1985,Americas,1.769,73.32,255831
Barbados,1986,Americas,1.694,73.42,256628
Barbados,1987,Americas,1.611,73.46,257288
Barbados,1988,Americas,1.58,73.43,257768
Barbados,1989,Americas,1.638,73.38,258113
Barbados,1990,Americas,1.842,73.46,258583
Barbados,1991,Americas,1.838,73.54,259382
Barbados,1992,Americas,1.804,73.61,260272
Barbados,1993,Americas,1.769,73.74,261036
Barbados,1994,Americas,1.733,73.75,261625
Barbados,1995,Americas,1.704,73.88,262046
Barbados,1996,Americas,1.673,74.06,262290
Barbados,1997,Americas,1.645,73.99,262405
Barbados,1998,Americas,1.62,74.47,262434
Barbados,1999,Americas,1.779,74.59,262521
Barbados,2000,Americas,1.933,74.58,262071
Barbados,2001,Americas,1.955,74.71,262429
Barbados,2002,Americas,1.862,74.82,264155
Barbados,2003,Americas,1.856,74.86,265789
Barbados,2004,Americas,1.797,75.15,267297
Barbados,2005,Americas,1.738,74.96,268717
Barbados,2006,Americas,1.702,75.05,270011
Barbados,2007,Americas,1.755,75.26,271298
Barbados,2008,Americas,1.756,75.3,272719
Barbados,2009,Americas,1.77,75.46,274137
Barbados,2010,Americas,1.785,75.49,275251
Barbados,2011,Americas,1.758,75.6,276150
Barbados,2012,Americas,1.731,75.74,276949
Barbados,2013,Americas,1.729,75.82,277669
Barbados,2014,Americas,1.727,75.93,278355
Barbados,2015,Americas,1.726,76.06,278999
Barbados,2016,Americas,1.724,76.17,279604
Barbados,2017,Americas,1.724,76.24,280177
Barbados,2018,Americas,1.72,76.38,280719
Barbados,2019,Americas,1.715,76.5,281216
Barbados,2020,Americas,1.708,76.65,281706
Barbados,2021,Americas,1.709,76.58,282157
Barbados,2022,Americas,1.712,75.68,282324
Barbados,2023,Americas,1.708,76.18,282347
Barbados,2024,Americas,1.706,76.33,282476
Barbados,2025,Americas,1.704,76.49,282628
Botswana,1950,Africa,6.429,46.17,413708
Botswana,1951,Africa,6.436,46.59,423568
Botswana,1952,Africa,6.439,47.04,433719
Botswana,1953,Africa,6.473,47.5,443979
Botswana,1954,Africa,6.507,47.97,454051
Botswana,1955,Africa,6.546,48.47,463935
Botswana,1956,Africa,6.585,48.99,473785
Botswana,1957,Africa,6.62,49.53,483798
Botswana,1958,Africa,6.624,50.09,494112
Botswana,1959,Africa,6.621,50.67,504883
Botswana,1960,Africa,6.595,51.22,516174
Botswana,1961,Africa,6.564,51.78,527952
Botswana,1962,Africa,6.536,52.31,540189
Botswana,1963,Africa,6.578,52.85,552977
Botswana,1964,Africa,6.613,53.36,566282
Botswana,1965,Africa,6.604,53.85,574670
Botswana,1966,Africa,6.606,54.36,577876
Botswana,1967,Africa,6.598,54.86,580938
Botswana,1968,Africa,6.582,55.37,583974
Botswana,1969,Africa,6.559,55.9,587078
Botswana,1970,Africa,6.55,56.45,590338
Botswana,1971,Africa,6.544,57.06,600488
Botswana,1972,Africa,6.563,57.67,622416
Botswana,1973,Africa,6.587,58.29,652420
Botswana,1974,Africa,6.614,58.91,685455
Botswana,1975,Africa,6.613,59.53,720389
Botswana,1976,Africa,6.599,60.21,758514
Botswana,1977,Africa,6.543,60.87,799587
Botswana,1978,Africa,6.479,61.48,849246
Botswana,1979,Africa,6.395,62.03,901754
Botswana,1980,Africa,6.292,62.53,937493
Botswana,1981,Africa,6.163,63.03,970003
Botswana,1982,Africa,5.97,63.38,1009273
Botswana,1983,Africa,5.785,63.6,1046148
Botswana,1984,Africa,5.625,63.71,1083665
Botswana,1985,Africa,5.482,63.65,1121954
Botswana,1986,Africa,5.332,63.36,1160655
Botswana,1987,Africa,5.104,62.84,1199180
Botswana,1988,Africa,4.878,61.7,1235488
Botswana,1989,Africa,4.666,61.19,1270279
Botswana,1990,Africa,4.509,60.1,1305699
Botswana,1991,Africa,4.365,58.91,1341767
Botswana,1992,Africa,4.255,58.19,1380038
Botswana,1993,Africa,4.152,57.32,1420120
Botswana,1994,Africa,4.021,55.97,1460030
Botswana,1995,Africa,3.792,54.71,1498842
Botswana,1996,Africa,3.573,54.28,1535917
Botswana,1997,Africa,3.431,53.59,1571700
Botswana,1998,Africa,3.362,52.97,1606906
Botswana,1999,Africa,3.313,52.5,1642006
Botswana,2000,Africa,3.294,52.26,1677384
Botswana,2001,Africa,3.248,52.21,1712264
Botswana,2002,Africa,3.175,52.37,1744765
Botswana,2003,Africa,3.106,52.85,1775744
Botswana,2004,Africa,3.063,53.57,1807153
Botswana,2005,Africa,3.082,54.39,1839881
Botswana,2006,Africa,3.114,55.11,1874526
Botswana,2007,Africa,3.127,56.73,1911200
Botswana,2008,Africa,3.131,57.66,1949973
Botswana,2009,Africa,3.133,58.3,1990671
Botswana,2010,Africa,3.135,59.14,2033110
Botswana,2011,Africa,3.103,59.72,2073538
Botswana,2012,Africa,3.07,60.38,2108617
Botswana,2013,Africa,3.045,61.22,2140687
Botswana,2014,Africa,3.027,62.17,2172053
Botswana,2015,Africa,3.008,63.22,2203276
Botswana,2016,Africa,2.99,64.32,2234784
Botswana,2017,Africa,2.969,65.42,2266749
Botswana,2018,Africa,2.941,66.37,2299149
Botswana,2019,Africa,2.906,67.17,2332082
Botswana,2020,Africa,2.861,67.64,2365895
Botswana,2021,Africa,2.827,63.3,2401448
Botswana,2022,Africa,2.785,68.75,2439895
Botswana,2023,Africa,2.732,69.16,2480242
Botswana,2024,Africa,2.701,69.29,2521145
Botswana,2025,Africa,2.67,69.43,2562125
Central African Republic,1950,Africa,5.93,35.45,1438062
Central African Republic,1951,Africa,5.928,35.84,1461255
Central African Republic,1952,Africa,5.928,36.25,1484828
Central African Republic,1953,Africa,5.919,36.64,1508951
Central African Republic,1954,Africa,5.92,37.04,1533762
Central African Republic,1955,Africa,5.915,37.44,1559371
Central African Republic,1956,Africa,5.926,37.84,1585850
Central African Republic,1957,Africa,5.927,38.25,1613283
Central African Republic,1958,Africa,5.929,38.67,1641677
Central African Republic,1959,Africa,5.939,39.1,1671336
Central African Republic,1960,Africa,5.948,39.57,1702346
Central African Republic,1961,Africa,5.958,40.06,1734583
Central African Republic,1962,Africa,5.97,40.56,1768124
Central African Republic,1963,Africa,5.985,41.09,1803067
Central African Republic,1964,Africa,6.005,41.64,1839582
Central African Republic,1965,Africa,6.028,42.21,1877856
Central African Republic,1966,Africa,6.057,42.79,1918087
Central African Republic,1967,Africa,6.076,43.38,1960450
Central African Republic,1968,Africa,6.101,43.98,2005104
Central African Republic,1969,Africa,6.063,44.58,2051517
Central African Republic,1970,Africa,6.027,45.18,2097513
Central African Republic,1971,Africa,5.993,45.76,2141455
Central African Republic,1972,Africa,5.959,46.33,2183773
Central African Republic,1973,Africa,5.925,46.88,2226007
Central African Republic,1974,Africa,5.899,47.41,2269345
Central African Republic,1975,Africa,5.877,47.89,2313925
Central African Republic,1976,Africa,5.936,48.35,2348567
Central African Republic,1977,Africa,5.986,48.78,2372932
Central African Republic,1978,Africa,6.039,49.16,2397963
Central African Republic,1979,Africa,6.09,49.5,2423800
Central African Republic,1980,Africa,6.13,49.79,2450537
Central African Republic,1981,Africa,6.167,50.03,2478413
Central African Republic,1982,Africa,6.16,50.21,2507374
Central African Republic,1983,Africa,6.151,50.34,2537407
Central African Republic,1984,Africa,6.138,50.43,2568610
Central African Republic,1985,Africa,6.119,50.46,2600939
Central African Republic,1986,Africa,6.106,50.45,2634262
Central African Republic,1987,Africa,6.12,50.37,2669154
Central African Republic,1988,Africa,6.098,50.24,2713967
Central African Republic,1989,Africa,6.073,50.07,2783977
Central African Republic,1990,Africa,6.049,49.85,2871915
Central African Republic,1991,Africa,6.03,49.58,2963195
Central African Republic,1992,Africa,5.964,49.21,3058837
Central African Republic,1993,Africa,5.926,48.9,3157842
Central African Republic,1994,Africa,5.919,48.51,3257956
Central African Republic,1995,Africa,5.943,48.11,3348062
Central African Republic,1996,Africa,5.963,47.7,3435973
Central African Republic,1997,Africa,5.924,47.28,3531700
Central African Republic,1998,Africa,5.889,47.09,3628833
Central African Republic,1999,Africa,5.875,46.91,3729452
Central African Republic,2000,Africa,5.851,46.61,3833421
Central African Republic,2001,Africa,5.807,46.73,3919498
Central African Republic,2002,Africa,5.785,46.84,4006079
Central African Republic,2003,Africa,5.799,47.31,4103092
Central African Republic,2004,Africa,5.784,47.7,4192828
Central African Republic,2005,Africa,5.812,48.21,4288814
Central African Republic,2006,Africa,5.84,48.69,4377582
Central African Republic,2007,Africa,5.867,49.33,4462777
Central African Republic,2008,Africa,5.902,49.87,4558989
Central African Republic,2009,Africa,5.936,14.66,4529051
Central African Republic,2010,Africa,5.963,46.87,4493003
Central African Republic,2011,Africa,6.009,50.11,4565023
Central African Republic,2012,Africa,6.047,51.34,4610848
Central African Republic,2013,Africa,6.075,49.49,4642423
Central African Republic,2014,Africa,6.099,40.27,4623187
Central African Republic,2015,Africa,6.126,51.93,4629322
Central African Republic,2016,Africa,6.126,51.0,4713663
Central African Republic,2017,Africa,6.127,45.23,4793512
Central African Republic,2018,Africa,6.108,52.3,4878663
Central African Republic,2019,Africa,6.09,31.53,4944708
Central African Republic,2020,Africa,6.059,50.6,5026629
Central African Republic,2021,Africa,6.052,40.28,5112103
Central African Republic,2022,Africa,6.023,18.82,5098038
Central African Republic,2023,Africa,6.012,57.41,5152415
Central African Republic,2024,Africa,6.002,57.67,5330691
Central African Republic,2025,Africa,5.993,57.9,5513286
Canada,1950,Americas,3.374,68.22,13741740
Canada,1951,Americas,3.421,68.51,14083298
Canada,1952,Americas,3.559,68.68,14482799
Canada,1953,Americas,3.637,69.07,14897877
Canada,1954,Americas,3.743,69.94,15318987
Canada,1955,Americas,3.746,70.0,15728281
Canada,1956,Americas,3.771,69.97,16159621
Canada,1957,Americas,3.848,69.92,16641329
Canada,1958,Americas,3.814,70.57,17104091
Canada,1959,Americas,3.855,70.61,17515522
Canada,1960,Americas,3.82,70.97,17898793
Canada,1961,Americas,3.761,71.22,18263078
Canada,1962,Americas,3.678,71.24,18613597
Canada,1963,Americas,3.588,71.27,18964258
Canada,1964,Americas,3.424,71.64,19321670
Canada,1965,Americas,3.075,71.75,19685517
Canada,1966,Americas,2.752,71.87,20053667
Canada,1967,Americas,2.541,72.08,20408776
Canada,1968,Americas,2.408,72.24,20734173
Canada,1969,Americas,2.356,72.4,21037620
Canada,1970,Americas,2.267,72.61,21440022
Canada,1971,Americas,2.101,72.95,21895694
Canada,1972,Americas,1.937,72.83,22230876
Canada,1973,Americas,1.849,73.07,22512229
Canada,1974,Americas,1.806,73.14,22824085
Canada,1975,Americas,1.799,73.45,23148981
Canada,1976,Americas,1.754,73.87,23455783
Canada,1977,Americas,1.725,74.15,23730341
Canada,1978,Americas,1.68,74.48,23978742
Canada,1979,Americas,1.673,74.84,24237173
Canada,1980,Americas,1.658,75.06,24533779
Canada,1981,Americas,1.632,75.48,24844977
Canada,1982,Americas,1.619,75.69,25140164
Canada,1983,Americas,1.607,76.07,25412605
Canada,1984,Americas,1.609,76.36,25670376
Canada,1985,Americas,1.594,76.35,25927463
Canada,1986,Americas,1.576,76.49,26211036
Canada,1987,Americas,1.563,76.8,26540913
Canada,1988,Americas,1.587,76.86,26927938
Canada,1989,Americas,1.643,77.12,27366046
Canada,1990,Americas,1.696,77.43,27789437
Canada,1991,Americas,1.723,77.59,28157154
Canada,1992,Americas,1.719,77.85,28500066
Canada,1993,Americas,1.693,77.72,28830635
Canada,1994,Americas,1.693,77.9,29147383
Canada,1995,Americas,1.674,78.02,29459138
Canada,1996,Americas,1.63,78.27,29767210
Canada,1997,Americas,1.569,78.47,30059088
Canada,1998,Americas,1.553,78.67,30329971
Canada,1999,Americas,1.541,78.89,30599458
Canada,2000,Americas,1.51,79.23,30891800
Canada,2001,Americas,1.531,79.45,31213578
Canada,2002,Americas,1.513,79.57,31535579
Canada,2003,Americas,1.535,79.74,31836483
Canada,2004,Americas,1.545,80.03,32132680
Canada,2005,Americas,1.566,80.13,32440172
Canada,2006,Americas,1.612,80.54,32759174
Canada,2007,Americas,1.656,80.54,33092171
Canada,2008,Americas,1.684,80.73,33449088
Canada,2009,Americas,1.675,81.06,33826370
Canada,2010,Americas,1.642,81.34,34196900
Canada,2011,Americas,1.627,81.51,34555449
Canada,2012,Americas,1.627,81.7,34922513
Canada,2013,Americas,1.612,81.78,35293421
Canada,2014,Americas,1.614,81.84,35634265
Canada,2015,Americas,1.601,81.91,35962236
Canada,2016,Americas,1.59,82.03,36353345
Canada,2017,Americas,1.548,81.92,36808498
Canada,2018,Americas,1.51,81.92,37294996
Canada,2019,Americas,1.476,82.28,37782934
Canada,2020,Americas,1.413,81.65,38171903
Canada,2021,Americas,1.43,81.98,38454058
Canada,2022,Americas,1.366,81.25,38821259
Canada,2023,Americas,1.349,82.63,39299098
Canada,2024,Americas,1.329,82.72,39742429
Canada,2025,Americas,1.309,82.88,40126728
Switzerland,1950,Europe,2.399,68.91,4692642
Switzerland,1951,Europe,2.309,68.69,4748090
Switzerland,1952,Europe,2.324,69.59,4811615
Switzerland,1953,Europe,2.292,69.52,4875654
Switzerland,1954,Europe,2.287,69.98,4938749
Switzerland,1955,Europe,2.309,70.07,5002118
Switzerland,1956,Europe,2.358,70.2,5065624
Switzerland,1957,Europe,2.411,70.54,5130171
Switzerland,1958,Europe,2.406,71.29,5196450
Switzerland,1959,Europe,2.423,71.45,5262809
Switzerland,1960,Europe,2.441,71.41,5327777
Switzerland,1961,Europe,2.517,71.74,5434125
Switzerland,1962,Europe,2.58,71.3,5573701
Switzerland,1963,Europe,2.646,71.29,5694163
Switzerland,1964,Europe,2.653,72.18,5789153
Switzerland,1965,Europe,2.587,72.32,5856414
Switzerland,1966,Europe,2.5,72.45,5917969
Switzerland,1967,Europe,2.394,72.74,5991733
Switzerland,1968,Europe,2.289,72.7,6067657
Switzerland,1969,Europe,2.191,72.72,6136353
Switzerland,1970,Europe,2.103,73.12,6180922
Switzerland,1971,Europe,2.035,73.24,6213536
Switzerland,1972,Europe,1.913,73.76,6261086
Switzerland,1973,Europe,1.81,74.06,6307408
Switzerland,1974,Europe,1.729,74.4,6341381
Switzerland,1975,Europe,1.614,74.79,6338600
Switzerland,1976,Europe,1.546,74.91,6302556
Switzerland,1977,Europe,1.528,75.37,6281365
Switzerland,1978,Europe,1.506,75.31,6282045
Switzerland,1979,Europe,1.519,75.61,6294719
Switzerland,1980,Europe,1.547,75.59,6319848
Switzerland,1981,Europe,1.543,75.82,6354561
Switzerland,1982,Europe,1.549,76.16,6391805
Switzerland,1983,Europe,1.518,76.16,6419309
Switzerland,1984,Europe,1.523,76.76,6442419
Switzerland,1985,Europe,1.513,76.88,6470959
Switzerland,1986,Europe,1.526,77.04,6504748
Switzerland,1987,Europe,1.516,77.33,6545771
Switzerland,1988,Europe,1.562,77.36,6594145
Switzerland,1989,Europe,1.563,77.56,6647787
Switzerland,1990,Europe,1.578,77.39,6713168
Switzerland,1991,Europe,1.582,77.65,6796942
Switzerland,1992,Europe,1.572,77.94,6875049
Switzerland,1993,Europe,1.51,78.23,6938106
Switzerland,1994,Europe,1.488,78.5,6993594
Switzerland,1995,Europe,1.478,78.56,7040481
Switzerland,1996,Europe,1.497,79.05,7071885
Switzerland,1997,Europe,1.477,79.23,7089161
Switzerland,1998,Europe,1.469,79.47,7110294
Switzerland,1999,Europe,1.48,79.72,7144119
Switzerland,2000,Europe,1.486,79.83,7184003
Switzerland,2001,Europe,1.388,80.25,7226391
Switzerland,2002,Europe,1.383,80.44,7278744
Switzerland,2003,Europe,1.382,80.53,7333451
Switzerland,2004,Europe,1.409,81.06,7384196
Switzerland,2005,Europe,1.416,81.24,7431824
Switzerland,2006,Europe,1.432,81.55,7478514
Switzerland,2007,Europe,1.452,81.7,7545386
Switzerland,2008,Europe,1.478,81.97,7641730
Switzerland,2009,Europe,1.492,81.99,7737644
Switzerland,2010,Europe,1.517,82.29,7825750
Switzerland,2011,Europe,1.513,82.57,7914379
Switzerland,2012,Europe,1.52,82.62,7998927
Switzerland,2013,Europe,1.514,82.69,8091199
Switzerland,2014,Europe,1.534,83.08,8190238
Switzerland,2015,Europe,1.537,82.85,8283940
Switzerland,2016,Europe,1.54,83.45,8374903
Switzerland,2017,Europe,1.519,83.41,8453630
Switzerland,2018,Europe,1.513,83.56,8516341
Switzerland,2019,Europe,1.478,83.78,8577525
Switzerland,2020,Europe,1.466,83.06,8640582
Switzerland,2021,Europe,1.526,83.65,8707019
Switzerland,2022,Europe,1.395,83.2,8792180
Switzerland,2023,Europe,1.433,83.95,8870564
Switzerland,2024,Europe,1.422,84.09,8921979
Switzerland,2025,Europe,1.411,84.23,8967413
Chile,1950,Americas,4.836,53.15,6628577
Chile,1951,Americas,4.803,53.54,6756666
Chile,1952,Americas,4.78,53.93,6891992
Chile,1953,Americas,4.786,54.31,7033534
Chile,1954,Americas,4.77,54.71,7180570
Chile,1955,Americas,4.777,54.93,7332311
Chile,1956,Americas,4.795,55.48,7489537
Chile,1957,Americas,4.774,55.77,7651307
Chile,1958,Americas,4.753,56.29,7815995
Chile,1959,Americas,4.728,56.64,7983432
Chile,1960,Americas,4.697,57.22,8153356
Chile,1961,Americas,4.655,57.31,8324802
Chile,1962,Americas,4.602,57.81,8497068
Chile,1963,Americas,4.536,58.35,8670148
Chile,1964,Americas,4.457,58.81,8842536
Chile,1965,Americas,4.364,59.47,9012944
Chile,1966,Americas,4.259,60.37,9181729
Chile,1967,Americas,4.144,61.05,9348941
Chile,1968,Americas,4.025,61.68,9514712
Chile,1969,Americas,3.902,62.34,9680281
Chile,1970,Americas,3.778,62.63,9845347
Chile,1971,Americas,3.654,63.07,10009698
Chile,1972,Americas,3.53,63.72,10174678
Chile,1973,Americas,3.409,64.42,10340367
Chile,1974,Americas,3.293,65.08,10505817
Chile,1975,Americas,3.182,66.04,10671567
Chile,1976,Americas,3.078,66.82,10838255
Chile,1977,Americas,2.981,67.53,11005518
Chile,1978,Americas,2.892,68.04,11172698
Chile,1979,Americas,2.812,68.86,11339778
Chile,1980,Americas,2.744,69.47,11508553
Chile,1981,Americas,2.689,69.82,11678714
Chile,1982,Americas,2.648,70.29,11850214
Chile,1983,Americas,2.619,70.83,12026139
Chile,1984,Americas,2.601,71.22,12207731
Chile,1985,Americas,2.592,71.61,12395277
Chile,1986,Americas,2.589,72.06,12588923
Chile,1987,Americas,2.59,72.47,12790156
Chile,1988,Americas,2.591,72.79,12999426
Chile,1989,Americas,2.589,73.19,13215015
Chile,1990,Americas,2.579,73.67,13437181
Chile,1991,Americas,2.558,74.08,13662482
Chile,1992,Americas,2.478,74.37,13884579
Chile,1993,Americas,2.43,74.68,14102276
Chile,1994,Americas,2.377,74.97,14316263
Chile,1995,Americas,2.353,75.3,14527382
Chile,1996,Americas,2.284,75.56,14734049
Chile,1997,Americas,2.202,75.83,14932436
Chile,1998,Americas,2.149,76.32,15127799
Chile,1999,Americas,2.074,76.74,15319311
Chile,2000,Americas,2.046,77.13,15503638
Chile,2001,Americas,2.007,77.58,15683852
Chile,2002,Americas,1.934,77.84,15857926
Chile,2003,Americas,1.885,77.88,16024755
Chile,2004,Americas,1.844,78.28,16187324
Chile,2005,Americas,1.825,78.46,16348780
Chile,2006,Americas,1.798,78.53,16509195
Chile,2007,Americas,1.826,78.65,16671571
Chile,2008,Americas,1.85,78.75,16838987
Chile,2009,Americas,1.855,78.89,17009730
Chile,2010,Americas,1.844,79.09,17181463
Chile,2011,Americas,1.823,79.24,17351810
Chile,2012,Americas,1.798,79.22,17519116
Chile,2013,Americas,1.786,79.55,17687006
Chile,2014,Americas,1.774,79.71,17864192
Chile,2015,Americas,1.737,80.01,18047630
Chile,2016,Americas,1.686,80.3,18267225
Chile,2017,Americas,1.563,80.61,18558868
Chile,2018,Americas,1.543,80.56,18893185
Chile,2019,Americas,1.43,80.32,19197748
Chile,2020,Americas,1.307,79.35,19370621
Chile,2021,Americas,1.176,78.88,19456323
Chile,2022,Americas,1.255,79.18,19553033
Chile,2023,Americas,1.167,81.17,19658833
Chile,2024,Americas,1.149,81.36,19764774
Chile,2025,Americas,1.132,81.54,19859919
China,1950,Asia,5.813,43.83,544044355
China,1951,Asia,5.699,44.56,553758251
China,1952,Asia,6.472,45.34,565131435
China,1953,Asia,6.042,45.91,577557140
China,1954,Asia,6.278,46.76,590113859
China,1955,Asia,6.263,47.24,603547014
China,1956,Asia,5.854,47.81,616558585
China,1957,Asia,6.425,48.38,630356210
China,1958,Asia,5.698,48.83,644219478
China,1959,Asia,4.718,40.17,652708211
China,1960,Asia,4.451,33.42,654802068
China,1961,Asia,3.863,40.16,655773484
China,1962,Asia,6.085,50.96,665073690
China,1963,Asia,7.513,51.67,684552646
China,1964,Asia,6.672,52.34,704798263
China,1965,Asia,6.605,53.0,723415737
China,1966,Asia,6.307,53.66,742402206
China,1967,Asia,5.806,54.4,761026025
China,1968,Asia,6.508,55.19,781011030
China,1969,Asia,6.175,55.99,802140341
China,1970,Asia,6.085,56.82,823308964
China,1971,Asia,5.523,57.73,844069870
China,1972,Asia,5.112,58.58,863677810
China,1973,Asia,4.726,59.5,882576945
China,1974,Asia,4.17,60.24,900307580
China,1975,Asia,3.571,60.95,916116796
China,1976,Asia,3.235,61.23,930372293
China,1977,Asia,2.844,62.46,943546374
China,1978,Asia,2.716,63.1,956161482
China,1979,Asia,2.745,63.7,969288071
China,1980,Asia,2.739,64.24,983163540
China,1981,Asia,2.792,64.78,997721072
China,1982,Asia,2.972,65.25,1013588177
China,1983,Asia,2.559,65.73,1029064952
China,1984,Asia,2.607,66.15,1043849645
China,1985,Asia,2.633,66.53,1059807818
China,1986,Asia,2.721,66.89,1077233607
China,1987,Asia,2.76,67.26,1096217445
China,1988,Asia,2.539,67.61,1115244168
China,1989,Asia,2.52,67.93,1133991006
China,1990,Asia,2.514,68.16,1153582725
China,1991,Asia,1.934,68.61,1170788533
China,1992,Asia,1.776,69.06,1184574236
China,1993,Asia,1.691,69.49,1197308574
China,1994,Asia,1.628,69.83,1209003099
China,1995,Asia,1.588,70.36,1220133929
China,1996,Asia,1.554,70.82,1230944809
China,1997,Asia,1.527,71.23,1241139623
China,1998,Asia,1.522,71.6,1250847122
China,1999,Asia,1.53,71.95,1260176650
China,2000,Asia,1.628,72.29,1269581174
China,2001,Asia,1.563,72.67,1278725061
China,2002,Asia,1.566,73.03,1286866835
China,2003,Asia,1.57,73.39,1294517323
China,2004,Asia,1.605,73.73,1302100316
China,2005,Asia,1.624,74.08,1310027135
China,2006,Asia,1.644,74.4,1318054030
China,2007,Asia,1.666,74.79,1325813576
China,2008,Asia,1.701,74.83,1333821011
China,2009,Asia,1.714,75.32,1342522717
China,2010,Asia,1.687,75.67,1351561505
China,2011,Asia,1.668,75.89,1360250658
China,2012,Asia,1.798,76.2,1369520866
China,2013,Asia,1.714,76.45,1379008040
China,2014,Asia,1.769,76.71,1387951970
China,2015,Asia,1.67,76.97,1396134171
China,2016,Asia,1.772,77.21,1404052628
China,2017,Asia,1.795,77.23,1412354730
China,2018,Asia,1.539,77.71,1419008954
China,2019,Asia,1.496,77.94,1423520357
China,2020,Asia,1.236,78.02,1426106093
China,2021,Asia,1.117,78.12,1426437269
China,2022,Asia,1.034,78.2,1425179562
China,2023,Asia,0.999,77.95,1422584930
China,2024,Asia,0.984,78.02,1419321284
China,2025,Asia,0.969,78.37,1416096093
Cote d'Ivoire,1950,Africa,7.61,30.83,2735187
Cote d'Ivoire,1951,Africa,7.609,31.38,2809368
Cote d'Ivoire,1952,Africa,7.606,31.96,2885718
Cote d'Ivoire,1953,Africa,7.604,32.55,2965133
Cote d'Ivoire,1954,Africa,7.602,33.19,3048539
Cote d'Ivoire,1955,Africa,7.597,33.81,3136631
Cote d'Ivoire,1956,Africa,7.597,34.46,3230013
Cote d'Ivoire,1957,Africa,7.598,35.16,3329283
Cote d'Ivoire,1958,Africa,7.61,35.83,3435088
Cote d'Ivoire,1959,Africa,7.606,36.55,3548954
Cote d'Ivoire,1960,Africa,7.691,37.24,3673672
Cote d'Ivoire,1961,Africa,7.72,37.92,3810152
Cote d'Ivoire,1962,Africa,7.75,38.62,3956950
Cote d'Ivoire,1963,Africa,7.781,39.31,4112070
Cote d'Ivoire,1964,Africa,7.811,39.97,4273955
Cote d'Ivoire,1965,Africa,7.841,40.64,4442384
Cote d'Ivoire,1966,Africa,7.868,41.3,4617522
Cote d'Ivoire,1967,Africa,7.893,41.96,4799743
Cote d'Ivoire,1968,Africa,7.912,42.65,4990023
Cote d'Ivoire,1969,Africa,7.927,43.34,5192227
Cote d'Ivoire,1970,Africa,7.936,44.05,5411573
Cote d'Ivoire,1971,Africa,7.941,44.78,5650875
Cote d'Ivoire,1972,Africa,7.942,45.58,5909721
Cote d'Ivoire,1973,Africa,7.939,46.37,6184949
Cote d'Ivoire,1974,Africa,7.929,47.21,6474062
Cote d'Ivoire,1975,Africa,7.91,48.03,6776303
Cote d'Ivoire,1976,Africa,7.877,48.86,7057963
Cote d'Ivoire,1977,Africa,7.828,49.62,7321955
Cote d'Ivoire,1978,Africa,7.669,50.36,7603134
Cote d'Ivoire,1979,Africa,7.625,50.98,7902266
Cote d'Ivoire,1980,Africa,7.586,51.44,8220717
Cote d'Ivoire,1981,Africa,7.539,51.79,8556600
Cote d'Ivoire,1982,Africa,7.488,52.09,8907942
Cote d'Ivoire,1983,Africa,7.417,52.35,9272742
Cote d'Ivoire,1984,Africa,7.352,52.65,9650523
Cote d'Ivoire,1985,Africa,7.273,52.86,10040486
Cote d'Ivoire,1986,Africa,7.187,53.01,10440924
Cote d'Ivoire,1987,Africa,7.09,53.12,10851481
Cote d'Ivoire,1988,Africa,6.969,53.06,11275194
Cote d'Ivoire,1989,Africa,6.85,52.95,11719774
Cote d'Ivoire,1990,Africa,6.719,52.8,12189780
Cote d'Ivoire,1991,Africa,6.585,52.62,12683875
Cote d'Ivoire,1992,Africa,6.426,52.43,13200313
Cote d'Ivoire,1993,Africa,6.27,52.25,13735955
Cote d'Ivoire,1994,Africa,6.128,52.01,14287211
Cote d'Ivoire,1995,Africa,6.038,51.71,14855566
Cote d'Ivoire,1996,Africa,5.954,51.6,15442322
Cote d'Ivoire,1997,Africa,5.902,51.5,16047178
Cote d'Ivoire,1998,Africa,5.854,51.22,16663948
Cote d'Ivoire,1999,Africa,5.805,51.27,17215937
Cote d'Ivoire,2000,Africa,5.773,51.39,17699007
Cote d'Ivoire,2001,Africa,5.704,51.43,18178920
Cote d'Ivoire,2002,Africa,5.641,51.54,18654772
Cote d'Ivoire,2003,Africa,5.572,51.44,19125546
Cote d'Ivoire,2004,Africa,5.527,51.94,19594997
Cote d'Ivoire,2005,Africa,5.499,52.43,20068468
Cote d'Ivoire,2006,Africa,5.448,52.88,20546808
Cote d'Ivoire,2007,Africa,5.403,53.45,21030558
Cote d'Ivoire,2008,Africa,5.357,54.18,21514446
Cote d'Ivoire,2009,Africa,5.332,54.74,21997936
Cote d'Ivoire,2010,Africa,5.292,55.28,22488068
Cote d'Ivoire,2011,Africa,5.244,55.97,22982003
Cote d'Ivoire,2012,Africa,5.19,56.57,23467083
Cote d'Ivoire,2013,Africa,5.135,57.06,23939775
Cote d'Ivoire,2014,Africa,5.071,57.77,24527393
Cote d'Ivoire,2015,Africa,4.97,58.28,25246347
Cote d'Ivoire,2016,Africa,4.873,58.81,25989404
Cote d'Ivoire,2017,Africa,4.757,59.31,26733376
Cote d'Ivoire,2018,Africa,4.596,59.8,27464175
Cote d'Ivoire,2019,Africa,4.523,60.27,28193014
Cote d'Ivoire,2020,Africa,4.461,60.14,28915452
Cote d'Ivoire,2021,Africa,4.411,60.29,29639737
Cote d'Ivoire,2022,Africa,4.349,61.56,30395004
Cote d'Ivoire,2023,Africa,4.283,61.94,31165653
Cote d'Ivoire,2024,Africa,4.219,62.11,31934229
Cote d'Ivoire,2025,Africa,4.155,62.28,32711546
Cameroon,1950,Africa,5.731,33.09,4330088
Cameroon,1951,Africa,5.725,33.87,4395365
Cameroon,1952,Africa,5.736,34.62,4464718
Cameroon,1953,Africa,5.736,35.52,4538446
Cameroon,1954,Africa,5.735,36.51,4616889
Cameroon,1955,Africa,5.737,37.5,4700267
Cameroon,1956,Africa,5.73,38.41,4788341
Cameroon,1957,Africa,5.723,38.28,4878935
Cameroon,1958,Africa,5.729,39.07,4972220
Cameroon,1959,Africa,5.73,39.8,5070072
Cameroon,1960,Africa,5.725,34.67,5159059
Cameroon,1961,Africa,5.732,35.19,5239281
Cameroon,1962,Africa,5.729,42.6,5338626
Cameroon,1963,Africa,5.731,43.07,5456615
Cameroon,1964,Africa,5.739,43.6,5578261
Cameroon,1965,Africa,5.796,44.17,5704688
Cameroon,1966,Africa,5.854,44.84,5837300
Cameroon,1967,Africa,5.951,45.6,5977315
Cameroon,1968,Africa,6.043,46.39,6125860
Cameroon,1969,Africa,6.144,47.19,6283470
Cameroon,1970,Africa,6.197,47.95,6449795
Cameroon,1971,Africa,6.259,48.58,6624415
Cameroon,1972,Africa,6.293,49.12,6806873
Cameroon,1973,Africa,6.326,49.52,6996661
Cameroon,1974,Africa,6.361,49.73,7193589
Cameroon,1975,Africa,6.401,49.89,7397126
Cameroon,1976,Africa,6.447,50.02,7597962
Cameroon,1977,Africa,6.508,50.13,7796510
Cameroon,1978,Africa,6.545,50.32,8011917
Cameroon,1979,Africa,6.581,50.53,8239642
Cameroon,1980,Africa,6.613,50.85,8512217
Cameroon,1981,Africa,6.61,51.23,8816377
Cameroon,1982,Africa,6.594,51.8,9028676
Cameroon,1983,Africa,6.575,52.45,9215395
Cameroon,1984,Africa,6.563,52.89,9475085
Cameroon,1985,Africa,6.564,53.47,9761728
Cameroon,1986,Africa,6.572,53.57,10060342
Cameroon,1987,Africa,6.538,54.19,10370753
Cameroon,1988,Africa,6.481,54.36,10684972
Cameroon,1989,Africa,6.414,54.39,11002749
Cameroon,1990,Africa,6.362,54.35,11331827
Cameroon,1991,Africa,6.324,54.17,11667186
Cameroon,1992,Africa,6.256,54.05,12006362
Cameroon,1993,Africa,6.155,53.87,12353131
Cameroon,1994,Africa,6.043,53.54,12704900
Cameroon,1995,Africa,5.919,53.35,13058517
Cameroon,1996,Africa,5.795,53.2,13414761
Cameroon,1997,Africa,5.706,53.1,13775216
Cameroon,1998,Africa,5.656,53.04,14144857
Cameroon,1999,Africa,5.604,53.17,14525145
Cameroon,2000,Africa,5.514,53.34,14912632
Cameroon,2001,Africa,5.441,53.6,15309489
Cameroon,2002,Africa,5.435,53.92,15725534
Cameroon,2003,Africa,5.432,54.25,16160340
Cameroon,2004,Africa,5.436,54.58,16610485
Cameroon,2005,Africa,5.421,54.9,17074599
Cameroon,2006,Africa,5.369,55.3,17550403
Cameroon,2007,Africa,5.343,55.71,18049897
Cameroon,2008,Africa,5.294,56.12,18574052
Cameroon,2009,Africa,5.236,56.49,19113978
Cameroon,2010,Africa,5.154,56.97,19668063
Cameroon,2011,Africa,5.052,57.48,20232312
Cameroon,2012,Africa,4.982,58.17,20809530
Cameroon,2013,Africa,4.905,58.73,21402379
Cameroon,2014,Africa,4.844,59.13,22059894
Cameroon,2015,Africa,4.841,59.69,22763418
Cameroon,2016,Africa,4.842,60.29,23454165
Cameroon,2017,Africa,4.804,60.82,24128609
Cameroon,2018,Africa,4.74,61.19,24806377
Cameroon,2019,Africa,4.651,61.7,25506095
Cameroon,2020,Africa,4.557,61.67,26210566
Cameroon,2021,Africa,4.468,61.15,26915765
Cameroon,2022,Africa,4.397,62.44,27632770
Cameroon,2023,Africa,4.322,63.7,28372690
Cameroon,2024,Africa,4.268,63.97,29123748
Cameroon,2025,Africa,4.214,64.25,29879341
Democratic Republic of Congo,1950,Africa,5.966,38.22,12294293
Democratic Republic of Congo,1951,Africa,5.971,38.51,12542651
Democratic Republic of Congo,1952,Africa,5.966,38.86,12803638
Democratic Republic of Congo,1953,Africa,5.983,39.14,13069453
Democratic Republic of Congo,1954,Africa,5.984,39.37,13343040
Democratic Republic of Congo,1955,Africa,5.982,39.66,13630350
Democratic Republic of Congo,1956,Africa,5.986,39.9,13929950
Democratic Republic of Congo,1957,Africa,6.009,40.23,14242284
Democratic Republic of Congo,1958,Africa,6.036,40.46,14557795
Democratic Republic of Congo,1959,Africa,6.065,40.62,14891587
Democratic Republic of Congo,1960,Africa,6.105,40.75,15264853
Democratic Republic of Congo,1961,Africa,6.124,40.16,15662373
Democratic Republic of Congo,1962,Africa,6.141,40.38,16075729
Democratic Republic of Congo,1963,Africa,6.158,40.6,16507610
Democratic Republic of Congo,1964,Africa,6.188,40.1,16955329
Democratic Republic of Congo,1965,Africa,6.21,40.77,17427807
Democratic Republic of Congo,1966,Africa,6.242,42.17,17931933
Democratic Republic of Congo,1967,Africa,6.267,42.34,18462787
Democratic Republic of Congo,1968,Africa,6.286,42.67,19012194
Democratic Republic of Congo,1969,Africa,6.304,42.96,19570447
Democratic Republic of Congo,1970,Africa,6.329,43.3,20137442
Democratic Republic of Congo,1971,Africa,6.344,43.58,20695568
Democratic Republic of Congo,1972,Africa,6.369,43.87,21251166
Democratic Republic of Congo,1973,Africa,6.385,44.09,21827663
Democratic Republic of Congo,1974,Africa,6.404,44.31,22418883
Democratic Republic of Congo,1975,Africa,6.419,44.53,23021102
Democratic Republic of Congo,1976,Africa,6.437,44.7,23624035
Democratic Republic of Congo,1977,Africa,6.45,44.87,24229060
Democratic Republic of Congo,1978,Africa,6.463,44.63,24992694
Democratic Republic of Congo,1979,Africa,6.479,45.28,25886782
Democratic Republic of Congo,1980,Africa,6.495,45.54,26711098
Democratic Republic of Congo,1981,Africa,6.519,45.73,27500518
Democratic Republic of Congo,1982,Africa,6.54,45.95,28338193
Democratic Republic of Congo,1983,Africa,6.564,46.21,29250969
Democratic Republic of Congo,1984,Africa,6.586,46.51,30245088
Democratic Republic of Congo,1985,Africa,6.612,46.66,31264819
Democratic Republic of Congo,1986,Africa,6.634,47.02,32265200
Democratic Republic of Congo,1987,Africa,6.651,47.36,33298910
Democratic Republic of Congo,1988,Africa,6.656,47.76,34382756
Democratic Republic of Congo,1989,Africa,6.65,48.15,35486863
Democratic Republic of Congo,1990,Africa,6.649,48.54,36684065
Democratic Republic of Congo,1991,Africa,6.645,48.94,37925828
Democratic Republic of Congo,1992,Africa,6.639,49.32,39228908
Democratic Republic of Congo,1993,Africa,6.641,49.62,40656338
Democratic Republic of Congo,1994,Africa,6.643,49.88,42626873
Democratic Republic of Congo,1995,Africa,6.676,50.38,44433718
Democratic Republic of Congo,1996,Africa,6.672,49.38,45296125
Democratic Republic of Congo,1997,Africa,6.69,50.46,46029907
Democratic Republic of Congo,1998,Africa,6.7,49.66,47297595
Democratic Republic of Congo,1999,Africa,6.692,50.09,48912972
Democratic Republic of Congo,2000,Africa,6.702,51.89,50507445
Democratic Republic of Congo,2001,Africa,6.663,52.2,52132646
Democratic Republic of Congo,2002,Africa,6.606,52.37,53750529
Democratic Republic of Congo,2003,Africa,6.549,52.95,55343873
Democratic Republic of Congo,2004,Africa,6.53,53.53,56997740
Democratic Republic of Congo,2005,Africa,6.526,54.0,58775726
Democratic Republic of Congo,2006,Africa,6.547,54.5,60615909
Democratic Republic of Congo,2007,Africa,6.559,54.95,62477753
Democratic Republic of Congo,2008,Africa,6.58,55.39,64390658
Democratic Republic of Congo,2009,Africa,6.591,55.8,66412038
Democratic Republic of Congo,2010,Africa,6.587,56.41,68563038
Democratic Republic of Congo,2011,Africa,6.582,56.91,70849311
Democratic Republic of Congo,2012,Africa,6.559,57.35,73254623
Democratic Republic of Congo,2013,Africa,6.527,57.8,75789397
Democratic Republic of Congo,2014,Africa,6.483,58.24,78403248
Democratic Republic of Congo,2015,Africa,6.437,58.66,81035532
Democratic Republic of Congo,2016,Africa,6.392,59.08,83956416
Democratic Republic of Congo,2017,Africa,6.349,59.49,87083400
Democratic Republic of Congo,2018,Africa,6.302,59.93,90047647
Democratic Republic of Congo,2019,Africa,6.253,60.24,92947450
Democratic Republic of Congo,2020,Africa,6.206,60.43,95990000
Democratic Republic of Congo,2021,Africa,6.156,60.04,99148930
Democratic Republic of Congo,2022,Africa,6.106,60.98,102396974
Democratic Republic of Congo,2023,Africa,6.051,61.9,105789733
Democratic Republic of Congo,2024,Africa,6.005,62.07,109276264
Democratic Republic of Congo,2025,Africa,5.959,62.23,112832475
Congo,1950,Africa,6.065,39.6,835269
Congo,1951,Africa,6.067,40.34,853643
Congo,1952,Africa,6.063,41.09,872684
Congo,1953,Africa,6.063,41.85,892461
Congo,1954,Africa,6.054,42.61,913023
Congo,1955,Africa,6.065,43.45,934435
Congo,1956,Africa,6.069,44.28,956825
Congo,1957,Africa,6.069,45.13,980204
Congo,1958,Africa,6.087,45.97,1004629
Congo,1959,Africa,6.091,46.78,1030164
Congo,1960,Africa,6.085,47.59,1056738
Congo,1961,Africa,6.093,48.35,1084392
Congo,1962,Africa,6.099,49.04,1113180
Congo,1963,Africa,6.147,49.73,1143269
Congo,1964,Africa,6.183,50.36,1174823
Congo,1965,Africa,6.229,51.0,1207886
Congo,1966,Africa,6.267,51.56,1242544
Congo,1967,Africa,6.29,51.91,1278697
Congo,1968,Africa,6.327,52.62,1316525
Congo,1969,Africa,6.35,53.11,1356188
Congo,1970,Africa,6.376,53.55,1397640
Congo,1971,Africa,6.416,53.98,1441047
Congo,1972,Africa,6.444,54.36,1486478
Congo,1973,Africa,6.42,54.74,1533685
Congo,1974,Africa,6.39,55.05,1582304
Congo,1975,Africa,6.356,55.4,1627033
Congo,1976,Africa,6.317,55.7,1667233
Congo,1977,Africa,6.271,56.03,1707572
Congo,1978,Africa,6.21,56.25,1748098
Congo,1979,Africa,6.143,56.52,1788523
Congo,1980,Africa,6.065,56.8,1828991
Congo,1981,Africa,5.984,57.06,1869764
Congo,1982,Africa,5.85,57.24,1910429
Congo,1983,Africa,5.758,57.43,1950328
Congo,1984,Africa,5.658,57.54,1999533
Congo,1985,Africa,5.587,57.61,2059317
Congo,1986,Africa,5.514,57.63,2120604
Congo,1987,Africa,5.458,57.59,2183478
Congo,1988,Africa,5.392,57.49,2247653
Congo,1989,Africa,5.327,57.29,2313562
Congo,1990,Africa,5.266,57.07,2380562
Congo,1991,Africa,5.221,56.76,2449235
Congo,1992,Africa,5.177,56.48,2519467
Congo,1993,Africa,5.134,56.04,2595127
Congo,1994,Africa,5.103,55.64,2673147
Congo,1995,Africa,5.068,55.47,2749464
Congo,1996,Africa,5.033,55.24,2826786
Congo,1997,Africa,4.997,48.58,2887862
Congo,1998,Africa,4.909,52.55,2952062
Congo,1999,Africa,4.805,54.43,3032876
Congo,2000,Africa,4.724,55.37,3151349
Congo,2001,Africa,4.67,55.88,3272542
Congo,2002,Africa,4.697,56.41,3350770
Congo,2003,Africa,4.696,57.13,3445758
Congo,2004,Africa,4.69,57.96,3565565
Congo,2005,Africa,4.669,58.73,3696399
Congo,2006,Africa,4.651,59.47,3837411
Congo,2007,Africa,4.649,60.05,3980430
Congo,2008,Africa,4.726,60.79,4113514
Congo,2009,Africa,4.808,61.22,4281218
Congo,2010,Africa,4.851,61.73,4462304
Congo,2011,Africa,4.826,62.29,4609728
Congo,2012,Africa,4.785,62.66,4740457
Congo,2013,Africa,4.731,62.97,4857104
Congo,2014,Africa,4.665,63.35,4975887
Congo,2015,Africa,4.607,63.66,5097583
Congo,2016,Africa,4.546,63.91,5222545
Congo,2017,Africa,4.496,64.2,5351013
Congo,2018,Africa,4.442,64.47,5483128
Congo,2019,Africa,4.38,63.15,5616656
Congo,2020,Africa,4.329,64.39,5752792
Congo,2021,Africa,4.28,64.19,5892187
Congo,2022,Africa,4.215,65.0,6035104
Congo,2023,Africa,4.157,65.77,6182890
Congo,2024,Africa,4.104,66.0,6332969
Congo,2025,Africa,4.052,66.2,6484437
Colombia,1950,Americas,6.41,48.28,11766991
Colombia,1951,Americas,6.436,48.96,12078813
Colombia,1952,Americas,6.488,49.81,12405851
Colombia,1953,Americas,6.537,50.61,12746037
Colombia,1954,Americas,6.582,51.28,13100844
Colombia,1955,Americas,6.625,51.93,13473060
Colombia,1956,Americas,6.664,52.52,13861805
Colombia,1957,Americas,6.697,54.08,14270276
Colombia,1958,Americas,6.723,54.72,14693292
Colombia,1959,Americas,6.737,55.86,15136219
Colombia,1960,Americas,6.735,56.61,15606209
Colombia,1961,Americas,6.712,57.2,16095207
Colombia,1962,Americas,6.663,57.74,16599031
Colombia,1963,Americas,6.584,58.3,17113824
Colombia,1964,Americas,6.475,58.77,17637416
Colombia,1965,Americas,6.333,59.25,18169053
Colombia,1966,Americas,6.159,59.71,18702693
Colombia,1967,Americas,5.957,60.15,19235624
Colombia,1968,Americas,5.737,60.57,19766802
Colombia,1969,Americas,5.506,61.03,20291937
Colombia,1970,Americas,5.276,61.47,20811790
Colombia,1971,Americas,5.057,62.01,21319099
Colombia,1972,Americas,4.857,62.53,21819572
Colombia,1973,Americas,4.68,62.99,22325375
Colombia,1974,Americas,4.527,63.5,22833475
Colombia,1975,Americas,4.398,64.01,23344650
Colombia,1976,Americas,4.285,64.64,23858815
Colombia,1977,Americas,4.163,65.24,24393499
Colombia,1978,Americas,3.998,65.83,24950342
Colombia,1979,Americas,3.888,66.16,25515627
Colombia,1980,Americas,3.798,66.69,26104503
Colombia,1981,Americas,3.706,67.19,26713267
Colombia,1982,Americas,3.618,67.86,27338334
Colombia,1983,Americas,3.501,68.12,27988176
Colombia,1984,Americas,3.35,68.31,28642690
Colombia,1985,Americas,3.225,65.36,29268470
Colombia,1986,Americas,3.147,68.3,29879114
Colombia,1987,Americas,3.087,68.17,30499471
Colombia,1988,Americas,3.039,68.3,31130530
Colombia,1989,Americas,3.012,68.62,31776280
Colombia,1990,Americas,2.995,68.7,32440064
Colombia,1991,Americas,2.982,68.77,33098373
Colombia,1992,Americas,2.983,68.76,33760571
Colombia,1993,Americas,2.978,69.08,34441479
Colombia,1994,Americas,2.937,69.42,35127408
Colombia,1995,Americas,2.85,69.81,35804670
Colombia,1996,Americas,2.768,70.21,36462740
Colombia,1997,Americas,2.743,70.63,37121155
Colombia,1998,Americas,2.717,70.92,37792169
Colombia,1999,Americas,2.637,70.91,38454861
Colombia,2000,Americas,2.574,70.91,39089939
Colombia,2001,Americas,2.522,71.19,39709263
Colombia,2002,Americas,2.489,71.54,40324684
Colombia,2003,Americas,2.45,72.31,40937426
Colombia,2004,Americas,2.384,72.76,41543177
Colombia,2005,Americas,2.309,73.16,42128978
Colombia,2006,Americas,2.241,73.5,42691081
Colombia,2007,Americas,2.195,73.75,43235374
Colombia,2008,Americas,2.155,74.21,43758805
Colombia,2009,Americas,2.096,74.53,44271543
Colombia,2010,Americas,2.01,74.88,44777325
Colombia,2011,Americas,1.938,75.18,45259614
Colombia,2012,Americas,1.899,75.61,45715807
Colombia,2013,Americas,1.86,75.83,46151583
Colombia,2014,Americas,1.822,75.95,46565426
Colombia,2015,Americas,1.771,76.07,46969938
Colombia,2016,Americas,1.719,76.23,47437513
Colombia,2017,Americas,1.717,76.42,48131076
Colombia,2018,Americas,1.715,76.58,49024463
Colombia,2019,Americas,1.71,76.79,49907987
Colombia,2020,Americas,1.694,74.76,50629997
Colombia,2021,Americas,1.68,72.7,51188174
Colombia,2022,Americas,1.663,76.51,51737944
Colombia,2023,Americas,1.645,77.72,52321152
Colombia,2024,Americas,1.626,77.91,52886360
Colombia,2025,Americas,1.608,78.09,53425629
Comoros,1950,Africa,5.686,37.39,161951
Comoros,1951,Africa,5.771,34.33,165543
Comoros,1952,Africa,5.934,38.04,168983
Comoros,1953,Africa,6.085,38.38,172609
Comoros,1954,Africa,6.223,38.7,176152
Comoros,1955,Africa,6.348,39.03,179597
Comoros,1956,Africa,6.46,39.37,182966
Comoros,1957,Africa,6.56,39.74,186578
Comoros,1958,Africa,6.648,40.09,190577
Comoros,1959,Africa,6.725,40.47,194298
Comoros,1960,Africa,6.792,40.78,197710
Comoros,1961,Africa,6.849,41.16,201210
Comoros,1962,Africa,6.897,41.53,204712
Comoros,1963,Africa,6.916,41.91,208199
Comoros,1964,Africa,6.938,42.33,211651
Comoros,1965,Africa,6.967,42.68,214981
Comoros,1966,Africa,7.001,43.15,218670
Comoros,1967,Africa,7.02,43.59,223869
Comoros,1968,Africa,7.051,44.1,230258
Comoros,1969,Africa,7.073,44.64,237008
Comoros,1970,Africa,7.099,45.23,244196
Comoros,1971,Africa,7.116,45.85,251878
Comoros,1972,Africa,7.142,46.46,260085
Comoros,1973,Africa,7.165,47.05,268827
Comoros,1974,Africa,7.163,47.61,278084
Comoros,1975,Africa,7.162,46.87,287702
Comoros,1976,Africa,7.159,48.65,297547
Comoros,1977,Africa,7.15,49.17,307588
Comoros,1978,Africa,7.155,49.7,317695
Comoros,1979,Africa,7.162,50.13,327805
Comoros,1980,Africa,7.154,50.68,337728
Comoros,1981,Africa,7.143,51.21,347393
Comoros,1982,Africa,7.134,51.75,357150
Comoros,1983,Africa,7.11,52.12,367241
Comoros,1984,Africa,7.072,52.78,377644
Comoros,1985,Africa,7.021,53.26,388357
Comoros,1986,Africa,6.953,53.76,399328
Comoros,1987,Africa,6.87,54.13,410445
Comoros,1988,Africa,6.764,54.68,421697
Comoros,1989,Africa,6.646,54.98,433110
Comoros,1990,Africa,6.505,55.62,444601
Comoros,1991,Africa,6.354,56.1,455563
Comoros,1992,Africa,6.186,56.58,465118
Comoros,1993,Africa,6.022,57.03,473681
Comoros,1994,Africa,5.864,57.46,482148
Comoros,1995,Africa,5.73,57.83,490594
Comoros,1996,Africa,5.627,58.15,499113
Comoros,1997,Africa,5.513,58.23,507779
Comoros,1998,Africa,5.392,58.3,516606
Comoros,1999,Africa,5.28,58.85,525894
Comoros,2000,Africa,5.227,58.94,536084
Comoros,2001,Africa,5.195,59.59,547221
Comoros,2002,Africa,5.155,59.72,558927
Comoros,2003,Africa,5.115,60.24,569808
Comoros,2004,Africa,5.065,60.56,580711
Comoros,2005,Africa,5.012,60.88,592679
Comoros,2006,Africa,4.934,61.23,604752
Comoros,2007,Africa,4.859,61.48,616935
Comoros,2008,Africa,4.805,61.95,629314
Comoros,2009,Africa,4.778,62.3,641949
Comoros,2010,Africa,4.755,62.75,654846
Comoros,2011,Africa,4.722,63.1,668064
Comoros,2012,Africa,4.652,63.46,681637
Comoros,2013,Africa,4.572,63.84,696203
Comoros,2014,Africa,4.489,64.14,711512
Comoros,2015,Africa,4.42,64.47,726685
Comoros,2016,Africa,4.348,64.79,741745
Comoros,2017,Africa,4.278,65.13,756672
Comoros,2018,Africa,4.208,65.4,771597
Comoros,2019,Africa,4.138,65.66,786582
Comoros,2020,Africa,4.071,65.76,802172
Comoros,2021,Africa,3.999,65.2,818178
Comoros,2022,Africa,3.935,66.48,834191
Comoros,2023,Africa,3.878,66.78,850390
Comoros,2024,Africa,3.82,67.02,866632
Comoros,2025,Africa,3.763,67.25,882851
Cape Verde,1950,Africa,6.497,44.94,184986
Cape Verde,1951,Africa,6.513,45.55,187208
Cape Verde,1952,Africa,6.546,46.15,189445
Cape Verde,1953,Africa,6.582,46.4,191560
Cape Verde,1954,Africa,6.621,46.63,193557
Cape Verde,1955,Africa,6.662,46.85,195622
Cape Verde,1956,Africa,6.706,47.09,197856
Cape Verde,1957,Africa,6.751,47.38,200300
Cape Verde,1958,Africa,6.797,47.71,203100
Cape Verde,1959,Africa,6.842,48.15,206367
Cape Verde,1960,Africa,6.885,48.71,210034
Cape Verde,1961,Africa,6.922,49.42,215095
Cape Verde,1962,Africa,6.953,50.24,221930
Cape Verde,1963,Africa,6.976,51.15,229386
Cape Verde,1964,Africa,6.989,52.09,237017
Cape Verde,1965,Africa,6.993,53.04,244868
Cape Verde,1966,Africa,6.99,53.92,252989
Cape Verde,1967,Africa,6.982,54.72,261409
Cape Verde,1968,Africa,6.97,55.43,270172
Cape Verde,1969,Africa,6.954,56.04,279254
Cape Verde,1970,Africa,6.935,56.56,287895
Cape Verde,1971,Africa,6.913,57.03,294052
Cape Verde,1972,Africa,6.887,57.49,297388
Cape Verde,1973,Africa,6.855,57.98,299890
Cape Verde,1974,Africa,6.818,58.43,302578
Cape Verde,1975,Africa,6.771,58.98,305853
Cape Verde,1976,Africa,6.714,59.4,309462
Cape Verde,1977,Africa,6.645,59.99,312843
Cape Verde,1978,Africa,6.564,60.38,316163
Cape Verde,1979,Africa,6.473,60.73,319485
Cape Verde,1980,Africa,6.375,61.03,323310
Cape Verde,1981,Africa,6.273,61.3,327859
Cape Verde,1982,Africa,6.17,61.52,332729
Cape Verde,1983,Africa,6.068,61.77,337661
Cape Verde,1984,Africa,5.97,61.83,342511
Cape Verde,1985,Africa,5.921,62.28,347370
Cape Verde,1986,Africa,5.81,62.58,352321
Cape Verde,1987,Africa,5.681,62.91,357308
Cape Verde,1988,Africa,5.552,63.24,362339
Cape Verde,1989,Africa,5.452,63.57,367820
Cape Verde,1990,Africa,5.36,63.87,375437
Cape Verde,1991,Africa,5.262,64.07,384603
Cape Verde,1992,Africa,5.123,64.25,393426
Cape Verde,1993,Africa,4.953,64.46,401977
Cape Verde,1994,Africa,4.723,64.65,410230
Cape Verde,1995,Africa,4.494,63.69,418116
Cape Verde,1996,Africa,4.257,65.52,425592
Cape Verde,1997,Africa,4.052,66.08,432803
Cape Verde,1998,Africa,3.898,66.71,439789
Cape Verde,1999,Africa,3.727,67.41,446528
Cape Verde,2000,Africa,3.545,68.12,453335
Cape Verde,2001,Africa,3.366,68.71,460300
Cape Verde,2002,Africa,3.192,69.45,467056
Cape Verde,2003,Africa,3.033,70.01,473384
Cape Verde,2004,Africa,2.9,70.5,479377
Cape Verde,2005,Africa,2.726,70.94,485128
Cape Verde,2006,Africa,2.555,71.34,490728
Cape Verde,2007,Africa,2.409,71.49,496196
Cape Verde,2008,Africa,2.298,71.89,501362
Cape Verde,2009,Africa,2.246,72.14,506148
Cape Verde,2010,Africa,2.329,72.51,509793
Cape Verde,2011,Africa,2.329,72.91,511453
Cape Verde,2012,Africa,2.153,73.31,511966
Cape Verde,2013,Africa,2.067,73.48,512231
Cape Verde,2014,Africa,2.031,73.79,512334
Cape Verde,2015,Africa,1.968,74.1,512405
Cape Verde,2016,Africa,1.966,74.35,512556
Cape Verde,2017,Africa,1.93,74.71,512899
Cape Verde,2018,Africa,1.804,74.84,513418
Cape Verde,2019,Africa,1.698,75.45,514116
Cape Verde,2020,Africa,1.591,73.82,514683
Cape Verde,2021,Africa,1.554,74.42,516655
Cape Verde,2022,Africa,1.533,75.91,519750
Cape Verde,2023,Africa,1.522,76.06,522335
Cape Verde,2024,Africa,1.499,76.22,524878
Cape Verde,2025,Africa,1.477,76.4,527333
Costa Rica,1950,Americas,6.317,57.46,926761
Costa Rica,1951,Americas,6.393,57.82,958418
Costa Rica,1952,Americas,6.455,58.11,991800
Costa Rica,1953,Americas,6.508,59.06,1027010
Costa Rica,1954,Americas,6.54,59.85,1064117
Costa Rica,1955,Americas,6.571,60.45,1103056
Costa Rica,1956,Americas,6.601,61.2,1143854
Costa Rica,1957,Americas,6.662,61.58,1186638
Costa Rica,1958,Americas,6.712,62.26,1231561
Costa Rica,1959,Americas,6.731,62.91,1278593
Costa Rica,1960,Americas,6.712,63.46,1327501
Costa Rica,1961,Americas,6.651,63.86,1377918
Costa Rica,1962,Americas,6.543,64.23,1429445
Costa Rica,1963,Americas,6.389,64.33,1481605
Costa Rica,1964,Americas,6.193,64.49,1533966
Costa Rica,1965,Americas,5.96,64.76,1586214
Costa Rica,1966,Americas,5.697,65.1,1638119
Costa Rica,1967,Americas,5.416,65.55,1689534
Costa Rica,1968,Americas,5.028,65.78,1739734
Costa Rica,1969,Americas,4.835,66.36,1789281
Costa Rica,1970,Americas,4.585,66.79,1838946
Costa Rica,1971,Americas,4.362,67.41,1888548
Costa Rica,1972,Americas,4.158,68.01,1938261
Costa Rica,1973,Americas,3.991,68.73,1988348
Costa Rica,1974,Americas,3.893,69.45,2039649
Costa Rica,1975,Americas,3.804,70.25,2092716
Costa Rica,1976,Americas,3.747,70.95,2147772
Costa Rica,1977,Americas,3.701,71.52,2205035
Costa Rica,1978,Americas,3.662,72.03,2264516
Costa Rica,1979,Americas,3.651,72.54,2326490
Costa Rica,1980,Americas,3.583,73.03,2390641
Costa Rica,1981,Americas,3.556,73.44,2456643
Costa Rica,1982,Americas,3.54,73.86,2524811
Costa Rica,1983,Americas,3.525,74.25,2595155
Costa Rica,1984,Americas,3.519,74.58,2667597
Costa Rica,1985,Americas,3.511,74.77,2741903
Costa Rica,1986,Americas,3.454,74.95,2817219
Costa Rica,1987,Americas,3.384,75.22,2892698
Costa Rica,1988,Americas,3.314,75.55,2968102
Costa Rica,1989,Americas,3.238,75.85,3043826
Costa Rica,1990,Americas,3.167,76.09,3121707
Costa Rica,1991,Americas,3.075,76.24,3202182
Costa Rica,1992,Americas,3.001,76.39,3284261
Costa Rica,1993,Americas,2.928,76.31,3367436
Costa Rica,1994,Americas,2.857,76.33,3451122
Costa Rica,1995,Americas,2.779,76.44,3535179
Costa Rica,1996,Americas,2.681,76.43,3619012
Costa Rica,1997,Americas,2.589,76.6,3701713
Costa Rica,1998,Americas,2.527,76.87,3782840
Costa Rica,1999,Americas,2.481,77.06,3862103
Costa Rica,2000,Americas,2.413,77.32,3937737
Costa Rica,2001,Americas,2.312,77.61,4008951
Costa Rica,2002,Americas,2.162,77.94,4075710
Costa Rica,2003,Americas,2.084,78.21,4138791
Costa Rica,2004,Americas,2.028,78.51,4200079
Costa Rica,2005,Americas,2.038,78.88,4261240
Costa Rica,2006,Americas,1.937,79.05,4321337
Costa Rica,2007,Americas,1.954,79.1,4380250
Costa Rica,2008,Americas,1.98,79.18,4440058
Costa Rica,2009,Americas,1.953,79.37,4499788
Costa Rica,2010,Americas,1.827,79.35,4555965
Costa Rica,2011,Americas,1.877,79.62,4609834
Costa Rica,2012,Americas,1.851,79.92,4663930
Costa Rica,2013,Americas,1.779,80.19,4716153
Costa Rica,2014,Americas,1.8,80.23,4767126
Costa Rica,2015,Americas,1.797,80.41,4818045
Costa Rica,2016,Americas,1.746,79.99,4867003
Costa Rica,2017,Americas,1.714,79.99,4913177
Costa Rica,2018,Americas,1.706,80.09,4957813
Costa Rica,2019,Americas,1.6,80.3,4999549
Costa Rica,2020,Americas,1.448,79.72,5034323
Costa Rica,2021,Americas,1.353,78.05,5059991
Costa Rica,2022,Americas,1.335,79.32,5081764
Costa Rica,2023,Americas,1.33,80.8,5105526
Costa Rica,2024,Americas,1.31,81.0,5129909
Costa Rica,2025,Americas,1.29,81.19,5152949
Cuba,1950,Americas,4.032,58.99,5924519
Cuba,1951,Americas,3.947,59.41,6042205
Cuba,1952,Americas,3.931,59.83,6162183
Cuba,1953,Americas,3.924,60.24,6285749
Cuba,1954,Americas,3.917,60.69,6412849
Cuba,1955,Americas,3.902,61.15,6543104
Cuba,1956,Americas,3.893,61.48,6676062
Cuba,1957,Americas,3.886,61.9,6811726
Cuba,1958,Americas,3.9,62.32,6950291
Cuba,1959,Americas,4.0,62.83,7092337
Cuba,1960,Americas,4.129,63.32,7238083
Cuba,1961,Americas,4.265,63.74,7387120
Cuba,1962,Americas,4.421,64.37,7541103
Cuba,1963,Americas,4.559,64.35,7701665
Cuba,1964,Americas,4.528,65.26,7866016
Cuba,1965,Americas,4.504,65.64,8030806
Cuba,1966,Americas,4.398,66.07,8193453
Cuba,1967,Americas,4.294,66.51,8352627
Cuba,1968,Americas,4.194,66.94,8509522
Cuba,1969,Americas,4.124,67.36,8666638
Cuba,1970,Americas,3.981,67.94,8824389
Cuba,1971,Americas,3.799,68.43,8979089
Cuba,1972,Americas,3.612,68.95,9123895
Cuba,1973,Americas,3.402,69.35,9255332
Cuba,1974,Americas,3.164,69.87,9374184
Cuba,1975,Americas,2.824,70.38,9479729
Cuba,1976,Americas,2.506,70.88,9571240
Cuba,1977,Americas,2.209,71.41,9648443
Cuba,1978,Americas,1.884,71.89,9711985
Cuba,1979,Americas,1.771,72.27,9763358
Cuba,1980,Americas,1.637,72.6,9804798
Cuba,1981,Americas,1.591,73.0,9849325
Cuba,1982,Americas,1.776,73.44,9912681
Cuba,1983,Americas,1.801,73.56,9991027
Cuba,1984,Americas,1.774,73.55,10073306
Cuba,1985,Americas,1.772,73.46,10157229
Cuba,1986,Americas,1.779,73.56,10244250
Cuba,1987,Americas,1.8,73.6,10335337
Cuba,1988,Americas,1.853,73.72,10432590
Cuba,1989,Americas,1.832,73.69,10533249
Cuba,1990,Americas,1.806,73.82,10631796
Cuba,1991,Americas,1.663,73.76,10717640
Cuba,1992,Americas,1.562,73.85,10785807
Cuba,1993,Americas,1.489,73.87,10841040
Cuba,1994,Americas,1.467,74.09,10886022
Cuba,1995,Americas,1.481,74.35,10925362
Cuba,1996,Americas,1.457,74.69,10962009
Cuba,1997,Americas,1.59,75.06,10997933
Cuba,1998,Americas,1.617,75.41,11034716
Cuba,1999,Americas,1.64,75.72,11072230
Cuba,2000,Americas,1.608,75.92,11109112
Cuba,2001,Americas,1.595,76.43,11144134
Cuba,2002,Americas,1.645,76.77,11177422
Cuba,2003,Americas,1.627,77.41,11209379
Cuba,2004,Americas,1.546,77.33,11238756
Cuba,2005,Americas,1.486,77.54,11262553
Cuba,2006,Americas,1.402,77.41,11278550
Cuba,2007,Americas,1.436,77.55,11287274
Cuba,2008,Americas,1.576,77.59,11291764
Cuba,2009,Americas,1.678,77.58,11294719
Cuba,2010,Americas,1.673,77.88,11297414
Cuba,2011,Americas,1.734,78.05,11301578
Cuba,2012,Americas,1.668,78.16,11303172
Cuba,2013,Americas,1.678,78.03,11298163
Cuba,2014,Americas,1.655,77.83,11285780
Cuba,2015,Americas,1.685,77.75,11275069
Cuba,2016,Americas,1.6,77.57,11265615
Cuba,2017,Americas,1.585,77.3,11247824
Cuba,2018,Americas,1.607,77.43,11227116
Cuba,2019,Americas,1.54,77.41,11202847
Cuba,2020,Americas,1.489,77.41,11176349
Cuba,2021,Americas,1.427,73.2,11122169
Cuba,2022,Americas,1.412,77.63,11059822
Cuba,2023,Americas,1.439,78.08,11019932
Cuba,2024,Americas,1.417,78.26,10979781
Cuba,2025,Americas,1.396,78.45,10937203
Cyprus,1950,Europe,3.871,55.83,493883
Cyprus,1951,Europe,3.801,56.76,501062
Cyprus,1952,Europe,3.467,57.68,508693
Cyprus,1953,Europe,3.465,58.37,516733
Cyprus,1954,Europe,3.506,59.28,525118
Cyprus,1955,Europe,3.441,59.74,533874
Cyprus,1956,Europe,3.387,60.39,543081
Cyprus,1957,Europe,3.386,60.99,552831
Cyprus,1958,Europe,3.378,61.64,563291
Cyprus,1959,Europe,3.402,62.31,574569
Cyprus,1960,Europe,3.393,63.32,586493
Cyprus,1961,Europe,3.619,64.08,595522
Cyprus,1962,Europe,3.51,64.72,601471
Cyprus,1963,Europe,3.494,61.78,607254
Cyprus,1964,Europe,3.409,62.24,612531
Cyprus,1965,Europe,3.47,66.12,617743
Cyprus,1966,Europe,3.395,66.49,623394
Cyprus,1967,Europe,3.324,66.91,629255
Cyprus,1968,Europe,3.267,67.25,635164
Cyprus,1969,Europe,3.188,67.6,641196
Cyprus,1970,Europe,3.065,68.05,647443
Cyprus,1971,Europe,3.036,68.35,654058
Cyprus,1972,Europe,2.988,68.63,661067
Cyprus,1973,Europe,2.403,69.0,665946
Cyprus,1974,Europe,2.28,54.55,663265
Cyprus,1975,Europe,2.107,70.34,659408
Cyprus,1976,Europe,2.327,70.81,662045
Cyprus,1977,Europe,2.089,71.26,667104
Cyprus,1978,Europe,2.079,71.74,672259
Cyprus,1979,Europe,2.136,72.18,677552
Cyprus,1980,Europe,2.298,72.84,683082
Cyprus,1981,Europe,2.154,73.05,688895
Cyprus,1982,Europe,2.487,73.52,696503
Cyprus,1983,Europe,2.493,73.71,707224
Cyprus,1984,Europe,2.512,74.0,719345
Cyprus,1985,Europe,2.432,74.64,731290
Cyprus,1986,Europe,2.452,74.93,743116
Cyprus,1987,Europe,2.388,75.26,754796
Cyprus,1988,Europe,2.47,75.39,766238
Cyprus,1989,Europe,2.369,75.84,777429
Cyprus,1990,Europe,2.402,76.04,788355
Cyprus,1991,Europe,2.34,76.25,798950
Cyprus,1992,Europe,2.459,76.29,810344
Cyprus,1993,Europe,2.247,76.29,826042
Cyprus,1994,Europe,2.163,76.38,844669
Cyprus,1995,Europe,2.032,76.58,862698
Cyprus,1996,Europe,1.953,76.88,880295
Cyprus,1997,Europe,1.86,77.12,897574
Cyprus,1998,Europe,1.761,77.16,914552
Cyprus,1999,Europe,1.672,77.57,931235
Cyprus,2000,Europe,1.638,77.9,947667
Cyprus,2001,Europe,1.566,78.19,964129
Cyprus,2002,Europe,1.497,78.76,981443
Cyprus,2003,Europe,1.505,78.91,999600
Cyprus,2004,Europe,1.512,79.01,1017875
Cyprus,2005,Europe,1.479,79.2,1036156
Cyprus,2006,Europe,1.509,79.46,1054424
Cyprus,2007,Europe,1.449,79.8,1072727
Cyprus,2008,Europe,1.479,79.91,1091029
Cyprus,2009,Europe,1.475,80.38,1109377
Cyprus,2010,Europe,1.434,80.63,1127826
Cyprus,2011,Europe,1.36,80.86,1146493
Cyprus,2012,Europe,1.382,81.13,1165403
Cyprus,2013,Europe,1.304,81.32,1183899
Cyprus,2014,Europe,1.312,81.34,1201806
Cyprus,2015,Europe,1.323,81.46,1219504
Cyprus,2016,Europe,1.357,81.53,1237114
Cyprus,2017,Europe,1.323,81.54,1254274
Cyprus,2018,Europe,1.319,81.56,1270743
Cyprus,2019,Europe,1.33,81.45,1286669
Cyprus,2020,Europe,1.361,81.23,1302250
Cyprus,2021,Europe,1.392,80.57,1317311
Cyprus,2022,Europe,1.393,80.43,1331376
Cyprus,2023,Europe,1.389,81.65,1344981
Cyprus,2024,Europe,1.398,81.82,1358287
Cyprus,2025,Europe,1.407,81.99,1370754
Czechia,1993,Europe,1.652,72.85,10320404
Czechia,1994,Europe,1.436,73.08,10322332
Czechia,1995,Europe,1.275,73.18,10312041
Czechia,1996,Europe,1.185,73.83,10296140
Czechia,1997,Europe,1.171,73.95,10280049
Czechia,1998,Europe,1.156,74.55,10265430
Czechia,1999,Europe,1.136,74.74,10251385
Czechia,2000,Europe,1.146,74.98,10236809
Czechia,2001,Europe,1.146,75.31,10231942
Czechia,2002,Europe,1.167,75.44,10239474
Czechia,2003,Europe,1.176,75.4,10248907
Czechia,2004,Europe,1.225,75.94,10261453
Czechia,2005,Europe,1.281,76.16,10280155
Czechia,2006,Europe,1.333,76.71,10304592
Czechia,2007,Europe,1.441,76.92,10337539
Czechia,2008,Europe,1.508,77.17,10378298
Czechia,2009,Europe,1.51,77.26,10420985
Czechia,2010,Europe,1.509,77.57,10464035
Czechia,2011,Europe,1.427,77.81,10495508
Czechia,2012,Europe,1.447,78.0,10507339
Czechia,2013,Europe,1.455,78.17,10511164
Czechia,2014,Europe,1.526,78.74,10517223
Czechia,2015,Europe,1.589,78.56,10524418
Czechia,2016,Europe,1.652,78.97,10531946
Czechia,2017,Europe,1.715,78.93,10541343
Czechia,2018,Europe,1.744,78.96,10548934
Czechia,2019,Europe,1.753,79.19,10554872
Czechia,2020,Europe,1.763,78.24,10550129
Czechia,2021,Europe,1.823,77.23,10530683
Czechia,2022,Europe,1.618,79.17,10673216
Czechia,2023,Europe,1.448,79.83,10809722
Czechia,2024,Europe,1.44,79.97,10735857
Czechia,2025,Europe,1.431,80.11,10609241
Germany,1991,Europe,1.344,75.56,80303190
Germany,1992,Europe,1.305,76.0,80934901
Germany,1993,Europe,1.288,76.08,81486771
Germany,1994,Europe,1.254,76.38,81773613
Germany,1995,Europe,1.262,76.55,82019890
Germany,1996,Europe,1.33,76.78,82263195
Germany,1997,Europe,1.377,77.22,82389631
Germany,1998,Europe,1.364,77.58,82011933
Germany,1999,Europe,1.37,77.8,81678279
Germany,2000,Europe,1.386,78.06,81797255
Germany,2001,Europe,1.354,78.4,81933882
Germany,2002,Europe,1.344,78.47,82068328
Germany,2003,Europe,1.343,78.54,82111619
Germany,2004,Europe,1.361,79.12,82092706
Germany,2005,Europe,1.344,79.25,82046733
Germany,2006,Europe,1.339,79.59,81701971
Germany,2007,Europe,1.378,79.73,81298546
Germany,2008,Europe,1.387,79.82,81110780
Germany,2009,Europe,1.367,79.92,80935276
Germany,2010,Europe,1.4,80.08,80830916
Germany,2011,Europe,1.385,80.36,80857877
Germany,2012,Europe,1.405,80.5,80916391
Germany,2013,Europe,1.415,80.45,81041581
Germany,2014,Europe,1.469,80.91,81376078
Germany,2015,Europe,1.501,80.57,82077546
Germany,2016,Europe,1.591,80.84,82760102
Germany,2017,Europe,1.57,80.94,83104010
Germany,2018,Europe,1.566,80.88,83368507
Germany,2019,Europe,1.541,81.19,83559184
Germany,2020,Europe,1.531,81.0,83628711
Germany,2021,Europe,1.577,81.11,83697080
Germany,2022,Europe,1.46,80.58,84086227
Germany,2023,Europe,1.441,81.38,84548233
Germany,2024,Europe,1.438,81.54,84552234
Germany,2025,Europe,1.435,81.71,84075075
Djibouti,1950,Africa,6.821,40.73,62349
Djibouti,1951,Africa,6.813,41.04,64326
Djibouti,1952,Africa,6.811,41.23,66371
Djibouti,1953,Africa,6.819,41.48,68501
Djibouti,1954,Africa,6.823,41.77,70723
Djibouti,1955,Africa,6.824,42.04,73023
Djibouti,1956,Africa,6.825,42.29,75403
Djibouti,1957,Africa,6.82,42.57,77884
Djibouti,1958,Africa,6.831,42.77,80457
Djibouti,1959,Africa,6.83,43.08,83102
Djibouti,1960,Africa,6.847,43.42,86040
Djibouti,1961,Africa,6.848,43.78,89407
Djibouti,1962,Africa,6.854,44.09,93305
Djibouti,1963,Africa,6.86,44.44,97887
Djibouti,1964,Africa,6.872,44.81,103214
Djibouti,1965,Africa,6.864,45.23,109108
Djibouti,1966,Africa,6.875,45.62,115284
Djibouti,1967,Africa,6.87,46.1,121659
Djibouti,1968,Africa,6.876,46.55,128264
Djibouti,1969,Africa,6.878,47.07,136090
Djibouti,1970,Africa,6.879,47.54,145188
Djibouti,1971,Africa,6.882,47.26,155152
Djibouti,1972,Africa,6.851,48.53,166268
Djibouti,1973,Africa,6.817,49.1,178460
Djibouti,1974,Africa,6.78,49.52,192622
Djibouti,1975,Africa,6.737,49.92,209922
Djibouti,1976,Africa,6.691,50.34,230747
Djibouti,1977,Africa,6.64,50.76,254629
Djibouti,1978,Africa,6.586,51.17,280042
Djibouti,1979,Africa,6.523,51.6,304525
Djibouti,1980,Africa,6.46,52.05,325822
Djibouti,1981,Africa,6.397,52.35,343056
Djibouti,1982,Africa,6.342,52.89,356887
Djibouti,1983,Africa,6.298,53.33,369558
Djibouti,1984,Africa,6.247,53.74,384072
Djibouti,1985,Africa,6.192,54.08,402691
Djibouti,1986,Africa,6.139,54.49,426345
Djibouti,1987,Africa,6.086,54.83,454409
Djibouti,1988,Africa,6.03,55.13,484531
Djibouti,1989,Africa,5.973,55.37,523362
Djibouti,1990,Africa,5.931,55.47,579544
Djibouti,1991,Africa,5.856,55.19,631096
Djibouti,1992,Africa,5.751,54.38,626016
Djibouti,1993,Africa,5.638,55.73,614247
Djibouti,1994,Africa,5.507,55.59,626717
Djibouti,1995,Africa,5.331,56.23,633075
Djibouti,1996,Africa,5.149,56.33,648354
Djibouti,1997,Africa,4.966,56.21,671826
Djibouti,1998,Africa,4.795,56.43,699355
Djibouti,1999,Africa,4.687,56.56,724228
Djibouti,2000,Africa,4.601,56.73,747326
Djibouti,2001,Africa,4.518,57.51,771311
Djibouti,2002,Africa,4.41,57.82,795576
Djibouti,2003,Africa,4.296,58.04,813528
Djibouti,2004,Africa,4.162,58.1,826133
Djibouti,2005,Africa,4.035,58.55,839174
Djibouti,2006,Africa,3.899,58.96,855767
Djibouti,2007,Africa,3.756,59.36,874530
Djibouti,2008,Africa,3.621,59.81,892739
Djibouti,2009,Africa,3.521,60.35,911524
Djibouti,2010,Africa,3.431,60.74,930252
Djibouti,2011,Africa,3.341,61.34,948565
Djibouti,2012,Africa,3.255,61.72,966754
Djibouti,2013,Africa,3.187,62.12,984833
Djibouti,2014,Africa,3.116,62.43,1002720
Djibouti,2015,Africa,3.041,62.83,1020316
Djibouti,2016,Africa,2.969,63.34,1037660
Djibouti,2017,Africa,2.916,63.71,1054844
Djibouti,2018,Africa,2.858,64.11,1071886
Djibouti,2019,Africa,2.798,64.38,1088710
Djibouti,2020,Africa,2.745,64.2,1105193
Djibouti,2021,Africa,2.699,63.83,1121251
Djibouti,2022,Africa,2.653,65.54,1137101
Djibouti,2023,Africa,2.609,65.99,1152951
Djibouti,2024,Africa,2.57,66.2,1168726
Djibouti,2025,Africa,2.531,66.41,1184082
Dominica,1950,Americas,5.236,44.49,50219
Dominica,1951,Americas,5.37,46.32,50464
Dominica,1952,Americas,5.504,48.16,50862
Dominica,1953,Americas,5.64,49.99,51401
Dominica,1954,Americas,5.774,51.67,52103
Dominica,1955,Americas,5.907,53.41,52974
Dominica,1956,Americas,6.025,55.04,54006
Dominica,1957,Americas,6.118,56.54,55216
Dominica,1958,Americas,6.168,57.91,56606
Dominica,1959,Americas,6.183,59.12,58123
Dominica,1960,Americas,6.178,60.08,59386
Dominica,1961,Americas,6.156,61.02,60230
Dominica,1962,Americas,6.122,61.89,60969
Dominica,1963,Americas,6.084,62.61,61759
Dominica,1964,Americas,6.027,63.28,62602
Dominica,1965,Americas,5.952,63.91,63522
Dominica,1966,Americas,5.856,64.46,64522
Dominica,1967,Americas,5.737,64.86,65598
Dominica,1968,Americas,5.587,65.28,66751
Dominica,1969,Americas,5.412,65.7,67956
Dominica,1970,Americas,5.215,66.21,68927
Dominica,1971,Americas,4.985,66.76,69548
Dominica,1972,Americas,4.671,67.47,70072
Dominica,1973,Americas,4.275,68.1,70603
Dominica,1974,Americas,3.842,68.58,71106
Dominica,1975,Americas,3.461,69.06,71589
Dominica,1976,Americas,3.191,69.41,72036
Dominica,1977,Americas,3.02,69.72,72424
Dominica,1978,Americas,2.955,70.11,72741
Dominica,1979,Americas,2.96,69.19,72978
Dominica,1980,Americas,3.035,71.01,73102
Dominica,1981,Americas,3.114,71.46,73004
Dominica,1982,Americas,3.166,71.75,72704
Dominica,1983,Americas,3.178,72.0,72385
Dominica,1984,Americas,3.151,71.91,72075
Dominica,1985,Americas,3.116,71.92,71768
Dominica,1986,Americas,3.084,71.67,71426
Dominica,1987,Americas,3.063,71.37,71044
Dominica,1988,Americas,3.056,70.97,70628
Dominica,1989,Americas,3.059,70.66,70171
Dominica,1990,Americas,3.092,70.47,69644
Dominica,1991,Americas,3.145,70.4,69321
Dominica,1992,Americas,3.177,70.47,69344
Dominica,1993,Americas,3.201,70.61,69453
Dominica,1994,Americas,2.964,70.78,69493
Dominica,1995,Americas,2.708,70.83,69490
Dominica,1996,Americas,2.546,71.04,69422
Dominica,1997,Americas,2.406,71.19,69315
Dominica,1998,Americas,2.315,71.35,69144
Dominica,1999,Americas,2.458,71.53,68883
Dominica,2000,Americas,2.346,71.72,68527
Dominica,2001,Americas,2.399,71.86,68299
Dominica,2002,Americas,2.16,71.93,68385
Dominica,2003,Americas,2.075,71.94,68552
Dominica,2004,Americas,2.023,71.99,68664
Dominica,2005,Americas,1.998,72.02,68750
Dominica,2006,Americas,2.074,72.01,68823
Dominica,2007,Americas,2.022,71.9,68862
Dominica,2008,Americas,1.968,71.94,68866
Dominica,2009,Americas,1.918,71.83,68879
Dominica,2010,Americas,1.887,71.68,68872
Dominica,2011,Americas,1.861,71.52,69073
Dominica,2012,Americas,1.827,71.39,69138
Dominica,2013,Americas,1.778,71.23,69733
Dominica,2014,Americas,1.713,71.19,70387
Dominica,2015,Americas,1.648,69.97,70429
Dominica,2016,Americas,1.581,71.19,69627
Dominica,2017,Americas,1.54,68.62,68514
Dominica,2018,Americas,1.517,71.38,68195
Dominica,2019,Americas,1.504,71.31,67901
Dominica,2020,Americas,1.495,71.27,67588
Dominica,2021,Americas,1.484,69.83,67222
Dominica,2022,Americas,1.482,71.08,66847
Dominica,2023,Americas,1.484,71.13,66531
Dominica,2024,Americas,1.462,71.29,66226
Dominica,2025,Americas,1.44,71.45,65892
Denmark,1950,Europe,2.572,70.31,4268408
Denmark,1951,Europe,2.508,70.92,4300262
Denmark,1952,Europe,2.539,70.76,4332237
Denmark,1953,Europe,2.598,71.17,4369107
Denmark,1954,Europe,2.561,71.34,4406404
Denmark,1955,Europe,2.589,71.91,4438843
Denmark,1956,Europe,2.6,72.04,4466342
Denmark,1957,Europe,2.556,71.81,4489659
Denmark,1958,Europe,2.528,72.24,4516072
Denmark,1959,Europe,2.493,72.22,4548480
Denmark,1960,Europe,2.561,72.2,4579347
Denmark,1961,Europe,2.547,72.45,4611358
Denmark,1962,Europe,2.549,72.35,4647466
Denmark,1963,Europe,2.655,72.42,4684268
Denmark,1964,Europe,2.601,72.51,4721889
Denmark,1965,Europe,2.608,72.39,4758837
Denmark,1966,Europe,2.607,72.47,4797199
Denmark,1967,Europe,2.351,72.95,4835223
Denmark,1968,Europe,2.119,73.15,4864801
Denmark,1969,Europe,1.998,73.25,4891798
Denmark,1970,Europe,1.956,73.36,4928674
Denmark,1971,Europe,2.038,73.43,4963064
Denmark,1972,Europe,2.026,73.47,4991569
Denmark,1973,Europe,1.921,73.69,5021765
Denmark,1974,Europe,1.898,73.82,5045639
Denmark,1975,Europe,1.908,74.1,5060403
Denmark,1976,Europe,1.75,73.77,5072803
Denmark,1977,Europe,1.663,74.66,5088571
Denmark,1978,Europe,1.661,74.43,5104341
Denmark,1979,Europe,1.601,74.24,5116862
Denmark,1980,Europe,1.54,74.13,5123079
Denmark,1981,Europe,1.44,74.25,5121628
Denmark,1982,Europe,1.42,74.6,5117897
Denmark,1983,Europe,1.378,74.46,5114468
Denmark,1984,Europe,1.398,74.62,5111831
Denmark,1985,Europe,1.443,74.48,5113878
Denmark,1986,Europe,1.476,74.64,5120691
Denmark,1987,Europe,1.497,74.75,5127134
Denmark,1988,Europe,1.558,74.84,5129650
Denmark,1989,Europe,1.617,74.86,5132717
Denmark,1990,Europe,1.664,74.86,5141024
Denmark,1991,Europe,1.685,75.23,5154346
Denmark,1992,Europe,1.755,75.27,5171372
Denmark,1993,Europe,1.75,75.19,5188638
Denmark,1994,Europe,1.801,75.44,5206188
Denmark,1995,Europe,1.801,75.29,5233364
Denmark,1996,Europe,1.751,75.66,5263071
Denmark,1997,Europe,1.749,76.04,5285041
Denmark,1998,Europe,1.723,76.44,5304263
Denmark,1999,Europe,1.734,76.58,5321814
Denmark,2000,Europe,1.765,76.81,5339659
Denmark,2001,Europe,1.742,76.97,5358825
Denmark,2002,Europe,1.726,77.1,5375967
Denmark,2003,Europe,1.756,77.4,5390621
Denmark,2004,Europe,1.779,77.78,5404594
Denmark,2005,Europe,1.798,78.23,5419550
Denmark,2006,Europe,1.841,78.22,5437425
Denmark,2007,Europe,1.842,78.35,5461604
Denmark,2008,Europe,1.88,78.71,5493762
Denmark,2009,Europe,1.84,78.96,5523169
Denmark,2010,Europe,1.858,79.25,5547865
Denmark,2011,Europe,1.754,79.79,5570848
Denmark,2012,Europe,1.723,80.08,5591911
Denmark,2013,Europe,1.67,80.31,5615333
Denmark,2014,Europe,1.688,80.63,5643795
Denmark,2015,Europe,1.712,80.74,5683698
Denmark,2016,Europe,1.775,80.88,5728196
Denmark,2017,Europe,1.749,81.11,5765164
Denmark,2018,Europe,1.726,80.99,5793824
Denmark,2019,Europe,1.698,81.43,5814618
Denmark,2020,Europe,1.678,81.55,5831529
Denmark,2021,Europe,1.73,81.44,5856774
Denmark,2022,Europe,1.559,81.29,5902901
Denmark,2023,Europe,1.511,81.93,5948134
Denmark,2024,Europe,1.493,82.09,5977417
Denmark,2025,Europe,1.474,82.25,6002515
Dominican Republic,1950,Americas,7.507,44.06,2379896
Dominican Republic,1951,Americas,7.536,44.83,2450150
Dominican Republic,1952,Americas,7.589,45.57,2525056
Dominican Republic,1953,Americas,7.629,46.35,2604818
Dominican Republic,1954,Americas,7.656,47.12,2689101
Dominican Republic,1955,Americas,7.672,47.92,2777636
Dominican Republic,1956,Americas,7.675,48.71,2870034
Dominican Republic,1957,Americas,7.665,49.47,2965778
Dominican Republic,1958,Americas,7.643,50.21,3064350
Dominican Republic,1959,Americas,7.606,50.95,3165304
Dominican Republic,1960,Americas,7.555,51.7,3268341
Dominican Republic,1961,Americas,7.487,52.45,3373237
Dominican Republic,1962,Americas,7.404,53.2,3479940
Dominican Republic,1963,Americas,7.303,53.75,3588293
Dominican Republic,1964,Americas,7.186,54.65,3698563
Dominican Republic,1965,Americas,7.053,52.84,3808965
Dominican Republic,1966,Americas,6.949,55.97,3921849
Dominican Republic,1967,Americas,6.755,56.65,4038932
Dominican Republic,1968,Americas,6.548,57.27,4157191
Dominican Republic,1969,Americas,6.366,57.89,4277039
Dominican Republic,1970,Americas,6.184,58.49,4399294
Dominican Republic,1971,Americas,6.009,59.09,4524238
Dominican Republic,1972,Americas,5.841,59.66,4651892
Dominican Republic,1973,Americas,5.667,60.23,4782235
Dominican Republic,1974,Americas,5.44,60.76,4914198
Dominican Republic,1975,Americas,5.235,61.25,5046783
Dominican Republic,1976,Americas,5.046,61.74,5180404
Dominican Republic,1977,Americas,4.842,62.2,5315446
Dominican Republic,1978,Americas,4.644,62.62,5451891
Dominican Republic,1979,Americas,4.473,62.42,5589694
Dominican Republic,1980,Americas,4.302,63.39,5729043
Dominican Republic,1981,Americas,4.149,63.78,5868459
Dominican Republic,1982,Americas,4.014,64.2,6007115
Dominican Republic,1983,Americas,3.947,64.63,6147244
Dominican Republic,1984,Americas,3.822,65.13,6289048
Dominican Republic,1985,Americas,3.686,65.61,6430404
Dominican Republic,1986,Americas,3.603,66.06,6571213
Dominican Republic,1987,Americas,3.528,66.49,6712519
Dominican Republic,1988,Americas,3.5,66.91,6855737
Dominican Republic,1989,Americas,3.475,67.33,7002300
Dominican Republic,1990,Americas,3.411,67.75,7151165
Dominican Republic,1991,Americas,3.349,68.15,7299849
Dominican Republic,1992,Americas,3.287,68.53,7447476
Dominican Republic,1993,Americas,3.226,68.86,7594567
Dominican Republic,1994,Americas,3.163,69.16,7741694
Dominican Republic,1995,Americas,3.101,69.39,7888120
Dominican Republic,1996,Americas,3.04,69.59,8032895
Dominican Republic,1997,Americas,2.922,69.81,8174081
Dominican Republic,1998,Americas,2.835,69.88,8310369
Dominican Republic,1999,Americas,2.846,70.18,8446207
Dominican Republic,2000,Americas,2.869,70.36,8584196
Dominican Republic,2001,Americas,2.827,70.55,8720287
Dominican Republic,2002,Americas,2.764,70.72,8852231
Dominican Republic,2003,Americas,2.703,70.86,8980626
Dominican Republic,2004,Americas,2.641,70.73,9104889
Dominican Republic,2005,Americas,2.574,71.04,9225035
Dominican Republic,2006,Americas,2.508,71.05,9341187
Dominican Republic,2007,Americas,2.51,71.1,9455663
Dominican Republic,2008,Americas,2.546,71.33,9573135
Dominican Republic,2009,Americas,2.574,71.59,9695270
Dominican Republic,2010,Americas,2.556,72.04,9820180
Dominican Republic,2011,Americas,2.527,72.5,9945623
Dominican Republic,2012,Americas,2.497,72.82,10070409
Dominican Republic,2013,Americas,2.474,73.04,10193838
Dominican Republic,2014,Americas,2.451,73.14,10315523
Dominican Republic,2015,Americas,2.43,72.98,10434826
Dominican Republic,2016,Americas,2.41,72.89,10551430
Dominican Republic,2017,Americas,2.398,73.37,10666846
Dominican Republic,2018,Americas,2.397,73.56,10782048
Dominican Republic,2019,Americas,2.366,73.11,10894043
Dominican Republic,2020,Americas,2.329,72.64,11008298
Dominican Republic,2021,Americas,2.294,71.76,11123480
Dominican Republic,2022,Americas,2.267,74.21,11230734
Dominican Republic,2023,Americas,2.243,73.72,11331269
Dominican Republic,2024,Americas,2.221,73.87,11427558
Dominican Republic,2025,Americas,2.199,73.99,11520483
Algeria,1950,Africa,7.324,42.68,9018423
Algeria,1951,Africa,7.307,43.3,9269870
Algeria,1952,Africa,7.289,43.47,9521212
Algeria,1953,Africa,7.291,43.6,9772644
Algeria,1954,Africa,7.311,40.64,10014393
Algeria,1955,Africa,7.336,40.87,10247429
Algeria,1956,Africa,7.358,40.91,10482183
Algeria,1957,Africa,7.386,40.92,10717503
Algeria,1958,Africa,7.438,40.9,10953641
Algeria,1959,Africa,7.454,40.88,11189621
Algeria,1960,Africa,7.503,40.84,11424930
Algeria,1961,Africa,7.564,40.79,11628877
Algeria,1962,Africa,7.607,39.53,11800768
Algeria,1963,Africa,7.649,43.14,11982121
Algeria,1964,Africa,7.672,42.99,12179807
Algeria,1965,Africa,7.711,42.85,12365979
Algeria,1966,Africa,7.71,42.74,12590068
Algeria,1967,Africa,7.712,42.73,12876115
Algeria,1968,Africa,7.711,42.81,13172615
Algeria,1969,Africa,7.709,42.99,13475959
Algeria,1970,Africa,7.704,43.33,13783722
Algeria,1971,Africa,7.671,43.78,14098937
Algeria,1972,Africa,7.634,44.38,14427075
Algeria,1973,Africa,7.592,45.1,14771150
Algeria,1974,Africa,7.545,45.95,15133508
Algeria,1975,Africa,7.485,46.92,15678603
Algeria,1976,Africa,7.405,48.03,16409171
Algeria,1977,Africa,7.312,49.25,17015988
Algeria,1978,Africa,7.211,50.62,17506977
Algeria,1979,Africa,7.119,52.41,18036655
Algeria,1980,Africa,6.994,54.51,18607175
Algeria,1981,Africa,6.845,57.42,19220708
Algeria,1982,Africa,6.675,59.59,19872353
Algeria,1983,Africa,6.496,61.25,20558120
Algeria,1984,Africa,6.283,62.72,21271969
Algeria,1985,Africa,6.035,64.16,22008542
Algeria,1986,Africa,5.645,65.27,22745501
Algeria,1987,Africa,5.298,66.13,23443627
Algeria,1988,Africa,5.023,66.91,24109538
Algeria,1989,Africa,4.761,67.46,24754488
Algeria,1990,Africa,4.509,67.66,25375815
Algeria,1991,Africa,4.366,67.69,25987937
Algeria,1992,Africa,4.274,67.72,26628570
Algeria,1993,Africa,4.076,67.8,27277042
Algeria,1994,Africa,3.914,67.28,27887277
Algeria,1995,Africa,3.487,67.69,28470194
Algeria,1996,Africa,3.139,68.22,29033045
Algeria,1997,Africa,2.886,68.86,29579299
Algeria,1998,Africa,2.691,69.33,30054135
Algeria,1999,Africa,2.62,70.09,30474360
Algeria,2000,Africa,2.59,70.58,30903894
Algeria,2001,Africa,2.519,71.03,31331226
Algeria,2002,Africa,2.429,71.64,31750832
Algeria,2003,Africa,2.451,71.91,32175813
Algeria,2004,Africa,2.5,72.54,32628286
Algeria,2005,Africa,2.562,72.84,33109258
Algeria,2006,Africa,2.628,73.12,33623505
Algeria,2007,Africa,2.704,73.35,34189420
Algeria,2008,Africa,2.785,73.62,34816963
Algeria,2009,Africa,2.825,73.87,35490442
Algeria,2010,Africa,2.875,74.14,36188237
Algeria,2011,Africa,2.899,74.38,36903374
Algeria,2012,Africa,2.996,74.61,37646165
Algeria,2013,Africa,2.997,74.81,38414176
Algeria,2014,Africa,3.084,74.99,39205035
Algeria,2015,Africa,3.091,75.16,40019528
Algeria,2016,Africa,3.091,75.31,40850719
Algeria,2017,Africa,3.09,75.43,41689302
Algeria,2018,Africa,3.019,75.56,42505033
Algeria,2019,Africa,2.997,75.68,43294551
Algeria,2020,Africa,2.94,73.26,44042094
Algeria,2021,Africa,2.87,75.21,44761099
Algeria,2022,Africa,2.817,76.13,45477391
Algeria,2023,Africa,2.766,76.26,46164222
Algeria,2024,Africa,2.733,76.47,46814302
Algeria,2025,Africa,2.7,76.69,47435310
Ecuador,1950,Americas,6.725,48.45,3516791
Ecuador,1951,Americas,6.733,48.9,3607837
Ecuador,1952,Americas,6.748,49.23,3702403
Ecuador,1953,Americas,6.758,49.56,3800296
Ecuador,1954,Americas,6.765,49.96,3901514
Ecuador,1955,Americas,6.767,50.39,4006189
Ecuador,1956,Americas,6.765,50.88,4114537
Ecuador,1957,Americas,6.76,51.45,4226856
Ecuador,1958,Americas,6.75,52.07,4343499
Ecuador,1959,Americas,6.737,52.74,4464761
Ecuador,1960,Americas,6.721,53.4,4590893
Ecuador,1961,Americas,6.7,54.05,4722334
Ecuador,1962,Americas,6.676,54.68,4859272
Ecuador,1963,Americas,6.646,55.32,5001721
Ecuador,1964,Americas,6.61,55.95,5149925
Ecuador,1965,Americas,6.564,56.52,5303960
Ecuador,1966,Americas,6.507,57.02,5463749
Ecuador,1967,Americas,6.436,57.48,5629060
Ecuador,1968,Americas,6.351,57.95,5799683
Ecuador,1969,Americas,6.252,58.27,5975234
Ecuador,1970,Americas,6.138,58.85,6155392
Ecuador,1971,Americas,6.011,59.34,6340056
Ecuador,1972,Americas,5.873,59.82,6529040
Ecuador,1973,Americas,5.727,60.31,6722036
Ecuador,1974,Americas,5.577,60.7,6918571
Ecuador,1975,Americas,5.426,61.09,7118258
Ecuador,1976,Americas,5.276,61.42,7320913
Ecuador,1977,Americas,5.13,61.94,7526826
Ecuador,1978,Americas,4.989,62.4,7736176
Ecuador,1979,Americas,4.855,62.85,7948871
Ecuador,1980,Americas,4.73,63.33,8165882
Ecuador,1981,Americas,4.612,63.81,8386913
Ecuador,1982,Americas,4.501,64.27,8611296
Ecuador,1983,Americas,4.395,64.66,8840424
Ecuador,1984,Americas,4.305,65.2,9074783
Ecuador,1985,Americas,4.145,65.62,9311152
Ecuador,1986,Americas,4.0,66.12,9545999
Ecuador,1987,Americas,3.87,66.59,9779290
Ecuador,1988,Americas,3.787,67.04,10010804
Ecuador,1989,Americas,3.736,67.82,10241859
Ecuador,1990,Americas,3.68,68.44,10473674
Ecuador,1991,Americas,3.633,69.04,10702377
Ecuador,1992,Americas,3.575,69.47,10930128
Ecuador,1993,Americas,3.491,70.07,11154283
Ecuador,1994,Americas,3.42,70.88,11372197
Ecuador,1995,Americas,3.381,71.35,11590519
Ecuador,1996,Americas,3.351,71.82,11810954
Ecuador,1997,Americas,3.288,72.01,12031129
Ecuador,1998,Americas,3.228,71.95,12251188
Ecuador,1999,Americas,3.166,71.92,12470800
Ecuador,2000,Americas,3.102,72.09,12689215
Ecuador,2001,Americas,3.037,72.57,12910736
Ecuador,2002,Americas,2.972,73.16,13138473
Ecuador,2003,Americas,2.911,73.63,13372304
Ecuador,2004,Americas,2.853,73.87,13608700
Ecuador,2005,Americas,2.8,73.91,13846162
Ecuador,2006,Americas,2.753,74.01,14086138
Ecuador,2007,Americas,2.704,74.23,14328783
Ecuador,2008,Americas,2.688,74.71,14575201
Ecuador,2009,Americas,2.678,74.9,14825960
Ecuador,2010,Americas,2.615,75.19,15076697
Ecuador,2011,Americas,2.605,75.18,15326232
Ecuador,2012,Americas,2.509,75.49,15572195
Ecuador,2013,Americas,2.362,75.83,15807132
Ecuador,2014,Americas,2.274,76.14,16035127
Ecuador,2015,Americas,2.209,76.22,16266229
Ecuador,2016,Americas,2.122,76.09,16505142
Ecuador,2017,Americas,2.128,76.22,16759515
Ecuador,2018,Americas,2.111,77.25,17049542
Ecuador,2019,Americas,2.035,77.29,17340017
Ecuador,2020,Americas,1.967,72.0,17546058
Ecuador,2021,Americas,1.909,72.75,17682454
Ecuador,2022,Americas,1.861,76.58,17823900
Ecuador,2023,Americas,1.823,77.39,17980079
Ecuador,2024,Americas,1.796,77.58,18135478
Ecuador,2025,Americas,1.769,77.76,18289898
Egypt,1950,Africa,7.058,33.95,21148168
Egypt,1951,Africa,7.073,35.28,21605922
Egypt,1952,Africa,7.079,36.6,22104946
Egypt,1953,Africa,7.086,37.87,22644148
Egypt,1954,Africa,7.057,39.06,23212564
Egypt,1955,Africa,7.015,40.15,23795234
Egypt,1956,Africa,6.968,41.02,24387350
Egypt,1957,Africa,6.922,42.05,24994417
Egypt,1958,Africa,6.863,42.89,25600327
Egypt,1959,Africa,6.828,43.68,26226866
Egypt,1960,Africa,6.793,44.44,26896480
Egypt,1961,Africa,6.758,45.15,27600903
Egypt,1962,Africa,6.709,45.84,28337017
Egypt,1963,Africa,6.648,46.49,29091868
Egypt,1964,Africa,6.541,47.08,29858925
Egypt,1965,Africa,6.387,47.58,30629174
Egypt,1966,Africa,6.308,47.99,31406543
Egypt,1967,Africa,6.252,48.13,32196366
Egypt,1968,Africa,6.193,48.6,32998322
Egypt,1969,Africa,6.12,48.7,33811619
Egypt,1970,Africa,6.059,49.0,34623990
Egypt,1971,Africa,5.99,49.48,35433370
Egypt,1972,Africa,5.929,49.91,36258327
Egypt,1973,Africa,5.843,50.1,37102044
Egypt,1974,Africa,5.784,51.04,37969667
Egypt,1975,Africa,5.749,51.73,38875326
Egypt,1976,Africa,5.727,52.48,39795558
Egypt,1977,Africa,5.678,53.27,40748878
Egypt,1978,Africa,5.629,54.08,41761437
Egypt,1979,Africa,5.569,54.88,42818635
Egypt,1980,Africa,5.494,55.67,43950413
Egypt,1981,Africa,5.368,56.45,45147226
Egypt,1982,Africa,5.329,57.22,46407612
Egypt,1983,Africa,5.308,57.97,47786401
Egypt,1984,Africa,5.207,58.7,49247336
Egypt,1985,Africa,5.116,59.41,50734974
Egypt,1986,Africa,4.998,60.09,52206296
Egypt,1987,Africa,4.911,60.74,53674436
Egypt,1988,Africa,4.833,61.36,55187680
Egypt,1989,Africa,4.676,61.95,56710641
Egypt,1990,Africa,4.512,62.51,58396625
Egypt,1991,Africa,4.315,63.06,60029001
Egypt,1992,Africa,4.149,63.59,61480663
Egypt,1993,Africa,3.993,64.15,62915681
Egypt,1994,Africa,3.865,64.66,64285596
Egypt,1995,Africa,3.764,65.21,65652621
Egypt,1996,Africa,3.7,65.73,67028045
Egypt,1997,Africa,3.682,66.21,68431738
Egypt,1998,Africa,3.681,66.64,69943297
Egypt,1999,Africa,3.599,67.01,71520953
Egypt,2000,Africa,3.505,67.33,73083287
Egypt,2001,Africa,3.46,67.61,74652035
Egypt,2002,Africa,3.412,67.85,76239140
Egypt,2003,Africa,3.352,68.05,77853548
Egypt,2004,Africa,3.283,68.21,79477441
Egypt,2005,Africa,3.254,68.36,81101012
Egypt,2006,Africa,3.223,68.49,82700404
Egypt,2007,Africa,3.237,68.63,84276224
Egypt,2008,Africa,3.238,68.76,85864791
Egypt,2009,Africa,3.259,68.92,87501635
Egypt,2010,Africa,3.296,69.08,89196073
Egypt,2011,Africa,3.311,69.23,91093066
Egypt,2012,Africa,3.4,69.46,93161000
Egypt,2013,Africa,3.49,69.63,95333551
Egypt,2014,Africa,3.49,69.91,97528655
Egypt,2015,Africa,3.5,70.14,99597334
Egypt,2016,Africa,3.35,70.44,101644583
Egypt,2017,Africa,3.31,70.71,103696055
Egypt,2018,Africa,3.02,70.97,105682092
Egypt,2019,Africa,2.87,71.21,107553159
Egypt,2020,Africa,2.85,69.79,109315118
Egypt,2021,Africa,2.75,68.98,110957005
Egypt,2022,Africa,2.75,71.01,112618252
Egypt,2023,Africa,2.75,71.63,114535772
Egypt,2024,Africa,2.709,71.81,116538256
Egypt,2025,Africa,2.668,71.99,118365995
Spain,1950,Europe,2.47,61.75,28077048
Spain,1951,Europe,2.457,61.48,28214862
Spain,1952,Europe,2.539,64.83,28406044
Spain,1953,Europe,2.5,65.73,28632701
Spain,1954,Europe,2.438,66.91,28857828
Spain,1955,Europe,2.507,66.68,29089774
Spain,1956,Europe,2.54,66.75,29323672
Spain,1957,Europe,2.688,66.57,29569970
Spain,1958,Europe,2.728,68.78,29849658
Spain,1959,Europe,2.754,68.69,30140710
Spain,1960,Europe,2.808,69.21,30404938
Spain,1961,Europe,2.778,69.57,30699568
Spain,1962,Europe,2.804,69.63,31040106
Spain,1963,Europe,2.876,69.77,31379831
Spain,1964,Europe,2.998,70.49,31741586
Spain,1965,Europe,2.926,70.9,32110669
Spain,1966,Europe,2.913,71.16,32465887
Spain,1967,Europe,2.971,71.35,32820751
Spain,1968,Europe,2.923,71.67,33170121
Spain,1969,Europe,2.901,71.14,33496941
Spain,1970,Europe,2.884,72.15,33812720
Spain,1971,Europe,2.898,71.73,34157447
Spain,1972,Europe,2.869,72.95,34539861
Spain,1973,Europe,2.841,72.73,34926521
Spain,1974,Europe,2.871,73.09,35361763
Spain,1975,Europe,2.773,73.49,35795771
Spain,1976,Europe,2.764,73.81,36176273
Spain,1977,Europe,2.653,74.31,36551267
Spain,1978,Europe,2.539,74.5,36904970
Spain,1979,Europe,2.368,74.99,37230370
Spain,1980,Europe,2.212,75.53,37537560
Spain,1981,Europe,2.04,75.71,37812708
Spain,1982,Europe,1.936,76.32,38047097
Spain,1983,Europe,1.799,76.1,38253247
Spain,1984,Europe,1.722,76.48,38437483
Spain,1985,Europe,1.637,76.41,38601315
Spain,1986,Europe,1.554,76.7,38735706
Spain,1987,Europe,1.492,76.96,38852007
Spain,1988,Europe,1.444,76.95,38952258
Spain,1989,Europe,1.396,77.0,39029557
Spain,1990,Europe,1.358,77.0,39084975
Spain,1991,Europe,1.325,77.13,39201750
Spain,1992,Europe,1.306,77.59,39420344
Spain,1993,Europe,1.253,77.73,39651627
Spain,1994,Europe,1.19,78.11,39858721
Spain,1995,Europe,1.153,78.2,40052733
Spain,1996,Europe,1.139,78.34,40237375
Spain,1997,Europe,1.145,78.85,40423823
Spain,1998,Europe,1.131,78.94,40617436
Spain,1999,Europe,1.165,78.94,40812855
Spain,2000,Europe,1.21,79.41,41019772
Spain,2001,Europe,1.231,79.74,41245602
Spain,2002,Europe,1.251,79.82,41755703
Spain,2003,Europe,1.293,79.75,42506540
Spain,2004,Europe,1.313,80.33,43234562
Spain,2005,Europe,1.329,80.32,43958883
Spain,2006,Europe,1.36,80.96,44695446
Spain,2007,Europe,1.379,80.97,45516501
Spain,2008,Europe,1.436,81.28,46235055
Spain,2009,Europe,1.381,81.63,46635182
Spain,2010,Europe,1.366,82.01,46840469
Spain,2011,Europe,1.34,82.18,46998040
Spain,2012,Europe,1.318,82.19,47018323
Spain,2013,Europe,1.277,82.69,46860394
Spain,2014,Europe,1.315,82.83,46720187
Spain,2015,Europe,1.33,82.61,46683683
Spain,2016,Europe,1.332,83.0,46732768
Spain,2017,Europe,1.305,82.99,46868594
Spain,2018,Europe,1.26,83.1,47092817
Spain,2019,Europe,1.23,83.48,47435121
Spain,2020,Europe,1.186,82.24,47679482
Spain,2021,Europe,1.188,82.95,47735670
Spain,2022,Europe,1.205,82.37,47828386
Spain,2023,Europe,1.213,83.67,47911583
Spain,2024,Europe,1.202,83.8,47910533
Spain,2025,Europe,1.191,83.96,47889960
Estonia,1992,Europe,1.697,69.16,1540214
Estonia,1993,Europe,1.486,68.22,1504344
Estonia,1994,Europe,1.41,66.74,1475716
Estonia,1995,Europe,1.372,67.81,1452774
Estonia,1996,Europe,1.361,70.03,1434655
Estonia,1997,Europe,1.306,70.24,1421494
Estonia,1998,Europe,1.272,69.84,1411206
Estonia,1999,Europe,1.293,70.68,1403578
Estonia,2000,Europe,1.347,71.01,1397001
Estonia,2001,Europe,1.315,70.83,1388174
Estonia,2002,Europe,1.353,71.36,1379438
Estonia,2003,Europe,1.365,71.92,1370849
Estonia,2004,Europe,1.465,72.38,1362682
Estonia,2005,Europe,1.515,73.03,1354847
Estonia,2006,Europe,1.583,73.2,1346885
Estonia,2007,Europe,1.685,73.15,1340709
Estonia,2008,Europe,1.719,74.28,1337078
Estonia,2009,Europe,1.701,75.15,1334528
Estonia,2010,Europe,1.716,75.88,1331450
Estonia,2011,Europe,1.616,76.35,1327366
Estonia,2012,Europe,1.561,76.42,1322615
Estonia,2013,Europe,1.524,77.25,1317920
Estonia,2014,Europe,1.543,77.11,1314457
Estonia,2015,Europe,1.58,77.67,1314580
Estonia,2016,Europe,1.603,77.76,1315850
Estonia,2017,Europe,1.596,78.18,1317430
Estonia,2018,Europe,1.67,78.33,1321972
Estonia,2019,Europe,1.661,78.77,1326822
Estonia,2020,Europe,1.588,78.89,1329675
Estonia,2021,Europe,1.594,77.41,1331750
Estonia,2022,Europe,1.41,78.17,1350093
Estonia,2023,Europe,1.35,79.15,1367195
Estonia,2024,Europe,1.33,79.31,1360548
Estonia,2025,Europe,1.311,79.48,1344236
Ethiopia,1950,Africa,6.433,35.51,17670418
Ethiopia,1951,Africa,6.429,35.86,17989060
Ethiopia,1952,Africa,6.435,36.22,18326176
Ethiopia,1953,Africa,6.449,36.56,18674772
Ethiopia,1954,Africa,6.459,36.96,19038036
Ethiopia,1955,Africa,6.457,37.32,19419768
Ethiopia,1956,Africa,6.458,37.78,19818886
Ethiopia,1957,Africa,6.464,32.17,20173747
Ethiopia,1958,Africa,6.473,32.63,20480281
Ethiopia,1959,Africa,6.494,39.17,20878098
Ethiopia,1960,Africa,6.514,39.62,21376688
Ethiopia,1961,Africa,6.533,40.2,21906102
Ethiopia,1962,Africa,6.561,40.53,22465125
Ethiopia,1963,Africa,6.586,40.97,23051639
Ethiopia,1964,Africa,6.612,41.26,23666547
Ethiopia,1965,Africa,6.63,41.41,24310615
Ethiopia,1966,Africa,6.661,39.34,24952691
Ethiopia,1967,Africa,6.684,41.94,25620283
Ethiopia,1968,Africa,6.7,42.09,26337933
Ethiopia,1969,Africa,6.719,42.13,27072575
Ethiopia,1970,Africa,6.782,42.12,27829135
Ethiopia,1971,Africa,6.838,42.22,28600114
Ethiopia,1972,Africa,6.895,41.03,29374611
Ethiopia,1973,Africa,6.962,41.1,30166789
Ethiopia,1974,Africa,7.018,39.08,30957277
Ethiopia,1975,Africa,7.079,38.94,31723255
Ethiopia,1976,Africa,7.129,41.32,32534428
Ethiopia,1977,Africa,7.189,41.4,33167276
Ethiopia,1978,Africa,7.229,41.51,33734601
Ethiopia,1979,Africa,7.248,42.38,34238655
Ethiopia,1980,Africa,7.287,42.81,34428515
Ethiopia,1981,Africa,7.313,43.08,35304010
Ethiopia,1982,Africa,7.337,43.43,36701293
Ethiopia,1983,Africa,7.351,36.32,37740821
Ethiopia,1984,Africa,7.356,36.74,38735728
Ethiopia,1985,Africa,7.338,37.75,39842136
Ethiopia,1986,Africa,7.318,38.37,41037658
Ethiopia,1987,Africa,7.293,45.89,42460039
Ethiopia,1988,Africa,7.262,45.68,44150834
Ethiopia,1989,Africa,7.229,45.64,45879686
Ethiopia,1990,Africa,7.196,45.12,47609760
Ethiopia,1991,Africa,7.161,46.66,49717203
Ethiopia,1992,Africa,7.125,47.28,51853756
Ethiopia,1993,Africa,7.088,47.68,53708892
Ethiopia,1994,Africa,7.051,47.93,55611514
Ethiopia,1995,Africa,6.998,48.16,57537340
Ethiopia,1996,Africa,6.928,48.7,59467640
Ethiopia,1997,Africa,6.869,49.21,61404541
Ethiopia,1998,Africa,6.792,49.78,63363523
Ethiopia,1999,Africa,6.721,49.49,65374561
Ethiopia,2000,Africa,6.654,50.88,67411496
Ethiopia,2001,Africa,6.579,51.43,69487767
Ethiopia,2002,Africa,6.499,52.09,71635521
Ethiopia,2003,Africa,6.4,52.88,73832664
Ethiopia,2004,Africa,6.301,53.73,76077211
Ethiopia,2005,Africa,6.194,54.36,78367476
Ethiopia,2006,Africa,6.047,55.4,80703495
Ethiopia,2007,Africa,5.887,56.57,83103218
Ethiopia,2008,Africa,5.695,57.73,85543670
Ethiopia,2009,Africa,5.488,58.72,88007641
Ethiopia,2010,Africa,5.282,59.71,90538518
Ethiopia,2011,Africa,5.08,60.59,93149977
Ethiopia,2012,Africa,4.887,61.44,95798771
Ethiopia,2013,Africa,4.708,62.16,98438752
Ethiopia,2014,Africa,4.605,62.93,101115615
Ethiopia,2015,Africa,4.529,63.59,103867140
Ethiopia,2016,Africa,4.473,64.16,106718163
Ethiopia,2017,Africa,4.401,64.77,109666482
Ethiopia,2018,Africa,4.371,65.26,112664157
Ethiopia,2019,Africa,4.347,65.74,115737384
Ethiopia,2020,Africa,4.274,65.97,118917670
Ethiopia,2021,Africa,4.177,65.33,122138588
Ethiopia,2022,Africa,4.082,66.9,125384285
Ethiopia,2023,Africa,3.989,67.31,128691695
Ethiopia,2024,Africa,3.929,67.6,132059770
Ethiopia,2025,Africa,3.87,67.88,135472048
Finland,1950,Europe,3.153,64.2,4008410
Finland,1951,Europe,3.012,65.64,4047646
Finland,1952,Europe,3.051,66.52,4090839
Finland,1953,Europe,2.956,66.6,4139764
Finland,1954,Europe,2.927,67.55,4187256
Finland,1955,Europe,2.93,67.34,4235197
Finland,1956,Europe,2.91,67.98,4281930
Finland,1957,Europe,2.851,67.45,4324192
Finland,1958,Europe,2.682,68.61,4359882
Finland,1959,Europe,2.737,68.8,4394750
Finland,1960,Europe,2.719,68.99,4429631
Finland,1961,Europe,2.711,69.01,4460998
Finland,1962,Europe,2.68,68.74,4491739
Finland,1963,Europe,2.675,69.18,4523897
Finland,1964,Europe,2.589,69.38,4549092
Finland,1965,Europe,2.475,69.13,4564150
Finland,1966,Europe,2.404,69.64,4581446
Finland,1967,Europe,2.316,69.82,4606642
Finland,1968,Europe,2.135,69.78,4627352
Finland,1969,Europe,1.93,69.65,4624083
Finland,1970,Europe,1.822,70.33,4606308
Finland,1971,Europe,1.685,70.15,4612135
Finland,1972,Europe,1.575,70.87,4639548
Finland,1973,Europe,1.501,71.37,4665909
Finland,1974,Europe,1.609,71.29,4690366
Finland,1975,Europe,1.678,71.84,4711172
Finland,1976,Europe,1.701,71.99,4725340
Finland,1977,Europe,1.678,72.51,4738581
Finland,1978,Europe,1.642,73.08,4752243
Finland,1979,Europe,1.634,73.36,4764437
Finland,1980,Europe,1.63,73.65,4779358
Finland,1981,Europe,1.645,73.97,4799849
Finland,1982,Europe,1.71,74.53,4826884
Finland,1983,Europe,1.73,74.44,4855791
Finland,1984,Europe,1.692,74.74,4881827
Finland,1985,Europe,1.64,74.42,4902262
Finland,1986,Europe,1.597,74.77,4918256
Finland,1987,Europe,1.592,74.8,4932257
Finland,1988,Europe,1.685,74.77,4946629
Finland,1989,Europe,1.708,74.97,4964525
Finland,1990,Europe,1.776,74.99,4986576
Finland,1991,Europe,1.794,75.41,5013889
Finland,1992,Europe,1.84,75.65,5042145
Finland,1993,Europe,1.815,75.89,5066594
Finland,1994,Europe,1.839,76.58,5088454
Finland,1995,Europe,1.805,76.6,5107919
Finland,1996,Europe,1.772,76.87,5124715
Finland,1997,Europe,1.742,77.06,5139927
Finland,1998,Europe,1.702,77.26,5153545
Finland,1999,Europe,1.729,77.45,5165516
Finland,2000,Europe,1.726,77.67,5176197
Finland,2001,Europe,1.722,78.14,5187970
Finland,2002,Europe,1.718,78.27,5200548
Finland,2003,Europe,1.756,78.53,5212958
Finland,2004,Europe,1.795,78.85,5228147
Finland,2005,Europe,1.801,78.97,5246078
Finland,2006,Europe,1.832,79.37,5266248
Finland,2007,Europe,1.828,79.39,5288715
Finland,2008,Europe,1.843,79.69,5313379
Finland,2009,Europe,1.86,79.83,5338854
Finland,2010,Europe,1.863,80.01,5363347
Finland,2011,Europe,1.826,80.39,5388236
Finland,2012,Europe,1.797,80.51,5413978
Finland,2013,Europe,1.745,80.87,5439057
Finland,2014,Europe,1.706,81.06,5461686
Finland,2015,Europe,1.645,81.38,5479719
Finland,2016,Europe,1.565,81.3,5495468
Finland,2017,Europe,1.487,81.5,5508398
Finland,2018,Europe,1.407,81.63,5515730
Finland,2019,Europe,1.351,81.86,5521754
Finland,2020,Europe,1.374,81.82,5529616
Finland,2021,Europe,1.461,81.81,5541069
Finland,2022,Europe,1.318,81.24,5569300
Finland,2023,Europe,1.28,81.91,5601185
Finland,2024,Europe,1.261,82.08,5617311
Finland,2025,Europe,1.242,82.24,5623328
France,1950,Europe,2.965,66.38,41883122
France,1951,Europe,2.818,66.1,42333662
France,1952,Europe,2.779,67.39,42780274
France,1953,Europe,2.702,67.32,43227873
France,1954,Europe,2.713,68.19,43676898
France,1955,Europe,2.699,68.44,44136093
France,1956,Europe,2.693,68.47,44588525
France,1957,Europe,2.71,68.9,45036374
France,1958,Europe,2.689,70.11,45493502
France,1959,Europe,2.746,70.17,45963766
France,1960,Europe,2.735,70.37,46428136
France,1961,Europe,2.829,70.96,46893841
France,1962,Europe,2.788,70.47,47352626
France,1963,Europe,2.873,70.32,47817823
France,1964,Europe,2.88,71.28,48319087
France,1965,Europe,2.826,71.11,48772824
France,1966,Europe,2.781,71.51,49184651
France,1967,Europe,2.649,71.5,49574907
France,1968,Europe,2.571,71.49,49947252
France,1969,Europe,2.526,71.21,50355300
France,1970,Europe,2.481,72.09,50813071
France,1971,Europe,2.499,72.07,51293056
France,1972,Europe,2.427,72.31,51743877
France,1973,Europe,2.32,72.48,52162210
France,1974,Europe,2.125,72.8,52504744
France,1975,Europe,1.935,72.9,52746324
France,1976,Europe,1.832,73.12,52959120
France,1977,Europe,1.868,73.73,53197133
France,1978,Europe,1.83,73.84,53429668
France,1979,Europe,1.863,74.12,53660898
France,1980,Europe,1.951,74.23,53941061
France,1981,Europe,1.947,74.4,54255004
France,1982,Europe,1.917,74.77,54582405
France,1983,Europe,1.79,74.73,54889407
France,1984,Europe,1.806,75.22,55176626
France,1985,Europe,1.816,75.31,55467153
France,1986,Europe,1.832,75.58,55752833
France,1987,Europe,1.804,76.15,56048366
France,1988,Europe,1.808,76.4,56361846
France,1989,Europe,1.791,76.54,56685081
France,1990,Europe,1.782,76.83,56990239
France,1991,Europe,1.773,77.02,57271564
France,1992,Europe,1.735,77.3,57554867
France,1993,Europe,1.661,77.35,57801261
France,1994,Europe,1.665,77.77,57999868
France,1995,Europe,1.718,77.87,58192207
France,1996,Europe,1.74,78.06,58380638
France,1997,Europe,1.73,78.42,58568662
France,1998,Europe,1.764,78.59,58778817
France,1999,Europe,1.793,78.75,59084209
France,2000,Europe,1.876,79.04,59483716
France,2001,Europe,1.879,79.22,59905131
France,2002,Europe,1.865,79.41,60327247
France,2003,Europe,1.873,79.42,60741119
France,2004,Europe,1.898,80.34,61175244
France,2005,Europe,1.916,80.34,61625031
France,2006,Europe,1.974,80.75,62049831
France,2007,Europe,1.952,80.96,62432438
France,2008,Europe,1.987,81.04,62780187
France,2009,Europe,1.99,81.16,63106460
France,2010,Europe,2.017,81.41,63417366
France,2011,Europe,1.995,81.78,63733776
France,2012,Europe,1.99,81.74,64058465
France,2013,Europe,1.973,81.98,64387736
France,2014,Europe,1.974,82.44,64692495
France,2015,Europe,1.927,82.15,64916337
France,2016,Europe,1.892,82.4,65086853
France,2017,Europe,1.859,82.44,65284775
France,2018,Europe,1.837,82.57,65519537
France,2019,Europe,1.826,82.73,65729460
France,2020,Europe,1.785,82.2,65905273
France,2021,Europe,1.799,82.32,66083547
France,2022,Europe,1.76,82.47,66277412
France,2023,Europe,1.639,83.33,66438828
France,2024,Europe,1.614,83.46,66548532
France,2025,Europe,1.59,83.58,66650804
Gabon,1950,Africa,3.948,39.27,472843
Gabon,1951,Africa,3.953,39.98,475640
Gabon,1952,Africa,3.969,40.74,478588
Gabon,1953,Africa,3.992,41.48,481760
Gabon,1954,Africa,4.025,42.19,485163
Gabon,1955,Africa,4.066,42.95,488818
Gabon,1956,Africa,4.115,43.66,492790
Gabon,1957,Africa,4.172,44.36,497074
Gabon,1958,Africa,4.25,45.06,501738
Gabon,1959,Africa,4.336,45.76,506813
Gabon,1960,Africa,4.422,46.44,512324
Gabon,1961,Africa,4.504,47.12,518275
Gabon,1962,Africa,4.587,47.78,524656
Gabon,1963,Africa,4.649,48.42,531459
Gabon,1964,Africa,4.713,48.99,538665
Gabon,1965,Africa,4.785,49.71,546320
Gabon,1966,Africa,4.861,50.32,554471
Gabon,1967,Africa,4.919,50.93,563114
Gabon,1968,Africa,4.984,51.55,572267
Gabon,1969,Africa,5.049,52.13,583284
Gabon,1970,Africa,5.097,52.7,595856
Gabon,1971,Africa,5.163,53.26,608355
Gabon,1972,Africa,5.237,53.81,620968
Gabon,1973,Africa,5.287,54.35,634003
Gabon,1974,Africa,5.327,54.91,647699
Gabon,1975,Africa,5.391,55.45,662205
Gabon,1976,Africa,5.457,55.97,677631
Gabon,1977,Africa,5.516,56.47,693994
Gabon,1978,Africa,5.568,56.95,711250
Gabon,1979,Africa,5.608,57.44,729380
Gabon,1980,Africa,5.664,57.89,748395
Gabon,1981,Africa,5.726,58.33,768394
Gabon,1982,Africa,5.74,58.64,789291
Gabon,1983,Africa,5.759,58.99,811007
Gabon,1984,Africa,5.733,59.34,833501
Gabon,1985,Africa,5.713,59.66,856737
Gabon,1986,Africa,5.688,59.96,880706
Gabon,1987,Africa,5.667,60.2,905481
Gabon,1988,Africa,5.623,60.4,931023
Gabon,1989,Africa,5.55,60.58,957147
Gabon,1990,Africa,5.459,60.74,983740
Gabon,1991,Africa,5.373,60.89,1010821
Gabon,1992,Africa,5.289,61.01,1038386
Gabon,1993,Africa,5.186,61.12,1066404
Gabon,1994,Africa,5.044,61.18,1094724
Gabon,1995,Africa,4.884,61.27,1123212
Gabon,1996,Africa,4.742,61.27,1152018
Gabon,1997,Africa,4.657,61.4,1181445
Gabon,1998,Africa,4.576,61.51,1211744
Gabon,1999,Africa,4.502,61.66,1243023
Gabon,2000,Africa,4.469,61.81,1275578
Gabon,2001,Africa,4.417,61.98,1309594
Gabon,2002,Africa,4.36,62.17,1345142
Gabon,2003,Africa,4.299,62.46,1382354
Gabon,2004,Africa,4.252,62.69,1421620
Gabon,2005,Africa,4.21,62.98,1463503
Gabon,2006,Africa,4.17,63.26,1508338
Gabon,2007,Africa,4.142,63.62,1556242
Gabon,2008,Africa,4.118,64.01,1607182
Gabon,2009,Africa,4.138,64.36,1661567
Gabon,2010,Africa,4.153,64.72,1719883
Gabon,2011,Africa,4.151,65.1,1781987
Gabon,2012,Africa,4.086,65.44,1846893
Gabon,2013,Africa,4.019,65.75,1913061
Gabon,2014,Africa,3.953,66.07,1978400
Gabon,2015,Africa,3.921,66.34,2040990
Gabon,2016,Africa,3.921,66.58,2100310
Gabon,2017,Africa,3.913,66.82,2156902
Gabon,2018,Africa,3.908,67.04,2212320
Gabon,2019,Africa,3.884,67.34,2267711
Gabon,2020,Africa,3.831,67.07,2322538
Gabon,2021,Africa,3.776,67.07,2376729
Gabon,2022,Africa,3.712,67.71,2430750
Gabon,2023,Africa,3.647,68.34,2484790
Gabon,2024,Africa,3.614,68.51,2538953
Gabon,2025,Africa,3.582,68.7,2593131
United Kingdom,1950,Europe,2.224,68.63,50121020
United Kingdom,1951,Europe,2.185,68.24,50346821
United Kingdom,1952,Europe,2.193,69.53,50496231
United Kingdom,1953,Europe,2.227,69.81,50727035
United Kingdom,1954,Europe,2.246,70.17,50958246
United Kingdom,1955,Europe,2.279,70.13,51176749
United Kingdom,1956,Europe,2.375,70.41,51400458
United Kingdom,1957,Europe,2.47,70.53,51655911
United Kingdom,1958,Europe,2.546,70.7,51935640
United Kingdom,1959,Europe,2.604,70.83,52226466
United Kingdom,1960,Europe,2.704,71.03,52538548
United Kingdom,1961,Europe,2.789,70.79,52884952
United Kingdom,1962,Europe,2.866,70.86,53272836
United Kingdom,1963,Europe,2.91,70.76,53652939
United Kingdom,1964,Europe,2.931,71.54,54009130
United Kingdom,1965,Europe,2.867,71.52,54359022
United Kingdom,1966,Europe,2.777,71.43,54676346
United Kingdom,1967,Europe,2.678,72.07,54973661
United Kingdom,1968,Europe,2.592,71.68,55240654
United Kingdom,1969,Europe,2.502,71.66,55456208
United Kingdom,1970,Europe,2.421,71.88,55663801
United Kingdom,1971,Europe,2.343,72.23,55890372
United Kingdom,1972,Europe,2.182,71.99,56079239
United Kingdom,1973,Europe,2.036,72.19,56188787
United Kingdom,1974,Europe,1.915,72.38,56224550
United Kingdom,1975,Europe,1.807,72.65,56220139
United Kingdom,1976,Europe,1.738,72.63,56201143
United Kingdom,1977,Europe,1.689,73.11,56175829
United Kingdom,1978,Europe,1.753,73.04,56175553
United Kingdom,1979,Europe,1.857,73.16,56218759
United Kingdom,1980,Europe,1.888,73.59,56282102
United Kingdom,1981,Europe,1.817,73.92,56304590
United Kingdom,1982,Europe,1.778,74.04,56292761
United Kingdom,1983,Europe,1.766,74.29,56332060
United Kingdom,1984,Europe,1.766,74.67,56451312
United Kingdom,1985,Europe,1.788,74.54,56606416
United Kingdom,1986,Europe,1.782,74.8,56751926
United Kingdom,1987,Europe,1.808,75.15,56886021
United Kingdom,1988,Europe,1.82,75.26,57026539
United Kingdom,1989,Europe,1.794,75.4,57182137
United Kingdom,1990,Europe,1.829,75.74,57367867
United Kingdom,1991,Europe,1.817,75.91,57555199
United Kingdom,1992,Europe,1.793,76.31,57719273
United Kingdom,1993,Europe,1.758,76.16,57861037
United Kingdom,1994,Europe,1.737,76.72,58003200
United Kingdom,1995,Europe,1.709,76.61,58154632
United Kingdom,1996,Europe,1.722,76.87,58298563
United Kingdom,1997,Europe,1.722,77.14,58447091
United Kingdom,1998,Europe,1.711,77.28,58626822
United Kingdom,1999,Europe,1.682,77.37,58838663
United Kingdom,2000,Europe,1.641,77.85,59057333
United Kingdom,2001,Europe,1.624,78.12,59288095
United Kingdom,2002,Europe,1.633,78.24,59540764
United Kingdom,2003,Europe,1.698,78.33,59820385
United Kingdom,2004,Europe,1.747,78.9,60169964
United Kingdom,2005,Europe,1.761,79.11,60596107
United Kingdom,2006,Europe,1.812,79.35,61051093
United Kingdom,2007,Europe,1.863,79.53,61535859
United Kingdom,2008,Europe,1.905,79.66,62027303
United Kingdom,2009,Europe,1.893,80.16,62506222
United Kingdom,2010,Europe,1.918,80.39,63006482
United Kingdom,2011,Europe,1.911,80.8,63509285
United Kingdom,2012,Europe,1.909,80.86,63960488
United Kingdom,2013,Europe,1.83,80.92,64389386
United Kingdom,2014,Europe,1.811,81.15,64865914
United Kingdom,2015,Europe,1.801,80.92,65382107
United Kingdom,2016,Europe,1.785,81.07,65893359
United Kingdom,2017,Europe,1.735,81.16,66354473
United Kingdom,2018,Europe,1.676,81.12,66752473
United Kingdom,2019,Europe,1.632,81.44,67110958
United Kingdom,2020,Europe,1.571,80.39,67351860
United Kingdom,2021,Europe,1.583,80.71,67668788
United Kingdom,2022,Europe,1.56,81.07,68179315
United Kingdom,2023,Europe,1.56,81.3,68682965
United Kingdom,2024,Europe,1.537,81.45,69138185
United Kingdom,2025,Europe,1.514,81.6,69551334
Georgia,1992,Asia,2.045,67.78,5294186
Georgia,1993,Asia,1.912,67.41,5178784
Georgia,1994,Asia,1.835,68.67,5046267
Georgia,1995,Asia,1.807,69.4,4925742
Georgia,1996,Asia,1.759,70.64,4812774
Georgia,1997,Asia,1.728,69.68,4695359
Georgia,1998,Asia,1.703,69.79,4576447
Georgia,1999,Asia,1.643,70.01,4455581
Georgia,2000,Asia,1.609,70.09,4328361
Georgia,2001,Asia,1.579,70.37,4209641
Georgia,2002,Asia,1.571,70.44,4127854
Georgia,2003,Asia,1.552,71.38,4085489
Georgia,2004,Asia,1.566,71.01,4056076
Georgia,2005,Asia,1.583,70.69,4026135
Georgia,2006,Asia,1.617,70.98,3996584
Georgia,2007,Asia,1.697,70.98,3967592
Georgia,2008,Asia,1.832,70.95,3941192
Georgia,2009,Asia,1.993,71.06,3918935
Georgia,2010,Asia,1.973,71.73,3895932
Georgia,2011,Asia,1.915,72.48,3868724
Georgia,2012,Asia,1.929,72.67,3839208
Georgia,2013,Asia,1.993,73.03,3809128
Georgia,2014,Asia,2.18,73.11,3792921
Georgia,2015,Asia,2.214,73.24,3791570
Georgia,2016,Asia,2.228,73.14,3792061
Georgia,2017,Asia,2.136,73.44,3792860
Georgia,2018,Asia,2.093,73.98,3794881
Georgia,2019,Asia,2.021,74.17,3796722
Georgia,2020,Asia,1.976,73.51,3795680
Georgia,2021,Asia,1.98,71.64,3788450
Georgia,2022,Asia,1.82,74.14,3794782
Georgia,2023,Asia,1.81,74.5,3807494
Georgia,2024,Asia,1.783,74.66,3807668
Georgia,2025,Asia,1.756,74.82,3806669
Ghana,1950,Africa,6.7,43.07,5080664
Ghana,1951,Africa,6.731,43.59,5229134
Ghana,1952,Africa,6.755,44.04,5387494
Ghana,1953,Africa,6.777,44.51,5553969
Ghana,1954,Africa,6.799,44.99,5729430
Ghana,1955,Africa,6.818,45.37,5914933
Ghana,1956,Africa,6.843,45.75,6109604
Ghana,1957,Africa,6.852,46.13,6312498
Ghana,1958,Africa,6.86,46.4,6520157
Ghana,1959,Africa,6.874,46.71,6735545
Ghana,1960,Africa,6.89,46.94,6961216
Ghana,1961,Africa,6.912,47.13,7162672
Ghana,1962,Africa,6.942,47.34,7337378
Ghana,1963,Africa,6.936,47.48,7514721
Ghana,1964,Africa,6.902,47.64,7695744
Ghana,1965,Africa,6.88,47.69,7882609
Ghana,1966,Africa,6.862,47.71,8074529
Ghana,1967,Africa,6.893,47.73,8271924
Ghana,1968,Africa,6.892,47.76,8475734
Ghana,1969,Africa,6.954,47.9,8690384
Ghana,1970,Africa,6.952,47.89,8925813
Ghana,1971,Africa,6.946,47.95,9176264
Ghana,1972,Africa,6.916,48.27,9438189
Ghana,1973,Africa,6.872,48.58,9714615
Ghana,1974,Africa,6.822,48.92,10000528
Ghana,1975,Africa,6.762,49.32,10294312
Ghana,1976,Africa,6.703,49.73,10594918
Ghana,1977,Africa,6.637,50.08,10911869
Ghana,1978,Africa,6.564,50.46,11248453
Ghana,1979,Africa,6.513,50.79,11597251
Ghana,1980,Africa,6.474,51.06,11941451
Ghana,1981,Africa,6.415,51.31,12281722
Ghana,1982,Africa,6.312,51.42,12643820
Ghana,1983,Africa,6.227,51.78,13029841
Ghana,1984,Africa,6.153,52.23,13370591
Ghana,1985,Africa,6.119,52.73,13661237
Ghana,1986,Africa,6.084,53.28,13965221
Ghana,1987,Africa,6.022,53.82,14289110
Ghana,1988,Africa,5.922,54.4,14636577
Ghana,1989,Africa,5.818,54.94,15006814
Ghana,1990,Africa,5.737,55.4,15394650
Ghana,1991,Africa,5.63,55.72,15787495
Ghana,1992,Africa,5.517,56.05,16184863
Ghana,1993,Africa,5.414,56.29,16589521
Ghana,1994,Africa,5.254,56.23,16993190
Ghana,1995,Africa,5.106,56.66,17399023
Ghana,1996,Africa,4.959,56.96,17810184
Ghana,1997,Africa,4.884,57.24,18238961
Ghana,1998,Africa,4.829,57.52,18688041
Ghana,1999,Africa,4.822,57.84,19149875
Ghana,2000,Africa,4.827,58.14,19637085
Ghana,2001,Africa,4.768,58.4,20167073
Ghana,2002,Africa,4.687,58.71,20729392
Ghana,2003,Africa,4.597,59.01,21296710
Ghana,2004,Africa,4.504,59.32,21868298
Ghana,2005,Africa,4.496,59.64,22449446
Ghana,2006,Africa,4.399,59.98,23040704
Ghana,2007,Africa,4.288,60.28,23642284
Ghana,2008,Africa,4.217,60.58,24249945
Ghana,2009,Africa,4.179,60.93,24862667
Ghana,2010,Africa,4.181,61.3,25475000
Ghana,2011,Africa,4.177,61.62,26095091
Ghana,2012,Africa,4.154,61.99,26734273
Ghana,2013,Africa,4.114,62.4,27386193
Ghana,2014,Africa,4.029,62.83,28041592
Ghana,2015,Africa,3.982,63.17,28696071
Ghana,2016,Africa,3.873,63.52,29356736
Ghana,2017,Africa,3.715,63.83,30008364
Ghana,2018,Africa,3.65,64.14,30637592
Ghana,2019,Africa,3.593,64.45,31258943
Ghana,2020,Africa,3.541,64.31,31887802
Ghana,2021,Africa,3.492,64.29,32518662
Ghana,2022,Africa,3.434,65.25,33149152
Ghana,2023,Africa,3.397,65.5,33787916
Ghana,2024,Africa,3.346,65.69,34427417
Ghana,2025,Africa,3.296,65.89,35064277
Guinea,1950,Africa,5.971,35.59,3013177
Guinea,1951,Africa,5.978,35.65,3061981
Guinea,1952,Africa,5.993,35.73,3111689
Guinea,1953,Africa,6.007,35.8,3162520
Guinea,1954,Africa,6.022,35.86,3214564
Guinea,1955,Africa,6.037,35.96,3267862
Guinea,1956,Africa,6.052,36.06,3322503
Guinea,1957,Africa,6.067,36.23,3378657
Guinea,1958,Africa,6.082,36.36,3436437
Guinea,1959,Africa,6.097,36.47,3495776
Guinea,1960,Africa,6.112,36.62,3556756
Guinea,1961,Africa,6.126,36.82,3619554
Guinea,1962,Africa,6.14,37.0,3684278
Guinea,1963,Africa,6.153,37.2,3750961
Guinea,1964,Africa,6.166,37.41,3819729
Guinea,1965,Africa,6.178,37.65,3890724
Guinea,1966,Africa,6.19,37.96,3964159
Guinea,1967,Africa,6.202,38.22,4040156
Guinea,1968,Africa,6.214,38.5,4118553
Guinea,1969,Africa,6.228,38.82,4198302
Guinea,1970,Africa,6.243,39.06,4277540
Guinea,1971,Africa,6.262,39.37,4355205
Guinea,1972,Africa,6.283,39.68,4431293
Guinea,1973,Africa,6.308,39.94,4506326
Guinea,1974,Africa,6.336,40.23,4580513
Guinea,1975,Africa,6.367,40.61,4653877
Guinea,1976,Africa,6.4,41.03,4727031
Guinea,1977,Africa,6.434,41.41,4801129
Guinea,1978,Africa,6.44,41.88,4877853
Guinea,1979,Africa,6.45,42.34,4959287
Guinea,1980,Africa,6.459,42.84,5047423
Guinea,1981,Africa,6.459,43.33,5143296
Guinea,1982,Africa,6.487,43.86,5247672
Guinea,1983,Africa,6.487,44.23,5359815
Guinea,1984,Africa,6.512,44.86,5480098
Guinea,1985,Africa,6.527,45.31,5610369
Guinea,1986,Africa,6.548,45.72,5750669
Guinea,1987,Africa,6.571,46.11,5900199
Guinea,1988,Africa,6.561,46.48,6056575
Guinea,1989,Africa,6.548,46.86,6215816
Guinea,1990,Africa,6.515,47.25,6434383
Guinea,1991,Africa,6.484,47.78,6697167
Guinea,1992,Africa,6.453,48.27,6914370
Guinea,1993,Africa,6.409,48.82,7128174
Guinea,1994,Africa,6.358,49.19,7345106
Guinea,1995,Africa,6.288,49.84,7553252
Guinea,1996,Africa,6.205,50.55,7770035
Guinea,1997,Africa,6.123,51.11,7931371
Guinea,1998,Africa,6.051,51.61,8081993
Guinea,1999,Africa,5.985,51.99,8265121
Guinea,2000,Africa,5.918,52.42,8428837
Guinea,2001,Africa,5.834,52.67,8539963
Guinea,2002,Africa,5.781,53.2,8674072
Guinea,2003,Africa,5.744,53.59,8870790
Guinea,2004,Africa,5.733,53.98,9062724
Guinea,2005,Africa,5.727,54.42,9245844
Guinea,2006,Africa,5.704,54.88,9441174
Guinea,2007,Africa,5.664,55.23,9662278
Guinea,2008,Africa,5.596,55.7,9898870
Guinea,2009,Africa,5.528,56.05,10143540
Guinea,2010,Africa,5.435,56.43,10396090
Guinea,2011,Africa,5.337,56.78,10656812
Guinea,2012,Africa,5.232,57.12,10921580
Guinea,2013,Africa,5.151,57.46,11191874
Guinea,2014,Africa,5.07,57.58,11472921
Guinea,2015,Africa,5.002,57.9,11767077
Guinea,2016,Africa,4.915,58.49,12073031
Guinea,2017,Africa,4.793,58.72,12385668
Guinea,2018,Africa,4.669,59.04,12704776
Guinea,2019,Africa,4.576,59.38,13034349
Guinea,2020,Africa,4.489,59.35,13371185
Guinea,2021,Africa,4.399,59.37,13710515
Guinea,2022,Africa,4.303,60.43,14055136
Guinea,2023,Africa,4.217,60.74,14405469
Guinea,2024,Africa,4.154,60.9,14754779
Guinea,2025,Africa,4.091,61.06,15099731
Gambia,1950,Africa,6.353,31.16,306745
Gambia,1951,Africa,6.354,31.45,314501
Gambia,1952,Africa,6.354,31.71,322644
Gambia,1953,Africa,6.351,31.92,331095
Gambia,1954,Africa,6.344,32.18,339818
Gambia,1955,Africa,6.334,32.41,348799
Gambia,1956,Africa,6.32,32.76,358040
Gambia,1957,Africa,6.304,33.12,367552
Gambia,1958,Africa,6.285,33.61,377378
Gambia,1959,Africa,6.266,34.09,387547
Gambia,1960,Africa,6.246,34.57,398071
Gambia,1961,Africa,6.228,35.06,408937
Gambia,1962,Africa,6.213,35.6,420171
Gambia,1963,Africa,6.202,36.09,431766
Gambia,1964,Africa,6.195,36.58,443693
Gambia,1965,Africa,6.192,37.12,455960
Gambia,1966,Africa,6.183,37.56,468524
Gambia,1967,Africa,6.206,38.06,481598
Gambia,1968,Africa,6.221,38.53,495278
Gambia,1969,Africa,6.246,39.0,509443
Gambia,1970,Africa,6.257,39.53,524115
Gambia,1971,Africa,6.33,40.05,539394
Gambia,1972,Africa,6.366,40.55,555380
Gambia,1973,Africa,6.405,41.09,572006
Gambia,1974,Africa,6.415,41.68,589093
Gambia,1975,Africa,6.428,42.19,606829
Gambia,1976,Africa,6.434,42.88,625678
Gambia,1977,Africa,6.433,43.37,645781
Gambia,1978,Africa,6.421,43.57,667107
Gambia,1979,Africa,6.411,44.52,689783
Gambia,1980,Africa,6.414,44.98,713921
Gambia,1981,Africa,6.399,44.49,739132
Gambia,1982,Africa,6.396,46.25,765759
Gambia,1983,Africa,6.393,46.89,794528
Gambia,1984,Africa,6.385,47.51,825634
Gambia,1985,Africa,6.357,48.15,858879
Gambia,1986,Africa,6.344,48.8,894019
Gambia,1987,Africa,6.3,49.39,931102
Gambia,1988,Africa,6.258,50.15,970162
Gambia,1989,Africa,6.254,50.73,1011367
Gambia,1990,Africa,6.246,51.28,1054703
Gambia,1991,Africa,6.191,51.86,1099960
Gambia,1992,Africa,6.111,52.48,1145583
Gambia,1993,Africa,6.034,53.15,1188372
Gambia,1994,Africa,6.035,53.77,1227233
Gambia,1995,Africa,5.994,54.29,1264320
Gambia,1996,Africa,5.925,54.85,1301421
Gambia,1997,Africa,5.851,55.23,1338898
Gambia,1998,Africa,5.818,56.01,1376994
Gambia,1999,Africa,5.772,56.47,1415786
Gambia,2000,Africa,5.716,56.9,1455095
Gambia,2001,Africa,5.67,57.28,1495023
Gambia,2002,Africa,5.656,57.74,1535700
Gambia,2003,Africa,5.656,58.22,1577619
Gambia,2004,Africa,5.683,58.75,1621309
Gambia,2005,Africa,5.708,59.11,1667035
Gambia,2006,Africa,5.736,59.67,1715285
Gambia,2007,Africa,5.685,60.0,1765778
Gambia,2008,Africa,5.625,60.47,1817859
Gambia,2009,Africa,5.574,60.73,1871428
Gambia,2010,Africa,5.558,61.17,1926634
Gambia,2011,Africa,5.542,61.56,1983785
Gambia,2012,Africa,5.519,61.9,2043097
Gambia,2013,Africa,5.392,62.25,2103825
Gambia,2014,Africa,5.197,62.58,2164535
Gambia,2015,Africa,5.003,62.97,2224530
Gambia,2016,Africa,4.809,63.39,2283775
Gambia,2017,Africa,4.614,63.71,2342191
Gambia,2018,Africa,4.42,64.03,2399633
Gambia,2019,Africa,4.33,64.43,2456847
Gambia,2020,Africa,4.248,64.42,2515744
Gambia,2021,Africa,4.165,63.85,2576015
Gambia,2022,Africa,4.078,64.86,2636472
Gambia,2023,Africa,4.006,65.86,2697846
Gambia,2024,Africa,3.946,66.06,2759999
Gambia,2025,Africa,3.887,66.25,2822094
Guinea-Bissau,1950,Africa,5.914,35.74,543632
Guinea-Bissau,1951,Africa,5.909,35.91,549745
Guinea-Bissau,1952,Africa,5.901,36.09,553920
Guinea-Bissau,1953,Africa,5.895,36.26,557634
Guinea-Bissau,1954,Africa,5.892,36.43,560983
Guinea-Bissau,1955,Africa,5.892,36.6,564074
Guinea-Bissau,1956,Africa,5.893,36.78,566981
Guinea-Bissau,1957,Africa,5.898,36.97,569752
Guinea-Bissau,1958,Africa,5.904,37.14,572426
Guinea-Bissau,1959,Africa,5.912,37.34,575035
Guinea-Bissau,1960,Africa,5.921,37.55,577634
Guinea-Bissau,1961,Africa,5.931,37.79,582546
Guinea-Bissau,1962,Africa,5.941,38.03,589479
Guinea-Bissau,1963,Africa,5.951,35.64,594426
Guinea-Bissau,1964,Africa,5.961,35.81,588550
Guinea-Bissau,1965,Africa,5.971,35.92,575012
Guinea-Bissau,1966,Africa,5.982,36.08,566915
Guinea-Bissau,1967,Africa,5.994,36.34,569016
Guinea-Bissau,1968,Africa,6.008,36.67,578180
Guinea-Bissau,1969,Africa,6.024,36.96,581625
Guinea-Bissau,1970,Africa,6.041,37.26,584409
Guinea-Bissau,1971,Africa,6.06,37.54,586230
Guinea-Bissau,1972,Africa,6.078,37.82,586632
Guinea-Bissau,1973,Africa,6.098,38.17,592815
Guinea-Bissau,1974,Africa,6.12,41.61,613346
Guinea-Bissau,1975,Africa,6.15,41.93,650972
Guinea-Bissau,1976,Africa,6.192,42.25,694194
Guinea-Bissau,1977,Africa,6.249,42.58,741796
Guinea-Bissau,1978,Africa,6.32,42.91,791693
Guinea-Bissau,1979,Africa,6.401,43.24,819878
Guinea-Bissau,1980,Africa,6.487,43.57,829314
Guinea-Bissau,1981,Africa,6.569,43.93,842436
Guinea-Bissau,1982,Africa,6.64,44.29,855899
Guinea-Bissau,1983,Africa,6.694,44.6,869596
Guinea-Bissau,1984,Africa,6.727,44.94,883528
Guinea-Bissau,1985,Africa,6.739,45.27,897707
Guinea-Bissau,1986,Africa,6.734,45.52,912129
Guinea-Bissau,1987,Africa,6.717,45.84,926872
Guinea-Bissau,1988,Africa,6.693,46.28,942065
Guinea-Bissau,1989,Africa,6.663,46.61,957792
Guinea-Bissau,1990,Africa,6.501,46.89,973678
Guinea-Bissau,1991,Africa,6.474,47.2,994640
Guinea-Bissau,1992,Africa,6.435,47.52,1024365
Guinea-Bissau,1993,Africa,6.369,47.84,1058755
Guinea-Bissau,1994,Africa,6.299,47.77,1092037
Guinea-Bissau,1995,Africa,6.223,48.53,1119950
Guinea-Bissau,1996,Africa,6.141,48.77,1143544
Guinea-Bissau,1997,Africa,6.06,48.03,1165550
Guinea-Bissau,1998,Africa,5.97,48.12,1187478
Guinea-Bissau,1999,Africa,5.871,48.49,1210211
Guinea-Bissau,2000,Africa,5.786,50.56,1234747
Guinea-Bissau,2001,Africa,5.688,51.05,1261281
Guinea-Bissau,2002,Africa,5.634,51.61,1289317
Guinea-Bissau,2003,Africa,5.577,52.19,1318809
Guinea-Bissau,2004,Africa,5.5,52.8,1349569
Guinea-Bissau,2005,Africa,5.46,52.95,1381590
Guinea-Bissau,2006,Africa,5.406,54.09,1415315
Guinea-Bissau,2007,Africa,5.365,54.87,1450989
Guinea-Bissau,2008,Africa,5.266,55.3,1488059
Guinea-Bissau,2009,Africa,5.176,56.3,1526384
Guinea-Bissau,2010,Africa,5.111,57.0,1566352
Guinea-Bissau,2011,Africa,5.067,57.66,1608084
Guinea-Bissau,2012,Africa,5.003,58.27,1651425
Guinea-Bissau,2013,Africa,4.93,58.88,1695980
Guinea-Bissau,2014,Africa,4.79,59.48,1741126
Guinea-Bissau,2015,Africa,4.661,60.07,1786461
Guinea-Bissau,2016,Africa,4.519,60.62,1831898
Guinea-Bissau,2017,Africa,4.347,61.15,1877074
Guinea-Bissau,2018,Africa,4.241,61.65,1922167
Guinea-Bissau,2019,Africa,4.153,62.16,1967704
Guinea-Bissau,2020,Africa,4.075,61.34,2013259
Guinea-Bissau,2021,Africa,3.998,61.65,2058841
Guinea-Bissau,2022,Africa,3.911,63.6,2105535
Guinea-Bissau,2023,Africa,3.836,64.08,2153343
Guinea-Bissau,2024,Africa,3.778,64.25,2201360
Guinea-Bissau,2025,Africa,3.722,64.41,2249521
Equatorial Guinea,1950,Africa,5.676,40.11,226570
Equatorial Guinea,1951,Africa,5.673,40.37,230628
Equatorial Guinea,1952,Africa,5.668,40.63,234690
Equatorial Guinea,1953,Africa,5.663,40.89,238805
Equatorial Guinea,1954,Africa,5.659,41.15,242985
Equatorial Guinea,1955,Africa,5.655,41.41,247228
Equatorial Guinea,1956,Africa,5.652,41.67,251534
Equatorial Guinea,1957,Africa,5.649,41.94,255931
Equatorial Guinea,1958,Africa,5.648,42.2,260397
Equatorial Guinea,1959,Africa,5.649,42.48,265003
Equatorial Guinea,1960,Africa,5.653,42.74,269813
Equatorial Guinea,1961,Africa,5.661,43.01,274907
Equatorial Guinea,1962,Africa,5.673,43.27,280294
Equatorial Guinea,1963,Africa,5.69,43.54,285974
Equatorial Guinea,1964,Africa,5.711,43.8,291954
Equatorial Guinea,1965,Africa,5.734,44.07,298248
Equatorial Guinea,1966,Africa,5.756,44.33,304868
Equatorial Guinea,1967,Africa,5.776,44.59,311814
Equatorial Guinea,1968,Africa,5.791,44.85,318853
Equatorial Guinea,1969,Africa,5.802,31.0,322525
Equatorial Guinea,1970,Africa,5.808,31.09,320815
Equatorial Guinea,1971,Africa,5.808,37.23,315946
Equatorial Guinea,1972,Africa,5.805,44.44,309474
Equatorial Guinea,1973,Africa,5.8,44.66,302293
Equatorial Guinea,1974,Africa,5.795,41.49,294957
Equatorial Guinea,1975,Africa,5.791,37.32,287912
Equatorial Guinea,1976,Africa,5.791,30.54,281042
Equatorial Guinea,1977,Africa,5.795,42.01,276784
Equatorial Guinea,1978,Africa,5.804,42.33,276534
Equatorial Guinea,1979,Africa,5.817,43.03,279848
Equatorial Guinea,1980,Africa,5.835,48.78,288652
Equatorial Guinea,1981,Africa,5.856,49.11,303262
Equatorial Guinea,1982,Africa,5.88,49.67,322226
Equatorial Guinea,1983,Africa,5.903,50.05,343429
Equatorial Guinea,1984,Africa,5.926,50.2,364905
Equatorial Guinea,1985,Africa,5.946,50.6,385553
Equatorial Guinea,1986,Africa,5.962,50.85,404740
Equatorial Guinea,1987,Africa,5.974,50.99,422529
Equatorial Guinea,1988,Africa,5.982,51.18,439659
Equatorial Guinea,1989,Africa,5.986,51.29,456821
Equatorial Guinea,1990,Africa,5.987,51.4,474289
Equatorial Guinea,1991,Africa,5.985,51.5,492220
Equatorial Guinea,1992,Africa,5.984,51.58,510775
Equatorial Guinea,1993,Africa,5.981,51.67,530030
Equatorial Guinea,1994,Africa,5.978,51.78,550148
Equatorial Guinea,1995,Africa,5.971,51.93,571274
Equatorial Guinea,1996,Africa,5.96,52.12,593496
Equatorial Guinea,1997,Africa,5.941,52.37,616897
Equatorial Guinea,1998,Africa,5.914,52.65,641478
Equatorial Guinea,1999,Africa,5.878,53.0,667222
Equatorial Guinea,2000,Africa,5.834,53.4,703287
Equatorial Guinea,2001,Africa,5.785,53.83,749836
Equatorial Guinea,2002,Africa,5.731,54.32,797968
Equatorial Guinea,2003,Africa,5.675,54.79,847867
Equatorial Guinea,2004,Africa,5.618,55.31,899924
Equatorial Guinea,2005,Africa,5.559,55.77,947370
Equatorial Guinea,2006,Africa,5.498,56.35,990349
Equatorial Guinea,2007,Africa,5.433,56.86,1036053
Equatorial Guinea,2008,Africa,5.363,57.38,1084538
Equatorial Guinea,2009,Africa,5.288,57.88,1135683
Equatorial Guinea,2010,Africa,5.209,58.34,1189097
Equatorial Guinea,2011,Africa,5.126,58.83,1241843
Equatorial Guinea,2012,Africa,5.04,59.3,1293485
Equatorial Guinea,2013,Africa,4.952,59.78,1346220
Equatorial Guinea,2014,Africa,4.863,60.23,1399829
Equatorial Guinea,2015,Africa,4.774,60.63,1453925
Equatorial Guinea,2016,Africa,4.686,61.08,1508192
Equatorial Guinea,2017,Africa,4.599,61.48,1562401
Equatorial Guinea,2018,Africa,4.513,61.91,1616425
Equatorial Guinea,2019,Africa,4.429,62.3,1670184
Equatorial Guinea,2020,Africa,4.346,62.14,1716479
Equatorial Guinea,2021,Africa,4.266,62.45,1758796
Equatorial Guinea,2022,Africa,4.17,63.35,1803549
Equatorial Guinea,2023,Africa,4.081,63.71,1847556
Equatorial Guinea,2024,Africa,4.02,63.91,1892523
Equatorial Guinea,2025,Africa,3.959,64.1,1938436
Greece,1950,Europe,2.574,66.21,7651080
Greece,1951,Europe,2.485,66.73,7712877
Greece,1952,Europe,2.416,67.32,7775541
Greece,1953,Europe,2.392,67.47,7841269
Greece,1954,Europe,2.399,68.05,7910864
Greece,1955,Europe,2.42,68.59,7984712
Greece,1956,Europe,2.383,68.12,8060991
Greece,1957,Europe,2.33,68.4,8136981
Greece,1958,Europe,2.308,69.71,8214992
Greece,1959,Europe,2.327,69.58,8297715
Greece,1960,Europe,2.294,70.52,8384484
Greece,1961,Europe,2.239,70.39,8447008
Greece,1962,Europe,2.242,70.31,8473374
Greece,1963,Europe,2.243,70.65,8488371
Greece,1964,Europe,2.313,70.53,8504000
Greece,1965,Europe,2.334,71.46,8521368
Greece,1966,Europe,2.395,71.86,8579991
Greece,1967,Europe,2.484,71.39,8655153
Greece,1968,Europe,2.474,71.47,8717916
Greece,1969,Europe,2.434,72.06,8747069
Greece,1970,Europe,2.435,72.75,8747778
Greece,1971,Europe,2.408,72.94,8787031
Greece,1972,Europe,2.388,72.72,8849379
Greece,1973,Europe,2.365,72.98,8893404
Greece,1974,Europe,2.428,73.47,8929111
Greece,1975,Europe,2.419,73.47,9016969
Greece,1976,Europe,2.42,73.75,9160211
Greece,1977,Europe,2.377,73.75,9282025
Greece,1978,Europe,2.371,74.44,9389966
Greece,1979,Europe,2.356,74.67,9526008
Greece,1980,Europe,2.297,74.48,9653419
Greece,1981,Europe,2.17,74.91,9754398
Greece,1982,Europe,2.082,75.21,9837470
Greece,1983,Europe,1.989,75.5,9911493
Greece,1984,Europe,1.871,75.78,9978779
Greece,1985,Europe,1.744,76.14,10037038
Greece,1986,Europe,1.66,76.54,10088766
Greece,1987,Europe,1.581,76.11,10134533
Greece,1988,Europe,1.542,77.0,10177007
Greece,1989,Europe,1.485,77.13,10218041
Greece,1990,Europe,1.466,77.3,10258494
Greece,1991,Europe,1.459,77.39,10306645
Greece,1992,Europe,1.452,77.31,10359895
Greece,1993,Europe,1.426,77.69,10412752
Greece,1994,Europe,1.414,77.86,10466266
Greece,1995,Europe,1.385,77.89,10519233
Greece,1996,Europe,1.365,78.04,10570083
Greece,1997,Europe,1.357,78.4,10622327
Greece,1998,Europe,1.339,78.3,10675411
Greece,1999,Europe,1.326,78.42,10727953
Greece,2000,Europe,1.331,78.44,10782638
Greece,2001,Europe,1.327,78.91,10843166
Greece,2002,Europe,1.335,79.03,10890287
Greece,2003,Europe,1.333,79.08,10918467
Greece,2004,Europe,1.34,79.35,10947369
Greece,2005,Europe,1.358,79.65,10981340
Greece,2006,Europe,1.403,79.76,11016107
Greece,2007,Europe,1.416,79.66,11045737
Greece,2008,Europe,1.494,80.11,11076874
Greece,2009,Europe,1.507,80.37,11108067
Greece,2010,Europe,1.485,80.57,11124666
Greece,2011,Europe,1.395,80.62,11108838
Greece,2012,Europe,1.345,80.42,11048291
Greece,2013,Europe,1.292,81.07,10967534
Greece,2014,Europe,1.298,81.12,10893169
Greece,2015,Europe,1.328,80.79,10820902
Greece,2016,Europe,1.382,81.27,10775506
Greece,2017,Europe,1.35,80.96,10753532
Greece,2018,Europe,1.35,81.5,10730846
Greece,2019,Europe,1.337,81.35,10718581
Greece,2020,Europe,1.386,81.54,10699370
Greece,2021,Europe,1.432,80.53,10579561
Greece,2022,Europe,1.308,79.94,10412481
Greece,2023,Europe,1.334,81.86,10242910
Greece,2024,Europe,1.338,82.03,10047813
Greece,2025,Europe,1.342,82.22,9938847
Guatemala,1950,Americas,6.804,37.8,3097199
Guatemala,1951,Americas,6.841,38.34,3177369
Guatemala,1952,Americas,6.876,38.92,3261653
Guatemala,1953,Americas,6.898,39.5,3348816
Guatemala,1954,Americas,6.923,40.06,3439109
Guatemala,1955,Americas,6.95,40.68,3533311
Guatemala,1956,Americas,6.977,41.29,3631180
Guatemala,1957,Americas,7.015,41.92,3732743
Guatemala,1958,Americas,7.006,43.14,3837036
Guatemala,1959,Americas,7.006,44.33,3946497
Guatemala,1960,Americas,6.999,45.76,4063659
Guatemala,1961,Americas,6.979,46.12,4186205
Guatemala,1962,Americas,6.934,46.49,4312050
Guatemala,1963,Americas,6.899,46.62,4440271
Guatemala,1964,Americas,6.871,47.05,4571105
Guatemala,1965,Americas,6.839,47.19,4704973
Guatemala,1966,Americas,6.802,47.51,4840960
Guatemala,1967,Americas,6.755,47.73,4978867
Guatemala,1968,Americas,6.699,47.76,5118119
Guatemala,1969,Americas,6.646,47.52,5257088
Guatemala,1970,Americas,6.6,48.51,5396972
Guatemala,1971,Americas,6.546,50.28,5538359
Guatemala,1972,Americas,6.511,51.82,5682834
Guatemala,1973,Americas,6.487,52.85,5831640
Guatemala,1974,Americas,6.458,53.02,5981201
Guatemala,1975,Americas,6.41,52.83,6128733
Guatemala,1976,Americas,6.368,47.62,6262409
Guatemala,1977,Americas,6.319,55.18,6401516
Guatemala,1978,Americas,6.261,56.41,6561540
Guatemala,1979,Americas,6.216,56.6,6727798
Guatemala,1980,Americas,6.171,55.3,6900215
Guatemala,1981,Americas,6.121,54.71,7075648
Guatemala,1982,Americas,6.057,48.86,7240249
Guatemala,1983,Americas,5.976,57.91,7419642
Guatemala,1984,Americas,5.855,59.07,7630682
Guatemala,1985,Americas,5.729,59.79,7849691
Guatemala,1986,Americas,5.663,60.34,8070818
Guatemala,1987,Americas,5.639,60.99,8296488
Guatemala,1988,Americas,5.621,61.54,8532104
Guatemala,1989,Americas,5.559,61.74,8775549
Guatemala,1990,Americas,5.48,61.77,9024775
Guatemala,1991,Americas,5.377,61.93,9272592
Guatemala,1992,Americas,5.314,61.99,9522265
Guatemala,1993,Americas,5.254,62.44,9779760
Guatemala,1994,Americas,5.191,63.03,10043713
Guatemala,1995,Americas,5.105,63.66,10312999
Guatemala,1996,Americas,5.008,64.54,10583528
Guatemala,1997,Americas,4.906,65.25,10857754
Guatemala,1998,Americas,4.8,65.97,11139147
Guatemala,1999,Americas,4.687,66.63,11422977
Guatemala,2000,Americas,4.583,67.1,11697592
Guatemala,2001,Americas,4.502,67.44,11969423
Guatemala,2002,Americas,4.371,67.83,12246923
Guatemala,2003,Americas,4.25,68.2,12525843
Guatemala,2004,Americas,4.134,68.25,12807409
Guatemala,2005,Americas,3.974,68.17,13087637
Guatemala,2006,Americas,3.845,68.79,13367455
Guatemala,2007,Americas,3.716,69.3,13652042
Guatemala,2008,Americas,3.571,69.49,13935172
Guatemala,2009,Americas,3.465,69.68,14215614
Guatemala,2010,Americas,3.375,69.89,14500118
Guatemala,2011,Americas,3.292,70.32,14792123
Guatemala,2012,Americas,3.219,70.72,15089639
Guatemala,2013,Americas,3.151,70.88,15387339
Guatemala,2014,Americas,3.088,70.94,15681725
Guatemala,2015,Americas,3.029,70.92,15971745
Guatemala,2016,Americas,2.973,71.22,16268761
Guatemala,2017,Americas,2.857,71.58,16567363
Guatemala,2018,Americas,2.743,71.5,16845688
Guatemala,2019,Americas,2.593,71.64,17103803
Guatemala,2020,Americas,2.47,69.97,17357331
Guatemala,2021,Americas,2.388,67.86,17598652
Guatemala,2022,Americas,2.343,71.21,17847877
Guatemala,2023,Americas,2.311,72.6,18124841
Guatemala,2024,Americas,2.276,72.75,18406366
Guatemala,2025,Americas,2.242,72.89,18687881
Hong Kong,1950,Asia,4.255,57.82,1978347
Hong Kong,1951,Asia,4.349,58.72,2069492
Hong Kong,1952,Asia,4.389,59.77,2164804
Hong Kong,1953,Asia,4.427,60.86,2264328
Hong Kong,1954,Asia,4.461,61.92,2368614
Hong Kong,1955,Asia,4.55,62.77,2478199
Hong Kong,1956,Asia,4.64,63.45,2594259
Hong Kong,1957,Asia,4.763,64.05,2717187
Hong Kong,1958,Asia,4.88,64.69,2845505
Hong Kong,1959,Asia,4.998,65.39,2974551
Hong Kong,1960,Asia,5.085,66.15,3094853
Hong Kong,1961,Asia,5.169,66.87,3076660
Hong Kong,1962,Asia,5.177,67.31,2889091
Hong Kong,1963,Asia,5.152,68.02,2662600
Hong Kong,1964,Asia,5.085,68.58,3136041
Hong Kong,1965,Asia,4.923,68.89,3855425
Hong Kong,1966,Asia,4.464,69.29,4015304
Hong Kong,1967,Asia,4.123,69.93,3474133
Hong Kong,1968,Asia,3.783,70.69,3065330
Hong Kong,1969,Asia,3.599,71.03,3395527
Hong Kong,1970,Asia,3.386,71.27,3739916
Hong Kong,1971,Asia,3.4,71.47,3989231
Hong Kong,1972,Asia,3.254,71.67,4117125
Hong Kong,1973,Asia,3.135,72.21,4223248
Hong Kong,1974,Asia,2.954,72.54,4330727
Hong Kong,1975,Asia,2.627,72.82,4438382
Hong Kong,1976,Asia,2.421,73.04,4545134
Hong Kong,1977,Asia,2.308,73.31,4650487
Hong Kong,1978,Asia,2.205,73.58,4754069
Hong Kong,1979,Asia,2.117,73.9,4857668
Hong Kong,1980,Asia,2.061,74.25,4962488
Hong Kong,1981,Asia,1.953,74.6,5060960
Hong Kong,1982,Asia,1.872,74.93,5150097
Hong Kong,1983,Asia,1.745,75.3,5235115
Hong Kong,1984,Asia,1.585,75.67,5315980
Hong Kong,1985,Asia,1.504,76.25,5393122
Hong Kong,1986,Asia,1.391,76.69,5451437
Hong Kong,1987,Asia,1.339,77.06,5486376
Hong Kong,1988,Asia,1.403,77.09,5514904
Hong Kong,1989,Asia,1.316,77.23,5540576
Hong Kong,1990,Asia,1.283,77.45,5560599
Hong Kong,1991,Asia,1.299,77.69,5628091
Hong Kong,1992,Asia,1.359,77.99,5759558
Hong Kong,1993,Asia,1.359,78.33,5902506
Hong Kong,1994,Asia,1.368,78.72,6042259
Hong Kong,1995,Asia,1.304,79.11,6177105
Hong Kong,1996,Asia,1.203,79.45,6302469
Hong Kong,1997,Asia,1.123,79.73,6416674
Hong Kong,1998,Asia,1.025,80.07,6521331
Hong Kong,1999,Asia,0.994,80.39,6616524
Hong Kong,2000,Asia,1.027,80.7,6704665
Hong Kong,2001,Asia,0.941,80.99,6774243
Hong Kong,2002,Asia,0.932,81.18,6821412
Hong Kong,2003,Asia,0.904,81.14,6858906
Hong Kong,2004,Asia,0.921,81.45,6888164
Hong Kong,2005,Asia,0.957,81.67,6908483
Hong Kong,2006,Asia,0.987,81.95,6931089
Hong Kong,2007,Asia,1.03,82.14,6971344
Hong Kong,2008,Asia,1.054,82.34,7020689
Hong Kong,2009,Asia,1.05,82.59,7064464
Hong Kong,2010,Asia,1.12,82.86,7101614
Hong Kong,2011,Asia,1.136,83.16,7142969
Hong Kong,2012,Asia,1.207,83.42,7201059
Hong Kong,2013,Asia,1.265,83.69,7264330
Hong Kong,2014,Asia,1.201,83.93,7319502
Hong Kong,2015,Asia,1.227,84.15,7366411
Hong Kong,2016,Asia,1.205,84.38,7408006
Hong Kong,2017,Asia,1.136,84.66,7444889
Hong Kong,2018,Asia,1.086,84.99,7471190
Hong Kong,2019,Asia,1.055,85.26,7485817
Hong Kong,2020,Asia,0.892,84.71,7490240
Hong Kong,2021,Asia,0.778,85.08,7484604
Hong Kong,2022,Asia,0.708,83.48,7465913
Hong Kong,2023,Asia,0.717,85.51,7442738
Hong Kong,2024,Asia,0.706,85.63,7414914
Hong Kong,2025,Asia,0.696,85.77,7396075
Honduras,1950,Americas,7.469,41.05,1558941
Honduras,1951,Americas,7.479,41.59,1601493
Honduras,1952,Americas,7.496,42.02,1645832
Honduras,1953,Americas,7.507,42.53,1691967
Honduras,1954,Americas,7.512,43.04,1739823
Honduras,1955,Americas,7.513,43.67,1789399
Honduras,1956,Americas,7.508,44.25,1840670
Honduras,1957,Americas,7.498,44.93,1893583
Honduras,1958,Americas,7.485,45.63,1948157
Honduras,1959,Americas,7.471,46.38,2004321
Honduras,1960,Americas,7.458,47.15,2062067
Honduras,1961,Americas,7.448,47.71,2121245
Honduras,1962,Americas,7.443,48.65,2182064
Honduras,1963,Americas,7.441,49.38,2244884
Honduras,1964,Americas,7.443,50.2,2309861
Honduras,1965,Americas,7.442,50.86,2377163
Honduras,1966,Americas,7.41,51.59,2446752
Honduras,1967,Americas,7.359,52.33,2518650
Honduras,1968,Americas,7.295,53.04,2593057
Honduras,1969,Americas,7.228,53.71,2670286
Honduras,1970,Americas,7.172,54.36,2750721
Honduras,1971,Americas,7.113,55.01,2834624
Honduras,1972,Americas,7.058,55.69,2922075
Honduras,1973,Americas,6.985,54.56,3011471
Honduras,1974,Americas,6.913,52.52,3099844
Honduras,1975,Americas,6.866,57.52,3193239
Honduras,1976,Americas,6.814,58.15,3294460
Honduras,1977,Americas,6.732,58.7,3398659
Honduras,1978,Americas,6.634,59.25,3505466
Honduras,1979,Americas,6.531,59.83,3614990
Honduras,1980,Americas,6.418,60.39,3727179
Honduras,1981,Americas,6.301,61.03,3841781
Honduras,1982,Americas,6.179,61.69,3958735
Honduras,1983,Americas,6.059,62.41,4078177
Honduras,1984,Americas,5.935,62.82,4199855
Honduras,1985,Americas,5.816,63.22,4323338
Honduras,1986,Americas,5.7,63.65,4448905
Honduras,1987,Americas,5.581,64.07,4576911
Honduras,1988,Americas,5.468,64.39,4707683
Honduras,1989,Americas,5.354,64.78,4841843
Honduras,1990,Americas,5.271,65.18,4980493
Honduras,1991,Americas,5.191,65.58,5123797
Honduras,1992,Americas,5.113,65.91,5271437
Honduras,1993,Americas,5.028,66.07,5423253
Honduras,1994,Americas,4.935,66.52,5579247
Honduras,1995,Americas,4.835,66.92,5739636
Honduras,1996,Americas,4.713,67.26,5903962
Honduras,1997,Americas,4.59,67.54,6071458
Honduras,1998,Americas,4.473,62.43,6234436
Honduras,1999,Americas,4.366,68.0,6400470
Honduras,2000,Americas,4.289,68.3,6577781
Honduras,2001,Americas,4.153,68.49,6757992
Honduras,2002,Americas,4.0,68.71,6938866
Honduras,2003,Americas,3.844,68.87,7119213
Honduras,2004,Americas,3.71,69.05,7299003
Honduras,2005,Americas,3.577,69.2,7478362
Honduras,2006,Americas,3.449,69.36,7656832
Honduras,2007,Americas,3.351,69.54,7834806
Honduras,2008,Americas,3.26,69.66,8012590
Honduras,2009,Americas,3.173,69.82,8189904
Honduras,2010,Americas,3.078,69.77,8365881
Honduras,2011,Americas,2.998,70.12,8540587
Honduras,2012,Americas,2.927,70.46,8715081
Honduras,2013,Americas,2.855,70.77,8889276
Honduras,2014,Americas,2.793,71.03,9063127
Honduras,2015,Americas,2.746,71.32,9237306
Honduras,2016,Americas,2.704,71.61,9412380
Honduras,2017,Americas,2.663,71.81,9588144
Honduras,2018,Americas,2.645,72.0,9765209
Honduras,2019,Americas,2.611,72.12,9943637
Honduras,2020,Americas,2.577,70.86,10119638
Honduras,2021,Americas,2.548,69.49,10289881
Honduras,2022,Americas,2.522,72.72,10463880
Honduras,2023,Americas,2.5,72.88,10644853
Honduras,2024,Americas,2.469,73.04,10825704
Honduras,2025,Americas,2.439,73.22,11005852
Croatia,1992,Europe,1.462,71.72,4782235
Croatia,1993,Europe,1.508,72.31,4729734
Croatia,1994,Europe,1.52,72.61,4675517
Croatia,1995,Europe,1.579,72.56,4619362
Croatia,1996,Europe,1.675,72.97,4562290
Croatia,1997,Europe,1.685,72.99,4504627
Croatia,1998,Europe,1.499,73.19,4445669
Croatia,1999,Europe,1.438,73.61,4385823
Croatia,2000,Europe,1.423,74.0,4326105
Croatia,2001,Europe,1.458,74.36,4301079
Croatia,2002,Europe,1.428,74.65,4305783
Croatia,2003,Europe,1.412,74.71,4306683
Croatia,2004,Europe,1.419,75.27,4310050
Croatia,2005,Europe,1.506,75.57,4313946
Croatia,2006,Europe,1.469,75.68,4315802
Croatia,2007,Europe,1.487,75.89,4315959
Croatia,2008,Europe,1.555,76.0,4314635
Croatia,2009,Europe,1.588,76.31,4310537
Croatia,2010,Europe,1.551,76.68,4301150
Croatia,2011,Europe,1.485,76.99,4280827
Croatia,2012,Europe,1.516,77.28,4259233
Croatia,2013,Europe,1.461,77.51,4242403
Croatia,2014,Europe,1.461,77.51,4219485
Croatia,2015,Europe,1.403,77.63,4183732
Croatia,2016,Europe,1.427,77.63,4136438
Croatia,2017,Europe,1.423,77.73,4079198
Croatia,2018,Europe,1.472,77.86,4024868
Croatia,2019,Europe,1.47,78.2,3986338
Croatia,2020,Europe,1.484,77.5,3953956
Croatia,2021,Europe,1.624,77.14,3924607
Croatia,2022,Europe,1.53,78.28,3907031
Croatia,2023,Europe,1.468,78.58,3896023
Croatia,2024,Europe,1.469,78.75,3875325
Croatia,2025,Europe,1.47,78.92,3848164
Haiti,1950,Americas,6.251,37.24,3265716
Haiti,1951,Americas,6.241,38.08,3314920
Haiti,1952,Americas,6.241,38.78,3366271
Haiti,1953,Americas,6.233,39.53,3419842
Haiti,1954,Americas,6.223,40.05,3475540
Haiti,1955,Americas,6.23,40.95,3533747
Haiti,1956,Americas,6.232,41.6,3594808
Haiti,1957,Americas,6.199,42.15,3657822
Haiti,1958,Americas,6.196,42.62,3722713
Haiti,1959,Americas,6.198,43.02,3789692
Haiti,1960,Americas,6.178,43.44,3858447
Haiti,1961,Americas,6.179,43.83,3929036
Haiti,1962,Americas,6.175,44.2,4001578
Haiti,1963,Americas,6.173,42.72,4073068
Haiti,1964,Americas,6.164,44.93,4146245
Haiti,1965,Americas,6.129,45.37,4223822
Haiti,1966,Americas,6.093,45.56,4302647
Haiti,1967,Americas,6.051,46.13,4383003
Haiti,1968,Americas,6.009,46.52,4465327
Haiti,1969,Americas,5.957,46.9,4549340
Haiti,1970,Americas,5.911,47.27,4635126
Haiti,1971,Americas,5.877,47.62,4723251
Haiti,1972,Americas,5.849,47.88,4813866
Haiti,1973,Americas,5.811,48.19,4906746
Haiti,1974,Americas,5.781,48.46,5001803
Haiti,1975,Americas,5.748,48.72,5099095
Haiti,1976,Americas,5.71,48.97,5198354
Haiti,1977,Americas,5.674,49.23,5299480
Haiti,1978,Americas,5.642,49.48,5402580
Haiti,1979,Americas,5.594,49.75,5507590
Haiti,1980,Americas,5.557,49.97,5614494
Haiti,1981,Americas,5.533,50.31,5723727
Haiti,1982,Americas,5.526,50.63,5835939
Haiti,1983,Americas,5.513,50.95,5951101
Haiti,1984,Americas,5.505,51.25,6069238
Haiti,1985,Americas,5.495,51.58,6190868
Haiti,1986,Americas,5.479,51.87,6316123
Haiti,1987,Americas,5.471,52.24,6445125
Haiti,1988,Americas,5.472,52.55,6578150
Haiti,1989,Americas,5.444,52.88,6714732
Haiti,1990,Americas,5.414,53.22,6854444
Haiti,1991,Americas,5.317,53.52,6995455
Haiti,1992,Americas,5.208,54.04,7136577
Haiti,1993,Americas,5.099,54.48,7278182
Haiti,1994,Americas,4.991,54.73,7419776
Haiti,1995,Americas,4.884,55.58,7562551
Haiti,1996,Americas,4.777,56.11,7707560
Haiti,1997,Americas,4.669,56.67,7854304
Haiti,1998,Americas,4.561,57.14,8002144
Haiti,1999,Americas,4.452,57.69,8151301
Haiti,2000,Americas,4.39,58.17,8303151
Haiti,2001,Americas,4.248,58.59,8455917
Haiti,2002,Americas,4.125,59.04,8607648
Haiti,2003,Americas,4.047,59.44,8759913
Haiti,2004,Americas,3.943,58.52,8910267
Haiti,2005,Americas,3.835,60.32,9061274
Haiti,2006,Americas,3.761,60.74,9216569
Haiti,2007,Americas,3.687,61.09,9373300
Haiti,2008,Americas,3.621,61.28,9530782
Haiti,2009,Americas,3.565,61.69,9689585
Haiti,2010,Americas,3.497,45.58,9803299
Haiti,2011,Americas,3.431,61.58,9914904
Haiti,2012,Americas,3.321,62.27,10069770
Haiti,2013,Americas,3.221,62.62,10222365
Haiti,2014,Americas,3.164,62.97,10373241
Haiti,2015,Americas,3.11,63.22,10523249
Haiti,2016,Americas,3.054,63.33,10671462
Haiti,2017,Americas,2.985,63.83,10817759
Haiti,2018,Americas,2.924,64.08,10962373
Haiti,2019,Americas,2.862,64.33,11105165
Haiti,2020,Americas,2.804,63.77,11243846
Haiti,2021,Americas,2.748,62.61,11374592
Haiti,2022,Americas,2.699,63.95,11503603
Haiti,2023,Americas,2.656,64.94,11637402
Haiti,2024,Americas,2.616,65.12,11772562
Haiti,2025,Americas,2.577,65.3,11906094
Hungary,1950,Europe,2.615,62.14,9337883
Hungary,1951,Europe,2.544,62.47,9423178
Hungary,1952,Europe,2.484,63.93,9503933
Hungary,1953,Europe,2.75,63.85,9594481
Hungary,1954,Europe,2.964,65.43,9704596
Hungary,1955,Europe,2.817,66.9,9823216
Hungary,1956,Europe,2.607,66.0,9853996
Hungary,1957,Europe,2.296,66.35,9837926
Hungary,1958,Europe,2.176,67.44,9880680
Hungary,1959,Europe,2.079,67.33,9936845
Hungary,1960,Europe,2.021,68.09,9983383
Hungary,1961,Europe,1.937,69.02,10026515
Hungary,1962,Europe,1.801,67.94,10058067
Hungary,1963,Europe,1.82,68.94,10083843
Hungary,1964,Europe,1.814,69.47,10114375
Hungary,1965,Europe,1.82,69.15,10141118
Hungary,1966,Europe,1.89,69.9,10170409
Hungary,1967,Europe,2.013,69.46,10206812
Hungary,1968,Europe,2.067,69.34,10244548
Hungary,1969,Europe,2.041,69.38,10281595
Hungary,1970,Europe,1.98,69.22,10315142
Hungary,1971,Europe,1.931,69.08,10343972
Hungary,1972,Europe,1.931,69.72,10374303
Hungary,1973,Europe,1.952,69.6,10407441
Hungary,1974,Europe,2.284,69.27,10453918
Hungary,1975,Europe,2.363,69.42,10515654
Hungary,1976,Europe,2.251,69.66,10573770
Hungary,1977,Europe,2.164,69.94,10623145
Hungary,1978,Europe,2.077,69.47,10660190
Hungary,1979,Europe,2.018,69.67,10688259
Hungary,1980,Europe,1.92,69.09,10695372
Hungary,1981,Europe,1.877,69.15,10679329
Hungary,1982,Europe,1.796,69.35,10656109
Hungary,1983,Europe,1.745,68.93,10622989
Hungary,1984,Europe,1.757,68.97,10584329
Hungary,1985,Europe,1.847,68.9,10547258
Hungary,1986,Europe,1.846,69.11,10511099
Hungary,1987,Europe,1.829,69.56,10475103
Hungary,1988,Europe,1.816,69.94,10440534
Hungary,1989,Europe,1.819,69.39,10403421
Hungary,1990,Europe,1.857,69.37,10381280
Hungary,1991,Europe,1.863,69.44,10378174
Hungary,1992,Europe,1.77,69.17,10371477
Hungary,1993,Europe,1.686,69.18,10356869
Hungary,1994,Europe,1.64,69.6,10339936
Hungary,1995,Europe,1.568,69.97,10322792
Hungary,1996,Europe,1.458,70.6,10302238
Hungary,1997,Europe,1.377,71.0,10278600
Hungary,1998,Europe,1.326,70.92,10251717
Hungary,1999,Europe,1.29,71.04,10219797
Hungary,2000,Europe,1.32,71.76,10190598
Hungary,2001,Europe,1.312,72.39,10166693
Hungary,2002,Europe,1.303,72.51,10138461
Hungary,2003,Europe,1.275,72.51,10108970
Hungary,2004,Europe,1.281,72.91,10085788
Hungary,2005,Europe,1.312,72.86,10065703
Hungary,2006,Europe,1.341,73.34,10049946
Hungary,2007,Europe,1.322,73.43,10034084
Hungary,2008,Europe,1.346,73.96,10016653
Hungary,2009,Europe,1.321,74.18,10001381
Hungary,2010,Europe,1.257,74.52,9979128
Hungary,2011,Europe,1.25,74.92,9946675
Hungary,2012,Europe,1.334,75.18,9916621
Hungary,2013,Europe,1.35,75.68,9889344
Hungary,2014,Europe,1.424,75.85,9862843
Hungary,2015,Europe,1.446,75.65,9839211
Hungary,2016,Europe,1.514,76.16,9810529
Hungary,2017,Europe,1.524,76.01,9785608
Hungary,2018,Europe,1.522,76.2,9774395
Hungary,2019,Europe,1.531,76.45,9770346
Hungary,2020,Europe,1.576,75.73,9749459
Hungary,2021,Europe,1.605,74.19,9707848
Hungary,2022,Europe,1.55,76.21,9684308
Hungary,2023,Europe,1.486,77.02,9686465
Hungary,2024,Europe,1.493,77.18,9676135
Hungary,2025,Europe,1.5,77.33,9632286
Indonesia,1950,Asia,5.109,40.21,68799031
Indonesia,1951,Asia,5.159,40.83,70286313
Indonesia,1952,Asia,5.21,41.54,71876439
Indonesia,1953,Asia,5.256,42.21,73569145
Indonesia,1954,Asia,5.314,42.91,75367367
Indonesia,1955,Asia,5.362,43.59,77273505
Indonesia,1956,Asia,5.393,44.3,79282557
Indonesia,1957,Asia,5.418,44.99,81390843
Indonesia,1958,Asia,5.448,45.42,83592765
Indonesia,1959,Asia,5.476,46.2,85892866
Indonesia,1960,Asia,5.505,46.84,88296074
Indonesia,1961,Asia,5.522,47.38,90791252
Indonesia,1962,Asia,5.534,48.14,93375848
Indonesia,1963,Asia,5.551,48.74,96051426
Indonesia,1964,Asia,5.568,49.44,98833758
Indonesia,1965,Asia,5.593,42.76,101365131
Indonesia,1966,Asia,5.593,48.41,103792758
Indonesia,1967,Asia,5.583,51.31,106526398
Indonesia,1968,Asia,5.568,51.89,109450008
Indonesia,1969,Asia,5.553,52.59,112517639
Indonesia,1970,Asia,5.488,53.25,115657496
Indonesia,1971,Asia,5.397,53.82,118833700
Indonesia,1972,Asia,5.315,54.36,122039844
Indonesia,1973,Asia,5.246,54.92,125288516
Indonesia,1974,Asia,5.089,55.44,128555052
Indonesia,1975,Asia,5.032,56.0,131843848
Indonesia,1976,Asia,4.921,56.45,135173656
Indonesia,1977,Asia,4.807,57.09,138533540
Indonesia,1978,Asia,4.732,57.61,141953161
Indonesia,1979,Asia,4.625,58.18,145434830
Indonesia,1980,Asia,4.495,58.7,148950537
Indonesia,1981,Asia,4.356,59.1,152485036
Indonesia,1982,Asia,4.247,59.7,156052153
Indonesia,1983,Asia,4.109,60.34,159651382
Indonesia,1984,Asia,3.956,60.89,163251124
Indonesia,1985,Asia,3.725,61.39,166776183
Indonesia,1986,Asia,3.53,61.74,170175065
Indonesia,1987,Asia,3.42,62.09,173511157
Indonesia,1988,Asia,3.353,62.39,176855071
Indonesia,1989,Asia,3.247,62.88,180201638
Indonesia,1990,Asia,3.114,63.25,183501097
Indonesia,1991,Asia,3.058,63.7,186778239
Indonesia,1992,Asia,2.95,64.18,190043742
Indonesia,1993,Asia,2.9,64.85,193305169
Indonesia,1994,Asia,2.851,65.04,196591829
Indonesia,1995,Asia,2.809,65.26,199888055
Indonesia,1996,Asia,2.782,65.47,203204353
Indonesia,1997,Asia,2.742,65.77,206536089
Indonesia,1998,Asia,2.66,65.94,209826791
Indonesia,1999,Asia,2.568,66.0,213004667
Indonesia,2000,Asia,2.503,66.29,216077789
Indonesia,2001,Asia,2.466,66.58,219097905
Indonesia,2002,Asia,2.436,66.95,222088499
Indonesia,2003,Asia,2.41,67.13,225048005
Indonesia,2004,Asia,2.415,65.52,227926649
Indonesia,2005,Asia,2.452,67.53,230871648
Indonesia,2006,Asia,2.457,67.66,233951650
Indonesia,2007,Asia,2.476,67.91,237062338
Indonesia,2008,Asia,2.44,68.08,240157902
Indonesia,2009,Asia,2.442,68.27,243220024
Indonesia,2010,Asia,2.462,68.36,246305327
Indonesia,2011,Asia,2.515,68.63,249470029
Indonesia,2012,Asia,2.514,68.86,252698525
Indonesia,2013,Asia,2.441,69.06,255852464
Indonesia,2014,Asia,2.393,69.29,258877395
Indonesia,2015,Asia,2.346,69.52,261799249
Indonesia,2016,Asia,2.311,69.73,264627429
Indonesia,2017,Asia,2.253,69.95,267346654
Indonesia,2018,Asia,2.219,70.08,269951847
Indonesia,2019,Asia,2.205,70.35,272489381
Indonesia,2020,Asia,2.189,68.82,274814861
Indonesia,2021,Asia,2.166,67.45,276758056
Indonesia,2022,Asia,2.149,70.92,278830527
Indonesia,2023,Asia,2.127,71.15,281190068
Indonesia,2024,Asia,2.099,71.29,283487933
Indonesia,2025,Asia,2.072,71.44,285721230
India,1950,Asia,5.732,41.18,346278818
India,1951,Asia,5.772,41.59,353870058
India,1952,Asia,5.821,42.09,361874906
India,1953,Asia,5.865,42.39,370104570
India,1954,Asia,5.906,43.25,378687141
India,1955,Asia,5.911,43.74,387700892
India,1956,Asia,5.913,44.13,396988905
India,1957,Asia,5.913,44.41,406253895
India,1958,Asia,5.903,44.78,415777436
India,1959,Asia,5.892,45.26,425780669
India,1960,Asia,5.921,45.61,435990342
India,1961,Asia,5.937,45.82,446564731
India,1962,Asia,5.953,46.13,457283091
India,1963,Asia,5.969,46.46,468138576
India,1964,Asia,5.979,46.74,479229599
India,1965,Asia,5.941,45.56,490140142
India,1966,Asia,5.881,45.88,500740250
India,1967,Asia,5.825,46.18,511606377
India,1968,Asia,5.76,47.92,522716893
India,1969,Asia,5.684,48.26,533880545
India,1970,Asia,5.624,48.59,545864271
India,1971,Asia,5.565,48.9,558096385
India,1972,Asia,5.482,49.21,570482138
India,1973,Asia,5.402,49.64,583465599
India,1974,Asia,5.325,50.26,597041391
India,1975,Asia,5.195,50.76,611309536
India,1976,Asia,5.13,51.3,625861887
India,1977,Asia,5.007,51.82,640801106
India,1978,Asia,4.888,52.42,655728226
India,1979,Asia,4.808,53.01,671155746
India,1980,Asia,4.775,53.59,687354029
India,1981,Asia,4.698,54.17,703696251
India,1982,Asia,4.62,54.73,720313473
India,1983,Asia,4.565,55.28,737372683
India,1984,Asia,4.516,55.81,754875449
India,1985,Asia,4.432,56.32,772647800
India,1986,Asia,4.399,56.82,790689977
India,1987,Asia,4.311,57.29,808931268
India,1988,Asia,4.222,57.74,827342994
India,1989,Asia,4.132,58.2,846039528
India,1990,Asia,4.045,58.62,864972221
India,1991,Asia,3.959,59.03,883927605
India,1992,Asia,3.877,59.45,902957075
India,1993,Asia,3.799,59.82,922118380
India,1994,Asia,3.723,60.24,941163772
India,1995,Asia,3.651,60.63,960301046
India,1996,Asia,3.582,61.03,979678460
India,1997,Asia,3.514,61.44,999133764
India,1998,Asia,3.446,61.85,1018665080
India,1999,Asia,3.383,62.28,1038225822
India,2000,Asia,3.35,62.75,1057922731
India,2001,Asia,3.303,63.16,1077898579
India,2002,Asia,3.217,63.65,1097600380
India,2003,Asia,3.122,64.09,1116803000
India,2004,Asia,3.046,64.48,1135991509
India,2005,Asia,2.958,64.94,1154676321
India,2006,Asia,2.867,65.37,1172878888
India,2007,Asia,2.775,65.8,1190676028
India,2008,Asia,2.711,66.25,1207930960
India,2009,Asia,2.674,66.7,1225524764
India,2010,Asia,2.598,67.16,1243481565
India,2011,Asia,2.532,67.62,1261224956
India,2012,Asia,2.47,68.08,1278674501
India,2013,Asia,2.399,68.5,1295829507
India,2014,Asia,2.293,68.93,1312277184
India,2015,Asia,2.289,69.33,1328024494
India,2016,Asia,2.284,69.71,1343944296
India,2017,Asia,2.193,70.07,1359657398
India,2018,Asia,2.184,70.42,1374659067
India,2019,Asia,2.12,70.75,1389030307
India,2020,Asia,2.047,70.16,1402617694
India,2021,Asia,2.014,67.28,1414203896
India,2022,Asia,1.994,71.7,1425423209
India,2023,Asia,1.975,72.0,1438069597
India,2024,Asia,1.945,72.23,1450935785
India,2025,Asia,1.916,72.48,1463865527
Ireland,1950,Europe,3.497,65.58,2912656
Ireland,1951,Europe,3.548,64.75,2936865
Ireland,1952,Europe,3.56,67.17,2941463
Ireland,1953,Europe,3.535,67.91,2929083
Ireland,1954,Europe,3.467,68.01,2915174
Ireland,1955,Europe,3.366,68.0,2899545
Ireland,1956,Europe,3.382,68.96,2883752
Ireland,1957,Europe,3.479,69.0,2869103
Ireland,1958,Europe,3.465,69.28,2854004
Ireland,1959,Europe,3.602,69.42,2839216
Ireland,1960,Europe,3.755,70.17,2827691
Ireland,1961,Europe,3.784,69.64,2824696
Ireland,1962,Europe,3.93,69.95,2831496
Ireland,1963,Europe,4.027,70.19,2843035
Ireland,1964,Europe,4.079,70.45,2857169
Ireland,1965,Europe,4.04,70.64,2873157
Ireland,1966,Europe,3.942,70.16,2888884
Ireland,1967,Europe,3.843,71.2,2905420
Ireland,1968,Europe,3.77,70.88,2922789
Ireland,1969,Europe,3.824,70.8,2940759
Ireland,1970,Europe,3.85,70.83,2961402
Ireland,1971,Europe,3.934,71.62,2993119
Ireland,1972,Europe,3.849,70.95,3037153
Ireland,1973,Europe,3.713,71.17,3084436
Ireland,1974,Europe,3.588,71.11,3132177
Ireland,1975,Europe,3.372,71.69,3180119
Ireland,1976,Europe,3.287,71.8,3228393
Ireland,1977,Europe,3.242,71.94,3277756
Ireland,1978,Europe,3.211,71.93,3329185
Ireland,1979,Europe,3.214,72.18,3375806
Ireland,1980,Europe,3.205,72.54,3415240
Ireland,1981,Europe,3.059,72.89,3448825
Ireland,1982,Europe,2.947,73.16,3475532
Ireland,1983,Europe,2.749,73.18,3497614
Ireland,1984,Europe,2.586,73.62,3515953
Ireland,1985,Europe,2.492,73.56,3531275
Ireland,1986,Europe,2.441,73.61,3541875
Ireland,1987,Europe,2.315,74.41,3540382
Ireland,1988,Europe,2.173,74.42,3525092
Ireland,1989,Europe,2.081,74.45,3511070
Ireland,1990,Europe,2.11,74.84,3514015
Ireland,1991,Europe,2.077,75.03,3534258
Ireland,1992,Europe,1.991,75.42,3558417
Ireland,1993,Europe,1.904,75.29,3576118
Ireland,1994,Europe,1.848,75.8,3590162
Ireland,1995,Europe,1.843,75.47,3610695
Ireland,1996,Europe,1.883,75.83,3638507
Ireland,1997,Europe,1.932,75.98,3672287
Ireland,1998,Europe,1.941,76.19,3711075
Ireland,1999,Europe,1.903,76.09,3752938
Ireland,2000,Europe,1.893,76.53,3802589
Ireland,2001,Europe,1.94,77.1,3862981
Ireland,2002,Europe,1.971,77.59,3928441
Ireland,2003,Europe,1.96,78.1,3992935
Ireland,2004,Europe,1.93,78.5,4066066
Ireland,2005,Europe,1.865,78.91,4155283
Ireland,2006,Europe,1.915,79.15,4268775
Ireland,2007,Europe,2.011,79.56,4393518
Ireland,2008,Europe,2.065,79.79,4485992
Ireland,2009,Europe,2.063,80.09,4533750
Ireland,2010,Europe,2.056,80.6,4559084
Ireland,2011,Europe,2.033,80.73,4579603
Ireland,2012,Europe,1.99,80.85,4600135
Ireland,2013,Europe,1.934,81.06,4624686
Ireland,2014,Europe,1.9,81.41,4658236
Ireland,2015,Europe,1.861,81.53,4702497
Ireland,2016,Europe,1.816,81.68,4753506
Ireland,2017,Europe,1.772,82.1,4810258
Ireland,2018,Europe,1.761,82.12,4872559
Ireland,2019,Europe,1.718,82.41,4933493
Ireland,2020,Europe,1.653,82.39,4982602
Ireland,2021,Europe,1.777,81.86,5028428
Ireland,2022,Europe,1.594,82.05,5110015
Ireland,2023,Europe,1.598,82.41,5196629
Ireland,2024,Europe,1.574,82.58,5255016
Ireland,2025,Europe,1.55,82.75,5308035
Iran,1950,Asia,6.97,38.19,16510553
Iran,1951,Asia,6.977,38.66,16921282
Iran,1952,Asia,7.005,39.15,17344436
Iran,1953,Asia,7.026,39.51,17778109
Iran,1954,Asia,7.048,40.0,18226205
Iran,1955,Asia,7.151,40.62,18700800
Iran,1956,Asia,7.249,41.05,19204391
Iran,1957,Asia,7.354,41.31,19726844
Iran,1958,Asia,7.458,42.2,20266508
Iran,1959,Asia,7.571,42.76,20846777
Iran,1960,Asia,7.519,43.3,21470433
Iran,1961,Asia,7.459,43.9,22125729
Iran,1962,Asia,7.401,43.77,22807908
Iran,1963,Asia,7.317,45.1,23519008
Iran,1964,Asia,7.237,45.73,24262863
Iran,1965,Asia,7.222,46.37,25036982
Iran,1966,Asia,7.214,47.07,25829273
Iran,1967,Asia,7.19,47.8,26628430
Iran,1968,Asia,7.119,47.95,27437391
Iran,1969,Asia,7.007,49.38,28273483
Iran,1970,Asia,6.798,50.22,29145099
Iran,1971,Asia,6.549,51.12,30029069
Iran,1972,Asia,6.257,51.73,30921178
Iran,1973,Asia,6.061,52.94,31839835
Iran,1974,Asia,5.968,53.86,32796453
Iran,1975,Asia,5.947,54.82,33802971
Iran,1976,Asia,6.066,55.77,34837282
Iran,1977,Asia,6.179,56.66,35933181
Iran,1978,Asia,6.344,56.04,37126534
Iran,1979,Asia,6.549,58.45,38424956
Iran,1980,Asia,6.63,58.37,39842323
Iran,1981,Asia,6.618,56.62,41989316
Iran,1982,Asia,6.586,57.63,44272140
Iran,1983,Asia,6.528,58.52,46029540
Iran,1984,Asia,6.433,60.88,47793999
Iran,1985,Asia,6.242,61.54,49582289
Iran,1986,Asia,6.011,62.14,51446046
Iran,1987,Asia,5.719,62.69,53323491
Iran,1988,Asia,5.434,63.26,55072691
Iran,1989,Asia,5.172,65.31,56704920
Iran,1990,Asia,4.934,64.07,58380098
Iran,1991,Asia,4.568,66.23,59986931
Iran,1992,Asia,4.099,66.65,61184982
Iran,1993,Asia,3.674,67.04,61403548
Iran,1994,Asia,3.244,67.49,61520598
Iran,1995,Asia,2.852,67.9,62205571
Iran,1996,Asia,2.542,68.33,62881298
Iran,1997,Asia,2.323,68.65,63639637
Iran,1998,Asia,2.19,69.21,64519866
Iran,1999,Asia,2.089,69.69,65445389
Iran,2000,Asia,1.999,70.17,66418661
Iran,2001,Asia,1.918,70.62,67452005
Iran,2002,Asia,1.836,71.11,68011318
Iran,2003,Asia,1.801,70.46,68769343
Iran,2004,Asia,1.78,72.04,70256316
Iran,2005,Asia,1.756,72.45,71828455
Iran,2006,Asia,1.755,72.89,73392747
Iran,2007,Asia,1.748,73.3,74602648
Iran,2008,Asia,1.743,73.68,75514201
Iran,2009,Asia,1.74,74.04,76457831
Iran,2010,Asia,1.749,74.39,77420851
Iran,2011,Asia,1.792,74.72,78383602
Iran,2012,Asia,1.851,75.04,79370583
Iran,2013,Asia,1.913,75.35,80414689
Iran,2014,Asia,1.975,75.64,81502045
Iran,2015,Asia,2.017,75.91,82619365
Iran,2016,Asia,2.054,76.16,83812230
Iran,2017,Asia,2.023,76.4,85026761
Iran,2018,Asia,1.919,76.62,86117999
Iran,2019,Asia,1.766,76.86,87051649
Iran,2020,Asia,1.7,74.14,87723448
Iran,2021,Asia,1.709,73.75,88455490
Iran,2022,Asia,1.704,76.8,89524247
Iran,2023,Asia,1.695,77.65,90608708
Iran,2024,Asia,1.67,77.85,91567737
Iran,2025,Asia,1.645,78.05,92417684
Iraq,1950,Asia,6.2,37.4,5653357
Iraq,1951,Asia,6.4,38.97,5774132
Iraq,1952,Asia,6.837,40.52,5913013
Iraq,1953,Asia,6.844,42.08,6064249
Iraq,1954,Asia,6.758,43.53,6219477
Iraq,1955,Asia,6.0,44.98,6366279
Iraq,1956,Asia,6.0,46.37,6507499
Iraq,1957,Asia,4.8,47.73,6633379
Iraq,1958,Asia,4.8,48.98,6741679
Iraq,1959,Asia,5.3,49.72,6870386
Iraq,1960,Asia,5.3,51.46,7022057
Iraq,1961,Asia,5.8,52.34,7194561
Iraq,1962,Asia,6.991,53.48,7413876
Iraq,1963,Asia,7.005,54.36,7667932
Iraq,1964,Asia,7.01,55.24,7929572
Iraq,1965,Asia,7.02,56.39,8202145
Iraq,1966,Asia,7.022,57.32,8485103
Iraq,1967,Asia,7.029,58.42,8778876
Iraq,1968,Asia,7.056,58.97,9085016
Iraq,1969,Asia,7.083,59.64,9403356
Iraq,1970,Asia,7.071,60.53,9735611
Iraq,1971,Asia,7.055,61.33,10077818
Iraq,1972,Asia,7.024,61.82,10430169
Iraq,1973,Asia,6.986,62.34,10795872
Iraq,1974,Asia,6.952,60.99,11167770
Iraq,1975,Asia,6.913,61.43,11543643
Iraq,1976,Asia,6.856,63.57,11927652
Iraq,1977,Asia,6.795,63.9,12331051
Iraq,1978,Asia,6.726,64.17,12753355
Iraq,1979,Asia,6.662,64.42,13170372
Iraq,1980,Asia,6.593,60.92,13591996
Iraq,1981,Asia,6.526,58.65,14006379
Iraq,1982,Asia,6.46,58.98,14406082
Iraq,1983,Asia,6.387,59.29,14840558
Iraq,1984,Asia,6.321,59.54,15310729
Iraq,1985,Asia,6.246,59.8,15683431
Iraq,1986,Asia,6.182,60.03,16074146
Iraq,1987,Asia,6.114,60.26,16521051
Iraq,1988,Asia,6.052,56.69,16908823
Iraq,1989,Asia,5.988,57.5,17364553
Iraq,1990,Asia,5.929,57.59,17581208
Iraq,1991,Asia,5.833,61.34,17767257
Iraq,1992,Asia,5.718,65.34,18300849
Iraq,1993,Asia,5.609,65.31,19201195
Iraq,1994,Asia,5.488,65.03,20139818
Iraq,1995,Asia,5.36,64.76,20825859
Iraq,1996,Asia,5.249,64.62,21501321
Iraq,1997,Asia,5.194,64.24,22176604
Iraq,1998,Asia,5.112,64.41,22884402
Iraq,1999,Asia,5.035,64.53,23636530
Iraq,2000,Asia,4.92,64.86,24424060
Iraq,2001,Asia,4.799,65.29,25197842
Iraq,2002,Asia,4.668,65.72,26006558
Iraq,2003,Asia,4.581,64.83,26802660
Iraq,2004,Asia,4.527,64.63,27577876
Iraq,2005,Asia,4.446,64.9,28407450
Iraq,2006,Asia,4.459,64.03,28616518
Iraq,2007,Asia,4.404,64.43,28391606
Iraq,2008,Asia,4.373,66.47,28971042
Iraq,2009,Asia,4.378,67.83,30058207
Iraq,2010,Asia,4.457,68.09,31045367
Iraq,2011,Asia,4.588,68.44,32161425
Iraq,2012,Asia,4.544,68.83,33654843
Iraq,2013,Asia,4.441,69.05,35281987
Iraq,2014,Asia,4.31,69.68,36550058
Iraq,2015,Asia,4.08,69.98,37560535
Iraq,2016,Asia,3.843,68.68,38469628
Iraq,2017,Asia,3.64,69.79,39337358
Iraq,2018,Asia,3.547,71.12,40265629
Iraq,2019,Asia,3.48,71.25,41192172
Iraq,2020,Asia,3.419,69.65,42116602
Iraq,2021,Asia,3.358,70.7,43071208
Iraq,2022,Asia,3.294,72.04,44070556
Iraq,2023,Asia,3.249,72.32,45074055
Iraq,2024,Asia,3.2,72.42,46042015
Iraq,2025,Asia,3.152,72.53,47020778
Iceland,1950,Europe,3.854,71.03,142684
Iceland,1951,Europe,3.721,71.0,145432
Iceland,1952,Europe,3.788,72.41,147778
Iceland,1953,Europe,3.933,72.28,150750
Iceland,1954,Europe,3.913,73.34,154272
Iceland,1955,Europe,4.036,73.28,157751
Iceland,1956,Europe,4.111,72.9,161091
Iceland,1957,Europe,4.173,73.39,164767
Iceland,1958,Europe,4.072,73.35,168490
Iceland,1959,Europe,4.213,72.62,172008
Iceland,1960,Europe,4.259,74.05,175572
Iceland,1961,Europe,3.913,73.39,179014
Iceland,1962,Europe,3.979,73.61,182360
Iceland,1963,Europe,3.984,72.94,185658
Iceland,1964,Europe,3.87,73.53,189043
Iceland,1965,Europe,3.72,73.8,192344
Iceland,1966,Europe,3.578,73.14,195604
Iceland,1967,Europe,3.282,73.69,198796
Iceland,1968,Europe,3.063,73.9,201519
Iceland,1969,Europe,2.984,73.66,203383
Iceland,1970,Europe,2.815,73.78,204489
Iceland,1971,Europe,2.917,73.49,206171
Iceland,1972,Europe,3.085,74.39,209209
Iceland,1973,Europe,2.941,74.28,212385
Iceland,1974,Europe,2.661,74.12,215273
Iceland,1975,Europe,2.64,75.27,218029
Iceland,1976,Europe,2.522,76.63,220196
Iceland,1977,Europe,2.32,76.08,221842
Iceland,1978,Europe,2.352,76.38,223580
Iceland,1979,Europe,2.487,76.53,225765
Iceland,1980,Europe,2.478,76.6,228147
Iceland,1981,Europe,2.337,76.19,230754
Iceland,1982,Europe,2.272,76.8,233852
Iceland,1983,Europe,2.246,76.42,236968
Iceland,1984,Europe,2.083,77.3,239513
Iceland,1985,Europe,1.942,77.39,241414
Iceland,1986,Europe,1.935,77.87,243195
Iceland,1987,Europe,2.069,77.05,245864
Iceland,1988,Europe,2.258,76.89,249734
Iceland,1989,Europe,2.208,77.93,252861
Iceland,1990,Europe,2.302,77.74,254842
Iceland,1991,Europe,2.196,77.76,257817
Iceland,1992,Europe,2.214,78.59,261087
Iceland,1993,Europe,2.221,78.81,263760
Iceland,1994,Europe,2.144,79.02,266063
Iceland,1995,Europe,2.083,77.54,267516
Iceland,1996,Europe,2.111,78.65,268967
Iceland,1997,Europe,2.04,78.67,271194
Iceland,1998,Europe,2.043,79.4,274121
Iceland,1999,Europe,1.997,79.24,277450
Iceland,2000,Europe,2.071,79.55,281293
Iceland,2001,Europe,1.955,80.42,285058
Iceland,2002,Europe,1.936,80.28,287609
Iceland,2003,Europe,1.991,80.77,289616
Iceland,2004,Europe,2.037,80.72,292172
Iceland,2005,Europe,2.046,81.17,296852
Iceland,2006,Europe,2.075,80.94,303883
Iceland,2007,Europe,2.089,81.09,311662
Iceland,2008,Europe,2.156,81.24,317519
Iceland,2009,Europe,2.227,81.42,318619
Iceland,2010,Europe,2.192,81.59,318163
Iceland,2011,Europe,2.023,81.97,319139
Iceland,2012,Europe,2.034,82.35,320851
Iceland,2013,Europe,1.938,81.74,323891
Iceland,2014,Europe,1.928,82.43,327517
Iceland,2015,Europe,1.809,82.16,330962
Iceland,2016,Europe,1.744,81.83,335571
Iceland,2017,Europe,1.711,82.24,343537
Iceland,2018,Europe,1.71,82.45,352860
Iceland,2019,Europe,1.744,82.85,360709
Iceland,2020,Europe,1.718,82.71,366626
Iceland,2021,Europe,1.818,82.84,372647
Iceland,2022,Europe,1.589,81.59,380368
Iceland,2023,Europe,1.54,82.69,387559
Iceland,2024,Europe,1.517,83.01,393404
Iceland,2025,Europe,1.494,83.15,398270
Israel,1950,Asia,4.571,69.86,1289244
Israel,1951,Asia,4.666,67.63,1351813
Israel,1952,Asia,4.741,67.22,1414224
Israel,1953,Asia,4.722,66.42,1476336
Israel,1954,Asia,4.341,66.25,1538044
Israel,1955,Asia,4.387,68.0,1599497
Israel,1956,Asia,4.436,66.59,1660640
Israel,1957,Asia,4.382,66.5,1720530
Israel,1958,Asia,4.326,68.39,1779007
Israel,1959,Asia,4.364,68.92,1836348
Israel,1960,Asia,4.366,69.75,1891941
Israel,1961,Asia,4.148,69.81,1956894
Israel,1962,Asia,4.086,69.33,2040967
Israel,1963,Asia,4.087,69.62,2135049
Israel,1964,Asia,4.163,69.61,2231855
Israel,1965,Asia,4.125,70.5,2331450
Israel,1966,Asia,3.96,70.94,2433836
Israel,1967,Asia,3.824,70.9,2538658
Israel,1968,Asia,3.711,70.75,2645472
Israel,1969,Asia,3.676,71.03,2754159
Israel,1970,Asia,3.786,71.16,2864773
Israel,1971,Asia,3.849,71.83,2977303
Israel,1972,Asia,3.798,71.62,3079404
Israel,1973,Asia,3.606,71.61,3163042
Israel,1974,Asia,3.641,71.56,3239987
Israel,1975,Asia,3.614,71.6,3318087
Israel,1976,Asia,3.622,72.67,3398266
Israel,1977,Asia,3.47,72.69,3479619
Israel,1978,Asia,3.245,73.06,3560404
Israel,1979,Asia,3.203,73.39,3640877
Israel,1980,Asia,3.153,73.68,3721666
Israel,1981,Asia,3.073,74.19,3802233
Israel,1982,Asia,3.131,74.33,3883640
Israel,1983,Asia,3.143,75.08,3959631
Israel,1984,Asia,3.077,75.5,4033735
Israel,1985,Asia,3.039,75.97,4105362
Israel,1986,Asia,2.991,75.91,4168966
Israel,1987,Asia,2.923,76.38,4236875
Israel,1988,Asia,2.896,76.89,4307324
Israel,1989,Asia,2.84,77.64,4381512
Israel,1990,Asia,2.84,78.04,4544995
Israel,1991,Asia,2.832,77.58,4779892
Israel,1992,Asia,2.87,77.27,4957240
Israel,1993,Asia,2.866,77.86,5086041
Israel,1994,Asia,2.837,78.05,5216697
Israel,1995,Asia,2.823,78.05,5354734
Israel,1996,Asia,2.862,78.57,5499555
Israel,1997,Asia,2.876,78.55,5646476
Israel,1998,Asia,2.922,78.59,5790143
Israel,1999,Asia,2.888,78.89,5946079
Israel,2000,Asia,2.921,79.18,6111194
Israel,2001,Asia,2.868,79.48,6259977
Israel,2002,Asia,2.877,79.51,6387714
Israel,2003,Asia,2.919,79.82,6502821
Israel,2004,Asia,2.848,80.31,6615084
Israel,2005,Asia,2.793,80.39,6728212
Israel,2006,Asia,2.828,80.79,6844029
Israel,2007,Asia,2.852,80.95,6962456
Israel,2008,Asia,2.903,81.28,7082621
Israel,2009,Asia,2.944,81.82,7206096
Israel,2010,Asia,3.028,81.97,7336735
Israel,2011,Asia,3.01,81.99,7471023
Israel,2012,Asia,3.05,81.98,7607781
Israel,2013,Asia,3.036,82.35,7749369
Israel,2014,Asia,3.081,82.36,7897173
Israel,2015,Asia,3.093,82.25,8052916
Israel,2016,Asia,3.113,82.61,8210006
Israel,2017,Asia,3.123,82.7,8361796
Israel,2018,Asia,3.103,82.92,8510067
Israel,2019,Asia,3.034,82.91,8657466
Israel,2020,Asia,2.937,82.7,8800380
Israel,2021,Asia,3.019,82.52,8942925
Israel,2022,Asia,2.936,82.81,9103143
Israel,2023,Asia,2.83,82.41,9256311
Israel,2024,Asia,2.803,82.73,9387015
Israel,2025,Asia,2.777,82.77,9517182
Italy,1950,Europe,2.523,65.72,46391674
Italy,1951,Europe,2.376,65.32,46751901
Italy,1952,Europe,2.323,65.91,47018177
Italy,1953,Europe,2.285,66.58,47410885
Italy,1954,Europe,2.349,67.86,47832233
Italy,1955,Europe,2.343,68.25,48130817
Italy,1956,Europe,2.351,67.64,48401948
Italy,1957,Europe,2.348,67.78,48657025
Italy,1958,Europe,2.326,68.85,48927096
Italy,1959,Europe,2.387,69.31,49219450
Italy,1960,Europe,2.384,69.21,49514555
Italy,1961,Europe,2.42,69.82,49815254
Italy,1962,Europe,2.451,69.22,50170591
Italy,1963,Europe,2.52,69.32,50570978
Italy,1964,Europe,2.662,70.38,51019579
Italy,1965,Europe,2.617,70.26,51480733
Italy,1966,Europe,2.588,71.0,51919068
Italy,1967,Europe,2.509,71.03,52338335
Italy,1968,Europe,2.49,70.87,52712156
Italy,1969,Europe,2.47,70.86,53060141
Italy,1970,Europe,2.396,71.63,53390231
Italy,1971,Europe,2.398,71.88,53707794
Italy,1972,Europe,2.351,72.14,54067562
Italy,1973,Europe,2.315,72.11,54450571
Italy,1974,Europe,2.292,72.8,54821114
Italy,1975,Europe,2.177,72.73,55166046
Italy,1976,Europe,2.056,73.07,55459415
Italy,1977,Europe,1.939,73.44,55714552
Italy,1978,Europe,1.841,73.78,55938969
Italy,1979,Europe,1.733,74.11,56132382
Italy,1980,Europe,1.647,74.05,56412086
Italy,1981,Europe,1.582,74.44,56646752
Italy,1982,Europe,1.561,74.91,56719178
Italy,1983,Europe,1.506,74.73,56766114
Italy,1984,Europe,1.458,75.5,56810355
Italy,1985,Europe,1.416,75.61,56855499
Italy,1986,Europe,1.351,75.92,56875982
Italy,1987,Europe,1.33,76.34,56891919
Italy,1988,Europe,1.355,76.53,56928748
Italy,1989,Europe,1.328,76.93,56976750
Italy,1990,Europe,1.331,76.99,57031457
Italy,1991,Europe,1.303,76.99,57075394
Italy,1992,Europe,1.296,77.36,57124993
Italy,1993,Europe,1.249,77.65,57170762
Italy,1994,Europe,1.208,77.87,57420136
Italy,1995,Europe,1.188,78.12,57403342
Italy,1996,Europe,1.197,78.44,57162098
Italy,1997,Europe,1.21,78.73,57189272
Italy,1998,Europe,1.21,78.81,57215190
Italy,1999,Europe,1.228,79.2,57240796
Italy,2000,Europe,1.249,79.61,57272200
Italy,2001,Europe,1.247,79.89,57305760
Italy,2002,Europe,1.264,80.11,57420636
Italy,2003,Europe,1.285,80.19,57739697
Italy,2004,Europe,1.337,81.02,58176736
Italy,2005,Europe,1.332,81.02,58519696
Italy,2006,Europe,1.364,81.41,58754434
Italy,2007,Europe,1.393,81.5,59108723
Italy,2008,Europe,1.435,81.64,59561687
Italy,2009,Europe,1.439,81.76,59904016
Italy,2010,Europe,1.443,82.13,60164212
Italy,2011,Europe,1.427,82.23,60367882
Italy,2012,Europe,1.416,82.25,60531522
Italy,2013,Europe,1.38,82.65,60653864
Italy,2014,Europe,1.364,82.9,60664169
Italy,2015,Europe,1.344,82.52,60575314
Italy,2016,Europe,1.336,83.05,60478103
Italy,2017,Europe,1.317,82.73,60390317
Italy,2018,Europe,1.286,83.18,60277496
Italy,2019,Europe,1.259,83.34,60130136
Italy,2020,Europe,1.242,82.18,59912763
Italy,2021,Europe,1.252,82.86,59729353
Italy,2022,Europe,1.24,82.05,59619106
Italy,2023,Europe,1.198,83.72,59499452
Italy,2024,Europe,1.181,83.87,59342870
Italy,2025,Europe,1.164,84.03,59146263
Jamaica,1950,Americas,3.923,56.56,1407214
Jamaica,1951,Americas,4.013,57.13,1447471
Jamaica,1952,Americas,4.054,58.11,1481349
Jamaica,1953,Americas,4.184,58.88,1509742
Jamaica,1954,Americas,4.333,59.64,1533451
Jamaica,1955,Americas,4.524,60.4,1553716
Jamaica,1956,Americas,4.741,61.16,1571975
Jamaica,1957,Americas,4.963,61.95,1589680
Jamaica,1958,Americas,5.192,62.65,1608269
Jamaica,1959,Americas,5.323,63.25,1628236
Jamaica,1960,Americas,5.538,63.83,1650009
Jamaica,1961,Americas,5.597,64.26,1673267
Jamaica,1962,Americas,5.635,64.62,1696935
Jamaica,1963,Americas,5.731,65.0,1721105
Jamaica,1964,Americas,5.79,65.35,1745574
Jamaica,1965,Americas,5.719,65.66,1769206
Jamaica,1966,Americas,5.692,65.93,1791477
Jamaica,1967,Americas,5.668,66.09,1812870
Jamaica,1968,Americas,5.576,66.32,1833769
Jamaica,1969,Americas,5.468,66.52,1855132
Jamaica,1970,Americas,5.349,66.73,1878191
Jamaica,1971,Americas,5.212,67.0,1903734
Jamaica,1972,Americas,5.06,67.3,1931552
Jamaica,1973,Americas,4.995,67.61,1961225
Jamaica,1974,Americas,4.665,67.91,1990904
Jamaica,1975,Americas,4.436,68.17,2018985
Jamaica,1976,Americas,4.213,68.41,2045578
Jamaica,1977,Americas,4.004,68.59,2070657
Jamaica,1978,Americas,3.838,68.74,2094848
Jamaica,1979,Americas,3.719,68.81,2119492
Jamaica,1980,Americas,3.588,68.99,2145661
Jamaica,1981,Americas,3.51,69.12,2173823
Jamaica,1982,Americas,3.458,69.25,2203895
Jamaica,1983,Americas,3.411,69.55,2234834
Jamaica,1984,Americas,3.324,69.81,2264563
Jamaica,1985,Americas,3.212,70.1,2290657
Jamaica,1986,Americas,3.106,70.45,2312124
Jamaica,1987,Americas,3.024,70.87,2329816
Jamaica,1988,Americas,2.982,71.16,2345786
Jamaica,1989,Americas,2.93,71.51,2361923
Jamaica,1990,Americas,2.955,71.7,2379880
Jamaica,1991,Americas,2.997,71.79,2400873
Jamaica,1992,Americas,3.026,71.82,2424698
Jamaica,1993,Americas,2.987,71.76,2449913
Jamaica,1994,Americas,2.93,71.62,2475225
Jamaica,1995,Americas,2.851,71.49,2500152
Jamaica,1996,Americas,2.77,71.33,2524470
Jamaica,1997,Americas,2.677,71.22,2547853
Jamaica,1998,Americas,2.574,71.17,2569740
Jamaica,1999,Americas,2.465,71.19,2589796
Jamaica,2000,Americas,2.345,71.28,2607827
Jamaica,2001,Americas,2.296,71.29,2624410
Jamaica,2002,Americas,2.271,71.48,2640582
Jamaica,2003,Americas,2.244,71.58,2656629
Jamaica,2004,Americas,2.198,71.54,2672227
Jamaica,2005,Americas,2.148,71.49,2687070
Jamaica,2006,Americas,2.089,71.39,2700973
Jamaica,2007,Americas,2.023,71.41,2713808
Jamaica,2008,Americas,1.953,71.5,2725633
Jamaica,2009,Americas,1.879,71.72,2737001
Jamaica,2010,Americas,1.799,71.98,2748573
Jamaica,2011,Americas,1.717,72.25,2760493
Jamaica,2012,Americas,1.648,72.41,2772432
Jamaica,2013,Americas,1.591,72.44,2783689
Jamaica,2014,Americas,1.544,72.36,2793756
Jamaica,2015,Americas,1.508,72.21,2802536
Jamaica,2016,Americas,1.464,72.05,2809919
Jamaica,2017,Americas,1.428,71.88,2815765
Jamaica,2018,Americas,1.4,71.61,2820103
Jamaica,2019,Americas,1.39,71.53,2823275
Jamaica,2020,Americas,1.383,71.45,2830745
Jamaica,2021,Americas,1.378,69.08,2837680
Jamaica,2022,Americas,1.372,71.48,2839150
Jamaica,2023,Americas,1.358,71.48,2839785
Jamaica,2024,Americas,1.339,71.61,2839182
Jamaica,2025,Americas,1.32,71.73,2837080
Jordan,1950,Asia,7.444,40.87,438808
Jordan,1951,Asia,7.44,42.02,471160
Jordan,1952,Asia,7.422,43.22,506449
Jordan,1953,Asia,7.41,44.45,544109
Jordan,1954,Asia,7.399,45.63,583856
Jordan,1955,Asia,7.42,46.76,625572
Jordan,1956,Asia,7.441,48.0,669110
Jordan,1957,Asia,7.46,49.23,714362
Jordan,1958,Asia,7.479,50.45,760829
Jordan,1959,Asia,7.512,51.61,807612
Jordan,1960,Asia,7.599,52.68,853471
Jordan,1961,Asia,7.699,53.68,897599
Jordan,1962,Asia,7.785,54.63,940564
Jordan,1963,Asia,7.854,55.49,984720
Jordan,1964,Asia,7.913,56.46,1035644
Jordan,1965,Asia,7.932,57.32,1099446
Jordan,1966,Asia,7.992,57.76,1178371
Jordan,1967,Asia,8.059,58.97,1271186
Jordan,1968,Asia,8.135,59.77,1372468
Jordan,1969,Asia,8.192,60.5,1473101
Jordan,1970,Asia,8.181,59.83,1565172
Jordan,1971,Asia,8.15,61.77,1645148
Jordan,1972,Asia,8.117,62.48,1714562
Jordan,1973,Asia,8.062,63.06,1778096
Jordan,1974,Asia,7.997,63.61,1839191
Jordan,1975,Asia,7.925,64.15,1899059
Jordan,1976,Asia,7.832,64.65,1958181
Jordan,1977,Asia,7.723,65.13,2019008
Jordan,1978,Asia,7.594,65.6,2083604
Jordan,1979,Asia,7.448,66.05,2153891
Jordan,1980,Asia,7.287,66.49,2234192
Jordan,1981,Asia,7.121,66.92,2325528
Jordan,1982,Asia,6.959,67.36,2426933
Jordan,1983,Asia,6.812,67.78,2537307
Jordan,1984,Asia,6.671,68.21,2654689
Jordan,1985,Asia,6.534,68.59,2778819
Jordan,1986,Asia,6.387,68.96,2909896
Jordan,1987,Asia,6.196,69.3,3047634
Jordan,1988,Asia,6.011,69.61,3193044
Jordan,1989,Asia,5.798,69.86,3349638
Jordan,1990,Asia,5.544,70.09,3621915
Jordan,1991,Asia,5.33,70.24,3915152
Jordan,1992,Asia,5.137,70.4,4127699
Jordan,1993,Asia,4.972,70.57,4348018
Jordan,1994,Asia,4.819,70.74,4561409
Jordan,1995,Asia,4.676,70.92,4752097
Jordan,1996,Asia,4.508,71.11,4912518
Jordan,1997,Asia,4.318,71.32,5046287
Jordan,1998,Asia,4.112,71.52,5164290
Jordan,1999,Asia,3.971,71.74,5276450
Jordan,2000,Asia,3.864,71.93,5386945
Jordan,2001,Asia,3.803,72.14,5498900
Jordan,2002,Asia,3.805,72.36,5616077
Jordan,2003,Asia,3.816,72.58,5741837
Jordan,2004,Asia,3.729,72.79,5882066
Jordan,2005,Asia,3.653,72.98,6029597
Jordan,2006,Asia,3.711,73.22,6427377
Jordan,2007,Asia,3.797,73.41,6827235
Jordan,2008,Asia,3.876,73.56,6989874
Jordan,2009,Asia,3.841,73.71,7141763
Jordan,2010,Asia,3.78,73.8,7297046
Jordan,2011,Asia,3.69,73.93,7480431
Jordan,2012,Asia,3.568,74.09,7587133
Jordan,2013,Asia,3.449,74.28,7991812
Jordan,2014,Asia,3.302,74.61,8791715
Jordan,2015,Asia,3.141,75.06,9544730
Jordan,2016,Asia,3.072,75.55,10006369
Jordan,2017,Asia,2.994,76.07,10234227
Jordan,2018,Asia,2.923,76.49,10462310
Jordan,2019,Asia,2.855,76.86,10671893
Jordan,2020,Asia,2.791,75.58,10865232
Jordan,2021,Asia,2.735,74.2,11066356
Jordan,2022,Asia,2.679,77.09,11256269
Jordan,2023,Asia,2.639,77.81,11439220
Jordan,2024,Asia,2.599,77.98,11552885
Jordan,2025,Asia,2.56,78.13,11520687
Japan,1950,Asia,3.615,59.26,86443278
Japan,1951,Asia,3.225,60.99,87849929
Japan,1952,Asia,2.947,63.0,89135133
Japan,1953,Asia,2.673,63.33,90324185
Japan,1954,Asia,2.468,64.54,91407673
Japan,1955,Asia,2.349,65.71,92425476
Japan,1956,Asia,2.206,65.56,93342005
Japan,1957,Asia,2.036,65.44,94108980
Japan,1958,Asia,2.097,67.04,94846958
Japan,1959,Asia,2.035,67.46,95622973
Japan,1960,Asia,1.981,67.72,96399755
Japan,1961,Asia,1.928,68.37,97217594
Japan,1962,Asia,1.928,68.67,98076405
Japan,1963,Asia,1.951,69.75,98958230
Japan,1964,Asia,1.998,70.2,99890175
Japan,1965,Asia,2.089,70.26,100916018
Japan,1966,Asia,1.632,71.06,101887833
Japan,1967,Asia,2.158,71.4,102965530
Japan,1968,Asia,2.065,71.67,104237476
Japan,1969,Asia,2.026,71.92,105475169
Japan,1970,Asia,2.035,72.01,106712370
Japan,1971,Asia,2.089,72.83,107952031
Japan,1972,Asia,2.114,73.26,109238963
Japan,1973,Asia,2.145,73.42,110614742
Japan,1974,Asia,2.065,73.85,112009689
Japan,1975,Asia,1.921,74.36,113321197
Japan,1976,Asia,1.841,74.76,114502792
Japan,1977,Asia,1.789,75.33,115574278
Japan,1978,Asia,1.786,75.66,116576940
Japan,1979,Asia,1.769,76.17,117521561
Japan,1980,Asia,1.739,76.14,118358761
Japan,1981,Asia,1.718,76.56,118994054
Japan,1982,Asia,1.738,77.07,119485775
Japan,1983,Asia,1.77,77.11,119948943
Japan,1984,Asia,1.78,77.51,120384395
Japan,1985,Asia,1.736,77.8,120832158
Japan,1986,Asia,1.698,78.21,121366733
Japan,1987,Asia,1.666,78.63,121943588
Japan,1988,Asia,1.625,78.55,122476957
Japan,1989,Asia,1.547,78.98,122947411
Japan,1990,Asia,1.509,78.99,123399767
Japan,1991,Asia,1.504,79.26,123889870
Japan,1992,Asia,1.478,79.3,124383707
Japan,1993,Asia,1.44,79.45,124839955
Japan,1994,Asia,1.468,79.84,125286861
Japan,1995,Asia,1.407,79.68,125672659
Japan,1996,Asia,1.403,80.36,125975304
Japan,1997,Asia,1.376,80.58,126265926
Japan,1998,Asia,1.371,80.65,126549182
Japan,1999,Asia,1.34,80.61,126801566
Japan,2000,Asia,1.346,81.18,127027794
Japan,2001,Asia,1.325,81.51,127260144
Japan,2002,Asia,1.308,81.8,127484599
Japan,2003,Asia,1.285,81.85,127671254
Japan,2004,Asia,1.277,82.13,127815769
Japan,2005,Asia,1.245,82.01,127913331
Japan,2006,Asia,1.285,82.37,127997247
Japan,2007,Asia,1.305,82.55,128087683
Japan,2008,Asia,1.33,82.63,128155992
Japan,2009,Asia,1.333,82.97,128192471
Japan,2010,Asia,1.357,82.92,128185273
Japan,2011,Asia,1.363,82.67,128096430
Japan,2012,Asia,1.376,83.17,127928283
Japan,2013,Asia,1.389,83.4,127723642
Japan,2014,Asia,1.388,83.64,127486601
Japan,2015,Asia,1.415,83.88,127275868
Japan,2016,Asia,1.408,84.06,127159950
Japan,2017,Asia,1.39,84.19,127064686
Japan,2018,Asia,1.373,84.29,126913432
Japan,2019,Asia,1.323,84.42,126699421
Japan,2020,Asia,1.304,84.67,126304533
Japan,2021,Asia,1.275,84.55,125679342
Japan,2022,Asia,1.256,84.05,124997585
Japan,2023,Asia,1.208,84.71,124370947
Japan,2024,Asia,1.19,84.85,123753041
Japan,2025,Asia,1.172,85.0,123103480
Kazakhstan,1992,Asia,2.584,64.98,17332624
Kazakhstan,1993,Asia,2.483,64.54,17274487
Kazakhstan,1994,Asia,2.378,64.11,17043775
Kazakhstan,1995,Asia,2.253,63.72,16730541
Kazakhstan,1996,Asia,2.084,63.45,16416036
Kazakhstan,1997,Asia,1.97,63.32,16043250
Kazakhstan,1998,Asia,1.938,63.35,15647789
Kazakhstan,1999,Asia,1.902,63.53,15455877
Kazakhstan,2000,Asia,1.898,63.79,15501108
Kazakhstan,2001,Asia,1.906,64.11,15575550
Kazakhstan,2002,Asia,1.956,64.44,15656680
Kazakhstan,2003,Asia,2.075,64.75,15747377
Kazakhstan,2004,Asia,2.201,65.04,15850164
Kazakhstan,2005,Asia,2.274,65.36,15968118
Kazakhstan,2006,Asia,2.38,65.72,16103718
Kazakhstan,2007,Asia,2.49,66.18,16257212
Kazakhstan,2008,Asia,2.616,66.76,16426527
Kazakhstan,2009,Asia,2.58,67.46,16619851
Kazakhstan,2010,Asia,2.61,68.26,16836808
Kazakhstan,2011,Asia,2.605,69.11,17065996
Kazakhstan,2012,Asia,2.64,69.94,17306115
Kazakhstan,2013,Asia,2.67,70.72,17556502
Kazakhstan,2014,Asia,2.76,71.42,17816285
Kazakhstan,2015,Asia,2.755,72.02,18084175
Kazakhstan,2016,Asia,2.795,72.55,18363600
Kazakhstan,2017,Asia,2.745,73.0,18651931
Kazakhstan,2018,Asia,2.845,73.37,18932725
Kazakhstan,2019,Asia,2.89,73.66,19209556
Kazakhstan,2020,Asia,3.13,71.19,19482116
Kazakhstan,2021,Asia,3.32,70.13,19743607
Kazakhstan,2022,Asia,3.05,73.5,20034612
Kazakhstan,2023,Asia,3.012,74.4,20330109
Kazakhstan,2024,Asia,3.041,74.53,20592574
Kazakhstan,2025,Asia,3.071,74.67,20843758
Kenya,1950,Africa,7.389,36.86,5769190
Kenya,1951,Africa,7.4,38.04,5893576
Kenya,1952,Africa,7.41,38.64,6033296
Kenya,1953,Africa,7.426,39.82,6183900
Kenya,1954,Africa,7.434,41.04,6348143
Kenya,1955,Africa,7.46,42.28,6529301
Kenya,1956,Africa,7.513,43.53,6727685
Kenya,1957,Africa,7.571,45.34,6944873
Kenya,1958,Africa,7.604,46.46,7174794
Kenya,1959,Africa,7.643,47.52,7422742
Kenya,1960,Africa,7.651,48.48,7695310
Kenya,1961,Africa,7.715,49.33,7987768
Kenya,1962,Africa,7.769,50.1,8299311
Kenya,1963,Africa,7.817,50.76,8627972
Kenya,1964,Africa,7.869,51.32,8973539
Kenya,1965,Africa,7.923,51.89,9338084
Kenya,1966,Africa,7.955,52.38,9717825
Kenya,1967,Africa,7.953,52.8,10111061
Kenya,1968,Africa,7.948,53.3,10518828
Kenya,1969,Africa,7.947,53.73,10939697
Kenya,1970,Africa,7.943,54.14,11368806
Kenya,1971,Africa,7.922,54.54,11788906
Kenya,1972,Africa,7.894,55.01,12206063
Kenya,1973,Africa,7.86,55.5,12634841
Kenya,1974,Africa,7.822,56.04,13070078
Kenya,1975,Africa,7.795,56.62,13511672
Kenya,1976,Africa,7.767,57.15,13957620
Kenya,1977,Africa,7.729,57.68,14428824
Kenya,1978,Africa,7.666,58.23,14934127
Kenya,1979,Africa,7.598,58.69,15460668
Kenya,1980,Africa,7.531,59.17,16018465
Kenya,1981,Africa,7.454,59.56,16601510
Kenya,1982,Africa,7.345,59.9,17206177
Kenya,1983,Africa,7.218,60.34,17846374
Kenya,1984,Africa,7.083,60.61,18514908
Kenya,1985,Africa,6.96,60.86,19201772
Kenya,1986,Africa,6.84,60.82,19901643
Kenya,1987,Africa,6.686,60.72,20616091
Kenya,1988,Africa,6.515,60.32,21356222
Kenya,1989,Africa,6.332,59.99,22118437
Kenya,1990,Africa,6.135,58.33,22892655
Kenya,1991,Africa,5.94,57.83,23646514
Kenya,1992,Africa,5.74,57.09,24382466
Kenya,1993,Africa,5.569,56.67,25117192
Kenya,1994,Africa,5.438,56.1,25857136
Kenya,1995,Africa,5.372,55.86,26601753
Kenya,1996,Africa,5.307,55.58,27344211
Kenya,1997,Africa,5.268,55.48,28101762
Kenya,1998,Africa,5.244,55.57,28888063
Kenya,1999,Africa,5.177,55.87,29733413
Kenya,2000,Africa,5.136,56.08,30642893
Kenya,2001,Africa,5.094,56.5,31619170
Kenya,2002,Africa,5.027,56.76,32629809
Kenya,2003,Africa,4.937,57.37,33652233
Kenya,2004,Africa,4.861,57.95,34713453
Kenya,2005,Africa,4.801,58.51,35796485
Kenya,2006,Africa,4.754,59.06,36904010
Kenya,2007,Africa,4.718,59.41,38036354
Kenya,2008,Africa,4.66,59.95,39206349
Kenya,2009,Africa,4.567,60.48,40408887
Kenya,2010,Africa,4.446,60.91,41598570
Kenya,2011,Africa,4.284,61.28,42758467
Kenya,2012,Africa,4.116,61.54,43888306
Kenya,2013,Africa,3.955,61.73,44986794
Kenya,2014,Africa,3.843,61.99,46051441
Kenya,2015,Africa,3.766,62.28,47088528
Kenya,2016,Africa,3.689,62.53,48139683
Kenya,2017,Africa,3.609,62.73,49197757
Kenya,2018,Africa,3.536,62.83,50207109
Kenya,2019,Africa,3.433,62.94,51202829
Kenya,2020,Africa,3.364,61.6,52217327
Kenya,2021,Africa,3.312,61.23,53219167
Kenya,2022,Africa,3.262,63.55,54252458
Kenya,2023,Africa,3.208,63.65,55339007
Kenya,2024,Africa,3.16,63.83,56432946
Kenya,2025,Africa,3.112,64.01,57532491
Kyrgyzstan,1992,Asia,3.637,64.43,4600308
Kyrgyzstan,1993,Asia,3.41,63.65,4626809
Kyrgyzstan,1994,Asia,3.283,62.72,4649190
Kyrgyzstan,1995,Asia,3.291,62.92,4713641
Kyrgyzstan,1996,Asia,3.092,63.45,4782885
Kyrgyzstan,1997,Asia,2.88,64.16,4847998
Kyrgyzstan,1998,Asia,2.795,64.58,4907792
Kyrgyzstan,1999,Asia,2.714,64.92,4968593
Kyrgyzstan,2000,Asia,2.576,65.24,5025150
Kyrgyzstan,2001,Asia,2.546,65.32,5071960
Kyrgyzstan,2002,Asia,2.566,65.34,5116252
Kyrgyzstan,2003,Asia,2.595,65.45,5159422
Kyrgyzstan,2004,Asia,2.631,65.65,5203048
Kyrgyzstan,2005,Asia,2.645,65.79,5246337
Kyrgyzstan,2006,Asia,2.744,65.78,5282451
Kyrgyzstan,2007,Asia,2.781,66.05,5313376
Kyrgyzstan,2008,Asia,2.838,66.62,5342530
Kyrgyzstan,2009,Asia,2.955,67.14,5398013
Kyrgyzstan,2010,Asia,3.096,67.52,5491763
Kyrgyzstan,2011,Asia,3.14,67.75,5594537
Kyrgyzstan,2012,Asia,3.183,68.14,5696521
Kyrgyzstan,2013,Asia,3.15,68.46,5797294
Kyrgyzstan,2014,Asia,3.21,68.83,5898322
Kyrgyzstan,2015,Asia,3.208,69.31,6001876
Kyrgyzstan,2016,Asia,3.104,69.91,6108460
Kyrgyzstan,2017,Asia,3.044,70.5,6220148
Kyrgyzstan,2018,Asia,3.28,70.67,6341733
Kyrgyzstan,2019,Asia,3.33,70.89,6494036
Kyrgyzstan,2020,Asia,3.05,69.14,6664143
Kyrgyzstan,2021,Asia,2.89,69.29,6820483
Kyrgyzstan,2022,Asia,2.81,71.49,6955792
Kyrgyzstan,2023,Asia,2.8,71.68,7073523
Kyrgyzstan,2024,Asia,2.758,71.82,7186014
Kyrgyzstan,2025,Asia,2.717,71.97,7295037
Cambodia,1950,Asia,6.53,38.86,4375252
Cambodia,1951,Asia,6.514,39.04,4475694
Cambodia,1952,Asia,6.509,39.34,4577965
Cambodia,1953,Asia,6.519,39.62,4680458
Cambodia,1954,Asia,6.516,39.91,4783832
Cambodia,1955,Asia,6.526,40.25,4890375
Cambodia,1956,Asia,6.509,40.5,4999483
Cambodia,1957,Asia,6.481,40.87,5110435
Cambodia,1958,Asia,6.425,41.22,5220837
Cambodia,1959,Asia,6.361,41.65,5332933
Cambodia,1960,Asia,6.313,42.13,5449964
Cambodia,1961,Asia,6.302,42.59,5571174
Cambodia,1962,Asia,6.301,43.08,5697559
Cambodia,1963,Asia,6.292,43.61,5823012
Cambodia,1964,Asia,6.288,44.04,5946186
Cambodia,1965,Asia,6.267,44.5,6072288
Cambodia,1966,Asia,6.237,44.95,6201235
Cambodia,1967,Asia,6.201,45.19,6332946
Cambodia,1968,Asia,6.165,45.59,6467323
Cambodia,1969,Asia,6.124,45.94,6604731
Cambodia,1970,Asia,6.071,38.63,6639187
Cambodia,1971,Asia,6.007,38.7,6620880
Cambodia,1972,Asia,5.943,38.91,6673890
Cambodia,1973,Asia,5.559,39.08,6739737
Cambodia,1974,Asia,4.797,39.3,6783251
Cambodia,1975,Asia,4.103,12.78,6581373
Cambodia,1976,Asia,3.409,11.63,6134989
Cambodia,1977,Asia,2.716,11.29,5668561
Cambodia,1978,Asia,3.338,11.57,5211654
Cambodia,1979,Asia,4.556,41.07,5088812
Cambodia,1980,Asia,5.774,47.5,5199874
Cambodia,1981,Asia,6.042,48.03,5284493
Cambodia,1982,Asia,6.193,48.76,5436436
Cambodia,1983,Asia,6.296,49.38,5636206
Cambodia,1984,Asia,6.338,50.09,5845115
Cambodia,1985,Asia,6.313,50.8,6043782
Cambodia,1986,Asia,6.226,51.55,6285699
Cambodia,1987,Asia,6.097,53.67,6557971
Cambodia,1988,Asia,5.944,54.43,6812012
Cambodia,1989,Asia,5.681,54.77,7073472
Cambodia,1990,Asia,5.642,55.2,7374754
Cambodia,1991,Asia,5.588,55.58,7686857
Cambodia,1992,Asia,5.486,55.75,8113085
Cambodia,1993,Asia,5.433,56.04,8616383
Cambodia,1994,Asia,5.281,56.22,9239160
Cambodia,1995,Asia,5.076,56.56,10018500
Cambodia,1996,Asia,4.867,56.83,10801268
Cambodia,1997,Asia,4.395,57.27,11570986
Cambodia,1998,Asia,4.13,57.86,12058180
Cambodia,1999,Asia,3.933,58.61,12265734
Cambodia,2000,Asia,3.794,59.49,12462343
Cambodia,2001,Asia,3.687,60.46,12658486
Cambodia,2002,Asia,3.57,61.4,12855249
Cambodia,2003,Asia,3.429,62.34,13050977
Cambodia,2004,Asia,3.307,63.26,13244737
Cambodia,2005,Asia,3.238,64.11,13439203
Cambodia,2006,Asia,3.175,64.89,13639032
Cambodia,2007,Asia,3.13,65.55,13841773
Cambodia,2008,Asia,3.048,66.15,14053479
Cambodia,2009,Asia,2.971,66.75,14276819
Cambodia,2010,Asia,2.859,67.31,14500730
Cambodia,2011,Asia,2.782,67.87,14722587
Cambodia,2012,Asia,2.751,68.37,14945090
Cambodia,2013,Asia,2.742,68.75,15170210
Cambodia,2014,Asia,2.734,69.12,15396771
Cambodia,2015,Asia,2.729,69.4,15623253
Cambodia,2016,Asia,2.725,69.64,15852802
Cambodia,2017,Asia,2.719,69.84,16073374
Cambodia,2018,Asia,2.724,69.99,16274522
Cambodia,2019,Asia,2.725,70.13,16481305
Cambodia,2020,Asia,2.699,70.06,16725484
Cambodia,2021,Asia,2.664,69.3,16974309
Cambodia,2022,Asia,2.616,70.53,17201721
Cambodia,2023,Asia,2.579,70.67,17423884
Cambodia,2024,Asia,2.562,70.82,17638804
Cambodia,2025,Asia,2.546,70.97,17847981
South Korea,1950,Asia,6.063,22.23,19757319
South Korea,1951,Asia,6.089,26.64,19868990
South Korea,1952,Asia,6.122,36.57,20229880
South Korea,1953,Asia,6.171,40.51,20775325
South Korea,1954,Asia,6.174,46.08,21415578
South Korea,1955,Asia,6.169,48.35,22125104
South Korea,1956,Asia,6.175,50.2,22874441
South Korea,1957,Asia,6.178,51.55,23660791
South Korea,1958,Asia,6.152,51.84,24473927
South Korea,1959,Asia,6.096,52.94,25298234
South Korea,1960,Asia,5.994,53.76,26115388
South Korea,1961,Asia,5.803,54.44,26852962
South Korea,1962,Asia,5.562,55.03,27509235
South Korea,1963,Asia,5.334,54.99,28145547
South Korea,1964,Asia,5.068,55.34,28744980
South Korea,1965,Asia,4.887,55.78,29284343
South Korea,1966,Asia,4.782,55.42,29845941
South Korea,1967,Asia,4.615,60.87,30495725
South Korea,1968,Asia,4.51,60.87,31175295
South Korea,1969,Asia,4.447,61.43,31852769
South Korea,1970,Asia,4.459,62.17,32542203
South Korea,1971,Asia,4.259,62.67,33239859
South Korea,1972,Asia,4.02,63.22,33936470
South Korea,1973,Asia,3.803,63.77,34625848
South Korea,1974,Asia,3.555,64.24,35287834
South Korea,1975,Asia,3.313,64.67,35875741
South Korea,1976,Asia,3.119,65.01,36379928
South Korea,1977,Asia,2.954,64.62,36843638
South Korea,1978,Asia,2.699,64.96,37281935
South Korea,1979,Asia,2.748,66.11,37710898
South Korea,1980,Asia,2.734,64.85,38141109
South Korea,1981,Asia,2.669,67.14,38689192
South Korea,1982,Asia,2.431,67.06,39356159
South Korea,1983,Asia,2.102,66.72,40000945
South Korea,1984,Asia,1.832,68.11,40598302
South Korea,1985,Asia,1.705,68.41,41148956
South Korea,1986,Asia,1.623,69.03,41718508
South Korea,1987,Asia,1.571,69.31,42322092
South Korea,1988,Asia,1.558,70.16,42922980
South Korea,1989,Asia,1.564,70.68,43524765
South Korea,1990,Asia,1.603,70.99,44081425
South Korea,1991,Asia,1.702,71.4,44439146
South Korea,1992,Asia,1.738,72.17,44653699
South Korea,1993,Asia,1.683,72.75,44887721
South Korea,1994,Asia,1.67,72.89,45130842
South Korea,1995,Asia,1.646,73.38,45368425
South Korea,1996,Asia,1.599,74.02,45638701
South Korea,1997,Asia,1.555,74.53,45941541
South Korea,1998,Asia,1.497,75.03,46230885
South Korea,1999,Asia,1.469,75.62,46500382
South Korea,2000,Asia,1.467,76.23,46766660
South Korea,2001,Asia,1.342,76.92,47043467
South Korea,2002,Asia,1.227,77.23,47299118
South Korea,2003,Asia,1.199,77.5,47514158
South Korea,2004,Asia,1.164,77.96,47697076
South Korea,2005,Asia,1.115,78.45,47851646
South Korea,2006,Asia,1.145,79.03,48006518
South Korea,2007,Asia,1.215,79.43,48178122
South Korea,2008,Asia,1.19,80.0,48356485
South Korea,2009,Asia,1.178,80.55,48546690
South Korea,2010,Asia,1.226,80.72,48769329
South Korea,2011,Asia,1.258,81.17,49127640
South Korea,2012,Asia,1.274,81.31,49599580
South Korea,2013,Asia,1.206,81.84,50071168
South Korea,2014,Asia,1.197,82.36,50539055
South Korea,2015,Asia,1.202,82.54,50983909
South Korea,2016,Asia,1.14,82.92,51297836
South Korea,2017,Asia,1.035,83.28,51486268
South Korea,2018,Asia,0.951,83.34,51640894
South Korea,2019,Asia,0.881,83.69,51767844
South Korea,2020,Asia,0.812,83.67,51858481
South Korea,2021,Asia,0.783,83.85,51848401
South Korea,2022,Asia,0.78,82.73,51782515
South Korea,2023,Asia,0.72,84.33,51748744
South Korea,2024,Asia,0.709,84.43,51717587
South Korea,2025,Asia,0.699,84.53,51667035
Kuwait,1950,Asia,7.115,49.74,153973
Kuwait,1951,Asia,7.121,50.58,158462
Kuwait,1952,Asia,7.127,51.42,163169
Kuwait,1953,Asia,7.136,52.26,168102
Kuwait,1954,Asia,7.135,53.13,173256
Kuwait,1955,Asia,7.14,54.03,186125
Kuwait,1956,Asia,7.154,54.94,207222
Kuwait,1957,Asia,7.167,55.89,227052
Kuwait,1958,Asia,7.188,56.88,250216
Kuwait,1959,Asia,7.203,57.89,279532
Kuwait,1960,Asia,7.223,58.92,311066
Kuwait,1961,Asia,7.248,59.95,345953
Kuwait,1962,Asia,7.254,60.98,385005
Kuwait,1963,Asia,7.275,61.99,427702
Kuwait,1964,Asia,7.286,62.97,473122
Kuwait,1965,Asia,7.314,63.94,521180
Kuwait,1966,Asia,7.34,64.88,572597
Kuwait,1967,Asia,7.326,65.78,628104
Kuwait,1968,Asia,7.278,66.61,687726
Kuwait,1969,Asia,7.181,67.35,749460
Kuwait,1970,Asia,7.025,67.98,809118
Kuwait,1971,Asia,6.839,68.48,865079
Kuwait,1972,Asia,6.637,68.88,920358
Kuwait,1973,Asia,6.43,69.19,977665
Kuwait,1974,Asia,6.233,69.45,1038354
Kuwait,1975,Asia,6.059,69.68,1104869
Kuwait,1976,Asia,5.896,69.92,1178717
Kuwait,1977,Asia,5.712,70.17,1258029
Kuwait,1978,Asia,5.521,70.45,1340323
Kuwait,1979,Asia,5.333,70.78,1423523
Kuwait,1980,Asia,5.184,71.13,1504789
Kuwait,1981,Asia,5.021,71.52,1583428
Kuwait,1982,Asia,4.848,71.95,1662489
Kuwait,1983,Asia,4.658,72.39,1744302
Kuwait,1984,Asia,4.452,72.85,1820692
Kuwait,1985,Asia,4.218,73.32,1894255
Kuwait,1986,Asia,4.003,73.78,1972520
Kuwait,1987,Asia,3.827,74.22,2053007
Kuwait,1988,Asia,3.702,74.64,2134708
Kuwait,1989,Asia,3.593,75.03,2217470
Kuwait,1990,Asia,3.487,72.85,1684833
Kuwait,1991,Asia,3.398,73.31,1351403
Kuwait,1992,Asia,3.353,75.73,1634968
Kuwait,1993,Asia,3.313,75.77,1672158
Kuwait,1994,Asia,3.272,75.73,1664371
Kuwait,1995,Asia,3.248,75.67,1681518
Kuwait,1996,Asia,3.223,75.6,1730255
Kuwait,1997,Asia,3.135,75.56,1787692
Kuwait,1998,Asia,3.039,75.61,1844308
Kuwait,1999,Asia,2.952,75.72,1900035
Kuwait,2000,Asia,2.887,75.87,1954713
Kuwait,2001,Asia,2.839,76.04,2008127
Kuwait,2002,Asia,2.795,76.19,2059983
Kuwait,2003,Asia,2.771,76.3,2109886
Kuwait,2004,Asia,2.762,76.39,2157329
Kuwait,2005,Asia,2.731,76.46,2236797
Kuwait,2006,Asia,2.589,76.55,2364741
Kuwait,2007,Asia,2.412,76.69,2507890
Kuwait,2008,Asia,2.266,76.89,2651433
Kuwait,2009,Asia,2.155,77.17,2795489
Kuwait,2010,Asia,2.044,77.5,2943374
Kuwait,2011,Asia,1.956,77.86,3132815
Kuwait,2012,Asia,1.99,78.23,3337025
Kuwait,2013,Asia,1.968,78.58,3507755
Kuwait,2014,Asia,2.06,78.93,3665769
Kuwait,2015,Asia,2.03,79.22,3834465
Kuwait,2016,Asia,2.061,79.52,4003976
Kuwait,2017,Asia,2.16,79.73,4154686
Kuwait,2018,Asia,2.118,79.9,4323389
Kuwait,2019,Asia,2.087,80.02,4442201
Kuwait,2020,Asia,2.099,78.25,4400146
Kuwait,2021,Asia,1.82,77.62,4360748
Kuwait,2022,Asia,1.547,78.79,4589514
Kuwait,2023,Asia,1.525,80.41,4838781
Kuwait,2024,Asia,1.502,80.6,4934508
Kuwait,2025,Asia,1.48,80.78,5026079
Laos,1950,Asia,6.248,38.94,1684556
Laos,1951,Asia,6.233,39.17,1725246
Laos,1952,Asia,6.243,39.43,1766187
Laos,1953,Asia,6.254,39.73,1807820
Laos,1954,Asia,6.245,40.01,1850134
Laos,1955,Asia,6.258,40.31,1893226
Laos,1956,Asia,6.27,40.56,1937237
Laos,1957,Asia,6.268,40.87,1982140
Laos,1958,Asia,6.278,41.18,2028028
Laos,1959,Asia,6.289,40.75,2074484
Laos,1960,Asia,6.292,41.04,2121517
Laos,1961,Asia,6.31,41.34,2169800
Laos,1962,Asia,6.313,42.27,2219918
Laos,1963,Asia,6.318,41.54,2271068
Laos,1964,Asia,6.313,41.86,2322828
Laos,1965,Asia,6.316,42.22,2376200
Laos,1966,Asia,6.307,42.35,2431088
Laos,1967,Asia,6.306,42.87,2487719
Laos,1968,Asia,6.298,43.18,2546381
Laos,1969,Asia,6.301,43.46,2606965
Laos,1970,Asia,6.31,43.78,2669703
Laos,1971,Asia,6.295,44.12,2734637
Laos,1972,Asia,6.284,44.42,2801657
Laos,1973,Asia,6.281,44.73,2870578
Laos,1974,Asia,6.289,45.89,2939759
Laos,1975,Asia,6.287,46.15,3005524
Laos,1976,Asia,6.289,46.01,3064882
Laos,1977,Asia,6.293,46.41,3118926
Laos,1978,Asia,6.298,46.83,3171753
Laos,1979,Asia,6.314,47.46,3228198
Laos,1980,Asia,6.332,48.56,3292575
Laos,1981,Asia,6.35,49.24,3366638
Laos,1982,Asia,6.369,49.93,3450022
Laos,1983,Asia,6.376,50.48,3541003
Laos,1984,Asia,6.37,51.01,3637845
Laos,1985,Asia,6.328,51.58,3739985
Laos,1986,Asia,6.255,52.14,3846720
Laos,1987,Asia,6.205,52.6,3957624
Laos,1988,Asia,6.158,53.08,4072608
Laos,1989,Asia,6.102,53.59,4190972
Laos,1990,Asia,6.057,54.03,4311960
Laos,1991,Asia,5.986,54.7,4435121
Laos,1992,Asia,5.9,55.1,4559650
Laos,1993,Asia,5.798,55.58,4685064
Laos,1994,Asia,5.598,55.81,4809223
Laos,1995,Asia,5.355,56.34,4929410
Laos,1996,Asia,5.148,56.82,5045686
Laos,1997,Asia,4.961,57.3,5152015
Laos,1998,Asia,4.792,57.55,5248273
Laos,1999,Asia,4.639,57.87,5340784
Laos,2000,Asia,4.429,58.32,5431213
Laos,2001,Asia,4.29,58.89,5521481
Laos,2002,Asia,4.132,59.3,5610888
Laos,2003,Asia,4.024,59.64,5697944
Laos,2004,Asia,3.898,60.08,5781627
Laos,2005,Asia,3.685,60.69,5869531
Laos,2006,Asia,3.559,61.07,5963199
Laos,2007,Asia,3.438,61.69,6056237
Laos,2008,Asia,3.331,62.25,6148974
Laos,2009,Asia,3.229,63.02,6241649
Laos,2010,Asia,3.137,63.69,6334198
Laos,2011,Asia,3.049,64.5,6426592
Laos,2012,Asia,2.953,65.13,6518981
Laos,2013,Asia,2.872,65.72,6611385
Laos,2014,Asia,2.802,66.35,6703170
Laos,2015,Asia,2.796,66.69,6801647
Laos,2016,Asia,2.744,67.01,6908800
Laos,2017,Asia,2.691,67.34,7018150
Laos,2018,Asia,2.633,67.59,7128043
Laos,2019,Asia,2.589,67.91,7237635
Laos,2020,Asia,2.535,68.34,7346534
Laos,2021,Asia,2.494,67.81,7453192
Laos,2022,Asia,2.455,68.72,7559008
Laos,2023,Asia,2.421,68.96,7665001
Laos,2024,Asia,2.385,69.22,7769823
Laos,2025,Asia,2.349,69.47,7873048
Lebanon,1950,Asia,5.805,59.9,1349351
Lebanon,1951,Asia,5.805,60.33,1387575
Lebanon,1952,Asia,5.799,60.76,1427087
Lebanon,1953,Asia,5.805,61.18,1468018
Lebanon,1954,Asia,5.806,61.59,1510417
Lebanon,1955,Asia,5.811,61.45,1554070
Lebanon,1956,Asia,5.812,62.24,1599146
Lebanon,1957,Asia,5.809,62.81,1645925
Lebanon,1958,Asia,5.817,61.23,1693554
Lebanon,1959,Asia,5.841,63.58,1742776
Lebanon,1960,Asia,5.877,63.93,1794411
Lebanon,1961,Asia,5.891,64.27,1850090
Lebanon,1962,Asia,5.902,64.59,1909583
Lebanon,1963,Asia,5.905,64.88,1970319
Lebanon,1964,Asia,5.851,65.1,2030547
Lebanon,1965,Asia,5.768,65.32,2088838
Lebanon,1966,Asia,5.677,65.5,2148255
Lebanon,1967,Asia,5.569,65.68,2206736
Lebanon,1968,Asia,5.448,65.8,2266376
Lebanon,1969,Asia,5.316,65.92,2328162
Lebanon,1970,Asia,5.188,66.02,2386119
Lebanon,1971,Asia,5.05,66.12,2446319
Lebanon,1972,Asia,4.912,66.2,2509730
Lebanon,1973,Asia,4.79,66.3,2572932
Lebanon,1974,Asia,4.654,66.41,2635185
Lebanon,1975,Asia,4.521,57.74,2693197
Lebanon,1976,Asia,4.394,36.44,2726474
Lebanon,1977,Asia,4.279,60.33,2762162
Lebanon,1978,Asia,4.176,60.0,2822681
Lebanon,1979,Asia,4.077,59.56,2882635
Lebanon,1980,Asia,4.011,59.91,2944765
Lebanon,1981,Asia,3.953,60.28,3008985
Lebanon,1982,Asia,3.855,47.19,3054932
Lebanon,1983,Asia,3.734,60.75,3095001
Lebanon,1984,Asia,3.658,61.17,3152742
Lebanon,1985,Asia,3.533,61.57,3217377
Lebanon,1986,Asia,3.466,62.01,3300373
Lebanon,1987,Asia,3.42,62.54,3385557
Lebanon,1988,Asia,3.392,62.92,3454647
Lebanon,1989,Asia,3.363,65.11,3525288
Lebanon,1990,Asia,3.268,65.48,3595175
Lebanon,1991,Asia,3.162,70.86,3668916
Lebanon,1992,Asia,3.052,71.17,3747375
Lebanon,1993,Asia,2.937,71.56,3820652
Lebanon,1994,Asia,2.823,72.03,3889802
Lebanon,1995,Asia,2.725,72.38,3960741
Lebanon,1996,Asia,2.698,72.61,4034782
Lebanon,1997,Asia,2.667,72.94,4108409
Lebanon,1998,Asia,2.648,73.2,4181287
Lebanon,1999,Asia,2.631,73.51,4255278
Lebanon,2000,Asia,2.6,73.89,4329345
Lebanon,2001,Asia,2.576,74.35,4401923
Lebanon,2002,Asia,2.523,74.84,4463505
Lebanon,2003,Asia,2.457,75.28,4525513
Lebanon,2004,Asia,2.378,75.69,4599285
Lebanon,2005,Asia,2.291,76.07,4671105
Lebanon,2006,Asia,2.244,75.68,4751146
Lebanon,2007,Asia,2.201,76.73,4844119
Lebanon,2008,Asia,2.172,76.96,4925359
Lebanon,2009,Asia,2.191,77.26,4992295
Lebanon,2010,Asia,2.256,77.53,5041290
Lebanon,2011,Asia,2.32,77.77,5096018
Lebanon,2012,Asia,2.345,77.94,5235742
Lebanon,2013,Asia,2.361,78.04,5743441
Lebanon,2014,Asia,2.375,78.15,6346993
Lebanon,2015,Asia,2.382,78.28,6472470
Lebanon,2016,Asia,2.39,78.31,6323061
Lebanon,2017,Asia,2.372,78.19,6160129
Lebanon,2018,Asia,2.347,78.26,5984120
Lebanon,2019,Asia,2.327,78.21,5794601
Lebanon,2020,Asia,2.308,76.3,5702400
Lebanon,2021,Asia,2.283,73.65,5718129
Lebanon,2022,Asia,2.263,78.0,5744492
Lebanon,2023,Asia,2.239,77.82,5773494
Lebanon,2024,Asia,2.224,77.94,5805962
Lebanon,2025,Asia,2.21,78.08,5849423
Liberia,1950,Africa,6.001,37.97,918912
Liberia,1951,Africa,6.043,38.02,936416
Liberia,1952,Africa,6.087,38.05,954977
Liberia,1953,Africa,6.124,38.08,974392
Liberia,1954,Africa,6.161,38.1,994771
Liberia,1955,Africa,6.191,38.11,1016396
Liberia,1956,Africa,6.238,38.1,1039157
Liberia,1957,Africa,6.28,38.08,1062947
Liberia,1958,Africa,6.306,38.05,1087253
Liberia,1959,Africa,6.353,38.06,1112560
Liberia,1960,Africa,6.391,38.07,1139519
Liberia,1961,Africa,6.446,38.1,1167721
Liberia,1962,Africa,6.504,38.17,1197042
Liberia,1963,Africa,6.556,38.31,1227417
Liberia,1964,Africa,6.585,38.45,1258749
Liberia,1965,Africa,6.617,38.69,1291155
Liberia,1966,Africa,6.628,38.95,1324390
Liberia,1967,Africa,6.65,39.26,1358439
Liberia,1968,Africa,6.657,39.59,1393532
Liberia,1969,Africa,6.644,39.99,1429612
Liberia,1970,Africa,6.578,40.36,1466677
Liberia,1971,Africa,6.542,40.72,1504082
Liberia,1972,Africa,6.599,41.2,1542674
Liberia,1973,Africa,6.651,41.62,1583590
Liberia,1974,Africa,6.691,42.06,1626363
Liberia,1975,Africa,6.744,42.46,1670914
Liberia,1976,Africa,6.793,42.85,1717071
Liberia,1977,Africa,6.841,43.22,1766028
Liberia,1978,Africa,6.884,43.57,1818255
Liberia,1979,Africa,6.919,43.89,1872714
Liberia,1980,Africa,6.872,44.09,1929260
Liberia,1981,Africa,6.834,44.34,1986864
Liberia,1982,Africa,6.788,44.45,2045076
Liberia,1983,Africa,6.76,44.58,2107114
Liberia,1984,Africa,6.728,44.68,2173314
Liberia,1985,Africa,6.693,44.03,2240549
Liberia,1986,Africa,6.638,44.49,2308516
Liberia,1987,Africa,6.572,44.27,2377233
Liberia,1988,Africa,6.507,44.06,2446942
Liberia,1989,Africa,6.434,43.86,2517864
Liberia,1990,Africa,6.37,37.64,2223667
Liberia,1991,Africa,6.323,43.58,1956523
Liberia,1992,Africa,6.277,43.57,2072466
Liberia,1993,Africa,6.246,43.02,2155135
Liberia,1994,Africa,6.21,42.62,2149929
Liberia,1995,Africa,6.173,44.57,2169167
Liberia,1996,Africa,6.129,44.95,2232286
Liberia,1997,Africa,6.079,48.3,2412995
Liberia,1998,Africa,6.017,49.37,2670128
Liberia,1999,Africa,5.953,50.41,2821689
Liberia,2000,Africa,5.875,51.85,2928117
Liberia,2001,Africa,5.774,53.11,3015343
Liberia,2002,Africa,5.653,54.06,3094793
Liberia,2003,Africa,5.547,53.05,3119534
Liberia,2004,Africa,5.506,55.95,3156893
Liberia,2005,Africa,5.519,56.77,3301016
Liberia,2006,Africa,5.53,57.49,3490792
Liberia,2007,Africa,5.462,58.15,3669050
Liberia,2008,Africa,5.328,58.67,3821006
Liberia,2009,Africa,5.174,59.11,3943035
Liberia,2010,Africa,5.058,59.36,4058897
Liberia,2011,Africa,4.97,59.49,4221177
Liberia,2012,Africa,4.881,59.78,4373046
Liberia,2013,Africa,4.749,59.99,4470246
Liberia,2014,Africa,4.622,59.21,4564299
Liberia,2015,Africa,4.523,59.25,4659436
Liberia,2016,Africa,4.461,60.48,4755607
Liberia,2017,Africa,4.396,60.78,4848927
Liberia,2018,Africa,4.336,61.0,4944728
Liberia,2019,Africa,4.257,61.23,5043719
Liberia,2020,Africa,4.174,61.27,5149470
Liberia,2021,Africa,4.089,61.17,5259327
Liberia,2022,Africa,4.016,61.93,5373297
Liberia,2023,Africa,3.95,62.16,5493035
Liberia,2024,Africa,3.891,62.32,5612813
Liberia,2025,Africa,3.832,62.47,5731206
Libya,1950,Africa,7.009,33.11,1131471
Libya,1951,Africa,7.03,33.47,1145389
Libya,1952,Africa,7.052,33.8,1162480
Libya,1953,Africa,7.126,34.18,1183300
Libya,1954,Africa,7.184,34.66,1208183
Libya,1955,Africa,7.241,35.25,1241389
Libya,1956,Africa,7.289,36.0,1282962
Libya,1957,Africa,7.347,36.88,1328858
Libya,1958,Africa,7.404,37.99,1379206
Libya,1959,Africa,7.455,39.27,1433965
Libya,1960,Africa,7.509,40.75,1492890
Libya,1961,Africa,7.556,42.36,1555703
Libya,1962,Africa,7.61,44.08,1621960
Libya,1963,Africa,7.685,45.58,1690458
Libya,1964,Africa,7.752,47.65,1753692
Libya,1965,Africa,7.823,49.28,1804016
Libya,1966,Africa,7.891,50.95,1849066
Libya,1967,Africa,7.932,52.46,1898203
Libya,1968,Africa,7.974,53.85,1952789
Libya,1969,Africa,8.011,55.17,2014294
Libya,1970,Africa,8.048,56.38,2082597
Libya,1971,Africa,8.096,57.58,2153537
Libya,1972,Africa,8.073,58.69,2226105
Libya,1973,Africa,8.047,59.71,2314200
Libya,1974,Africa,8.02,60.71,2432218
Libya,1975,Africa,7.977,61.62,2571563
Libya,1976,Africa,7.932,62.45,2721246
Libya,1977,Africa,7.872,63.13,2881540
Libya,1978,Africa,7.789,63.8,3052532
Libya,1979,Africa,7.68,64.33,3233849
Libya,1980,Africa,7.543,64.8,3424375
Libya,1981,Africa,7.371,65.25,3621488
Libya,1982,Africa,7.162,65.77,3724772
Libya,1983,Africa,6.91,66.26,3718966
Libya,1984,Africa,6.622,66.75,3773639
Libya,1985,Africa,6.328,67.28,3898746
Libya,1986,Africa,6.022,67.81,4017403
Libya,1987,Africa,5.718,68.26,4129743
Libya,1988,Africa,5.41,68.61,4237757
Libya,1989,Africa,5.091,68.98,4342927
Libya,1990,Africa,4.776,69.31,4445243
Libya,1991,Africa,4.461,69.64,4544404
Libya,1992,Africa,4.162,69.97,4640360
Libya,1993,Africa,3.883,70.25,4733053
Libya,1994,Africa,3.649,70.47,4822039
Libya,1995,Africa,3.442,70.64,4906851
Libya,1996,Africa,3.256,70.74,4987402
Libya,1997,Africa,3.132,70.72,5064642
Libya,1998,Africa,3.043,70.66,5140711
Libya,1999,Africa,2.972,70.6,5218039
Libya,2000,Africa,2.906,70.54,5305020
Libya,2001,Africa,2.866,70.65,5403639
Libya,2002,Africa,2.831,70.79,5508412
Libya,2003,Africa,2.797,71.0,5619405
Libya,2004,Africa,2.773,71.21,5736696
Libya,2005,Africa,2.765,71.44,5858793
Libya,2006,Africa,2.699,71.63,5980212
Libya,2007,Africa,2.648,71.79,6104381
Libya,2008,Africa,2.599,71.94,6235433
Libya,2009,Africa,2.556,72.07,6366689
Libya,2010,Africa,2.603,72.2,6497837
Libya,2011,Africa,2.646,69.95,6343210
Libya,2012,Africa,2.68,72.19,6179327
Libya,2013,Africa,2.716,72.34,6304636
Libya,2014,Africa,2.754,71.3,6427260
Libya,2015,Africa,2.711,71.64,6531825
Libya,2016,Africa,2.673,71.8,6632130
Libya,2017,Africa,2.626,72.72,6738771
Libya,2018,Africa,2.581,73.15,6849058
Libya,2019,Africa,2.539,72.94,6951040
Libya,2020,Africa,2.507,72.39,7045403
Libya,2021,Africa,2.462,72.06,7135179
Libya,2022,Africa,2.402,74.46,7223804
Libya,2023,Africa,2.355,69.34,7305659
Libya,2024,Africa,2.32,71.12,7381029
Libya,2025,Africa,2.285,73.19,7458554
Saint Lucia,1950,Americas,6.42,48.29,93009
Saint Lucia,1951,Americas,6.439,49.82,93988
Saint Lucia,1952,Americas,6.46,52.43,94432
Saint Lucia,1953,Americas,6.091,53.22,94347
Saint Lucia,1954,Americas,6.245,54.53,94123
Saint Lucia,1955,Americas,6.446,55.41,93821
Saint Lucia,1956,Americas,6.598,55.89,93473
Saint Lucia,1957,Americas,6.701,55.88,93100
Saint Lucia,1958,Americas,6.759,56.56,92731
Saint Lucia,1959,Americas,6.779,57.32,92369
Saint Lucia,1960,Americas,6.767,57.87,92605
Saint Lucia,1961,Americas,6.835,59.09,93506
Saint Lucia,1962,Americas,6.818,59.88,94523
Saint Lucia,1963,Americas,6.721,60.54,95539
Saint Lucia,1964,Americas,6.758,61.34,96529
Saint Lucia,1965,Americas,6.688,61.92,97513
Saint Lucia,1966,Americas,6.607,62.53,98486
Saint Lucia,1967,Americas,6.508,63.16,99523
Saint Lucia,1968,Americas,6.387,63.75,100696
Saint Lucia,1969,Americas,6.249,64.03,101904
Saint Lucia,1970,Americas,6.101,64.29,103184
Saint Lucia,1971,Americas,5.953,64.49,104577
Saint Lucia,1972,Americas,5.813,64.64,106021
Saint Lucia,1973,Americas,5.686,64.57,107512
Saint Lucia,1974,Americas,5.571,65.42,109093
Saint Lucia,1975,Americas,5.358,65.91,110740
Saint Lucia,1976,Americas,5.161,66.2,112442
Saint Lucia,1977,Americas,4.966,66.96,114150
Saint Lucia,1978,Americas,4.825,67.38,115853
Saint Lucia,1979,Americas,4.583,67.36,117547
Saint Lucia,1980,Americas,4.412,67.8,119302
Saint Lucia,1981,Americas,4.276,68.69,121183
Saint Lucia,1982,Americas,4.169,68.98,123097
Saint Lucia,1983,Americas,4.082,69.99,125055
Saint Lucia,1984,Americas,4.018,70.52,127085
Saint Lucia,1985,Americas,3.97,70.31,129174
Saint Lucia,1986,Americas,3.801,70.23,131253
Saint Lucia,1987,Americas,3.613,69.67,133243
Saint Lucia,1988,Americas,3.435,69.74,135019
Saint Lucia,1989,Americas,3.314,70.03,136526
Saint Lucia,1990,Americas,3.238,70.01,137874
Saint Lucia,1991,Americas,3.19,70.31,139536
Saint Lucia,1992,Americas,3.11,70.73,141629
Saint Lucia,1993,Americas,2.999,71.05,143735
Saint Lucia,1994,Americas,3.028,71.08,145901
Saint Lucia,1995,Americas,3.026,71.17,148227
Saint Lucia,1996,Americas,2.712,70.96,150453
Saint Lucia,1997,Americas,2.743,70.78,152584
Saint Lucia,1998,Americas,2.403,70.68,154688
Saint Lucia,1999,Americas,2.501,70.69,156719
Saint Lucia,2000,Americas,2.207,70.78,158624
Saint Lucia,2001,Americas,2.125,71.37,160247
Saint Lucia,2002,Americas,2.032,71.71,161655
Saint Lucia,2003,Americas,1.939,72.19,162985
Saint Lucia,2004,Americas,1.863,72.45,164250
Saint Lucia,2005,Americas,1.807,72.54,165460
Saint Lucia,2006,Americas,1.765,72.79,166657
Saint Lucia,2007,Americas,1.7,72.86,167766
Saint Lucia,2008,Americas,1.7,72.96,168816
Saint Lucia,2009,Americas,1.735,72.95,169880
Saint Lucia,2010,Americas,1.673,72.77,170921
Saint Lucia,2011,Americas,1.5,72.96,171814
Saint Lucia,2012,Americas,1.5,72.86,172595
Saint Lucia,2013,Americas,1.5,72.69,173380
Saint Lucia,2014,Americas,1.485,72.68,174145
Saint Lucia,2015,Americas,1.473,72.93,174919
Saint Lucia,2016,Americas,1.461,72.55,175651
Saint Lucia,2017,Americas,1.448,72.52,176352
Saint Lucia,2018,Americas,1.436,72.66,177032
Saint Lucia,2019,Americas,1.424,72.25,177675
Saint Lucia,2020,Americas,1.411,72.31,178261
Saint Lucia,2021,Americas,1.399,69.12,178540
Saint Lucia,2022,Americas,1.387,72.67,178794
Saint Lucia,2023,Americas,1.379,72.7,179291
Saint Lucia,2024,Americas,1.368,72.85,179751
Saint Lucia,2025,Americas,1.356,73.0,180157
Sri Lanka,1950,Asia,5.462,53.17,7811051
Sri Lanka,1951,Asia,5.461,53.98,7956333
Sri Lanka,1952,Asia,5.431,54.86,8111562
Sri Lanka,1953,Asia,5.393,55.65,8275136
Sri Lanka,1954,Asia,5.35,56.44,8445937
Sri Lanka,1955,Asia,5.308,57.18,8623328
Sri Lanka,1956,Asia,5.262,57.9,8807222
Sri Lanka,1957,Asia,5.337,58.53,9001000
Sri Lanka,1958,Asia,5.404,59.28,9208815
Sri Lanka,1959,Asia,5.414,59.97,9430157
Sri Lanka,1960,Asia,5.352,60.6,9661384
Sri Lanka,1961,Asia,5.24,61.16,9899372
Sri Lanka,1962,Asia,5.177,61.63,10143750
Sri Lanka,1963,Asia,5.118,62.03,10395039
Sri Lanka,1964,Asia,5.057,62.38,10653403
Sri Lanka,1965,Asia,4.934,62.79,10916965
Sri Lanka,1966,Asia,4.828,63.16,11183925
Sri Lanka,1967,Asia,4.787,63.56,11457329
Sri Lanka,1968,Asia,4.658,63.87,11736084
Sri Lanka,1969,Asia,4.499,64.14,12013864
Sri Lanka,1970,Asia,4.387,64.35,12287113
Sri Lanka,1971,Asia,4.266,64.24,12551910
Sri Lanka,1972,Asia,4.156,64.62,12809207
Sri Lanka,1973,Asia,4.001,64.78,13060920
Sri Lanka,1974,Asia,3.855,64.97,13305697
Sri Lanka,1975,Asia,3.816,65.36,13548989
Sri Lanka,1976,Asia,3.783,65.84,13796776
Sri Lanka,1977,Asia,3.741,66.39,14049365
Sri Lanka,1978,Asia,3.81,66.84,14310127
Sri Lanka,1979,Asia,3.822,67.51,14579616
Sri Lanka,1980,Asia,3.725,68.01,14847972
Sri Lanka,1981,Asia,3.649,68.38,15099417
Sri Lanka,1982,Asia,3.32,68.67,15286571
Sri Lanka,1983,Asia,3.114,68.73,15388795
Sri Lanka,1984,Asia,3.006,68.76,15441858
Sri Lanka,1985,Asia,2.895,68.88,15544152
Sri Lanka,1986,Asia,2.743,68.96,15731253
Sri Lanka,1987,Asia,2.644,69.01,15916578
Sri Lanka,1988,Asia,2.565,69.0,16078624
Sri Lanka,1989,Asia,2.578,67.28,16248560
Sri Lanka,1990,Asia,2.541,69.24,16352460
Sri Lanka,1991,Asia,2.514,69.13,16475354
Sri Lanka,1992,Asia,2.487,69.62,16739297
Sri Lanka,1993,Asia,2.438,70.05,17025924
Sri Lanka,1994,Asia,2.405,70.21,17275777
Sri Lanka,1995,Asia,2.353,69.75,17564065
Sri Lanka,1996,Asia,2.285,69.84,17905020
Sri Lanka,1997,Asia,2.215,69.93,18248205
Sri Lanka,1998,Asia,2.136,70.13,18596006
Sri Lanka,1999,Asia,2.142,70.43,18944734
Sri Lanka,2000,Asia,2.213,71.18,19293056
Sri Lanka,2001,Asia,2.283,71.8,19600361
Sri Lanka,2002,Asia,2.31,72.27,19805750
Sri Lanka,2003,Asia,2.301,72.44,19951521
Sri Lanka,2004,Asia,2.271,68.02,20087608
Sri Lanka,2005,Asia,2.263,73.07,20216531
Sri Lanka,2006,Asia,2.292,72.83,20352416
Sri Lanka,2007,Asia,2.295,72.98,20492546
Sri Lanka,2008,Asia,2.232,72.56,20629377
Sri Lanka,2009,Asia,2.179,70.3,20756438
Sri Lanka,2010,Asia,2.134,74.46,20879092
Sri Lanka,2011,Asia,2.144,74.74,21009054
Sri Lanka,2012,Asia,2.173,75.19,21169461
Sri Lanka,2013,Asia,2.178,75.55,21358829
Sri Lanka,2014,Asia,2.134,75.76,21547454
Sri Lanka,2015,Asia,2.09,75.99,21729975
Sri Lanka,2016,Asia,2.062,76.14,21910763
Sri Lanka,2017,Asia,2.044,76.24,22087525
Sri Lanka,2018,Asia,2.033,76.48,22253116
Sri Lanka,2019,Asia,2.022,76.7,22410552
Sri Lanka,2020,Asia,2.007,76.93,22561808
Sri Lanka,2021,Asia,1.995,76.28,22700377
Sri Lanka,2022,Asia,1.984,77.3,22834965
Sri Lanka,2023,Asia,1.974,77.48,22971615
Sri Lanka,2024,Asia,1.957,77.67,23103561
Sri Lanka,2025,Asia,1.94,77.85,23229474
Lesotho,1950,Africa,5.701,44.63,579554
Lesotho,1951,Africa,5.721,45.22,590270
Lesotho,1952,Africa,5.733,45.9,601947
Lesotho,1953,Africa,5.745,46.58,614478
Lesotho,1954,Africa,5.785,47.3,627902
Lesotho,1955,Africa,5.786,47.96,642186
Lesotho,1956,Africa,5.791,48.61,657317
Lesotho,1957,Africa,5.791,49.16,674674
Lesotho,1958,Africa,5.791,49.6,694324
Lesotho,1959,Africa,5.787,49.92,714949
Lesotho,1960,Africa,5.784,50.17,736507
Lesotho,1961,Africa,5.785,50.27,758833
Lesotho,1962,Africa,5.787,50.31,781819
Lesotho,1963,Africa,5.776,50.26,805374
Lesotho,1964,Africa,5.765,50.31,829442
Lesotho,1965,Africa,5.772,50.33,854094
Lesotho,1966,Africa,5.756,50.38,881879
Lesotho,1967,Africa,5.745,50.51,913986
Lesotho,1968,Africa,5.725,50.79,948108
Lesotho,1969,Africa,5.704,51.12,983200
Lesotho,1970,Africa,5.698,51.5,1019273
Lesotho,1971,Africa,5.696,51.84,1056248
Lesotho,1972,Africa,5.694,52.26,1094069
Lesotho,1973,Africa,5.688,52.62,1132706
Lesotho,1974,Africa,5.753,52.94,1172420
Lesotho,1975,Africa,5.825,53.45,1213650
Lesotho,1976,Africa,5.871,53.93,1253217
Lesotho,1977,Africa,5.848,54.53,1289966
Lesotho,1978,Africa,5.823,55.17,1327244
Lesotho,1979,Africa,5.789,55.84,1366171
Lesotho,1980,Africa,5.746,56.53,1406530
Lesotho,1981,Africa,5.694,57.31,1448073
Lesotho,1982,Africa,5.632,57.98,1490732
Lesotho,1983,Africa,5.56,58.49,1534414
Lesotho,1984,Africa,5.478,58.95,1578992
Lesotho,1985,Africa,5.401,59.21,1624385
Lesotho,1986,Africa,5.317,59.35,1666140
Lesotho,1987,Africa,5.222,59.56,1703395
Lesotho,1988,Africa,5.104,59.57,1739847
Lesotho,1989,Africa,4.964,59.51,1775437
Lesotho,1990,Africa,4.813,59.32,1809698
Lesotho,1991,Africa,4.681,59.06,1842383
Lesotho,1992,Africa,4.541,58.64,1873281
Lesotho,1993,Africa,4.365,58.06,1901799
Lesotho,1994,Africa,4.21,57.29,1927708
Lesotho,1995,Africa,4.125,56.37,1951441
Lesotho,1996,Africa,4.058,55.14,1972424
Lesotho,1997,Africa,3.982,53.73,1988140
Lesotho,1998,Africa,3.815,52.03,1998048
Lesotho,1999,Africa,3.67,50.38,2003238
Lesotho,2000,Africa,3.605,48.78,2003919
Lesotho,2001,Africa,3.63,47.15,2000859
Lesotho,2002,Africa,3.682,45.95,1994686
Lesotho,2003,Africa,3.619,44.92,1985060
Lesotho,2004,Africa,3.508,44.04,1971130
Lesotho,2005,Africa,3.428,43.61,1953080
Lesotho,2006,Africa,3.414,43.18,1945066
Lesotho,2007,Africa,3.442,43.66,1953273
Lesotho,2008,Africa,3.392,44.3,1966547
Lesotho,2009,Africa,3.309,45.05,1980884
Lesotho,2010,Africa,3.25,46.05,1996256
Lesotho,2011,Africa,3.343,46.93,2014015
Lesotho,2012,Africa,3.296,48.23,2034363
Lesotho,2013,Africa,3.283,49.55,2056509
Lesotho,2014,Africa,3.239,50.79,2080091
Lesotho,2015,Africa,3.217,51.83,2104614
Lesotho,2016,Africa,3.18,52.91,2130424
Lesotho,2017,Africa,3.105,53.87,2157117
Lesotho,2018,Africa,3.016,54.64,2183611
Lesotho,2019,Africa,2.924,55.25,2209414
Lesotho,2020,Africa,2.846,55.13,2235727
Lesotho,2021,Africa,2.769,54.21,2261549
Lesotho,2022,Africa,2.716,56.81,2286112
Lesotho,2023,Africa,2.694,57.38,2311476
Lesotho,2024,Africa,2.654,57.8,2337428
Lesotho,2025,Africa,2.614,58.22,2363330
Lithuania,1992,Europe,1.97,70.34,3697552
Lithuania,1993,Europe,1.741,68.93,3680201
Lithuania,1994,Europe,1.577,68.5,3654893
Lithuania,1995,Europe,1.552,69.02,3627038
Lithuania,1996,Europe,1.495,70.19,3599721
Lithuania,1997,Europe,1.468,71.03,3573418
Lithuania,1998,Europe,1.458,71.33,3547768
Lithuania,1999,Europe,1.456,71.72,3522905
Lithuania,2000,Europe,1.383,72.14,3500410
Lithuania,2001,Europe,1.281,71.71,3473008
Lithuania,2002,Europe,1.231,71.84,3444051
Lithuania,2003,Europe,1.26,72.09,3415276
Lithuania,2004,Europe,1.271,72.0,3376703
Lithuania,2005,Europe,1.291,71.25,3322264
Lithuania,2006,Europe,1.322,70.96,3269809
Lithuania,2007,Europe,1.359,70.7,3231378
Lithuania,2008,Europe,1.444,71.7,3198482
Lithuania,2009,Europe,1.499,72.85,3163255
Lithuania,2010,Europe,1.499,73.2,3097721
Lithuania,2011,Europe,1.548,73.61,3028642
Lithuania,2012,Europe,1.591,73.96,2988334
Lithuania,2013,Europe,1.583,74.03,2958359
Lithuania,2014,Europe,1.628,74.6,2933171
Lithuania,2015,Europe,1.705,74.47,2905771
Lithuania,2016,Europe,1.692,74.82,2869109
Lithuania,2017,Europe,1.633,75.7,2829317
Lithuania,2018,Europe,1.635,75.91,2802485
Lithuania,2019,Europe,1.61,76.42,2795057
Lithuania,2020,Europe,1.487,75.11,2795766
Lithuania,2021,Europe,1.359,74.3,2794490
Lithuania,2022,Europe,1.27,74.7,2816923
Lithuania,2023,Europe,1.201,76.03,2854104
Lithuania,2024,Europe,1.183,76.17,2859112
Lithuania,2025,Europe,1.165,76.32,2830150
Luxembourg,1950,Europe,1.96,65.55,296580
Luxembourg,1951,Europe,1.989,65.86,298161
Luxembourg,1952,Europe,2.129,66.12,299909
Luxembourg,1953,Europe,2.129,66.39,301692
Luxembourg,1954,Europe,2.181,66.67,303489
Luxembourg,1955,Europe,2.165,67.37,305315
Luxembourg,1956,Europe,2.103,67.14,306957
Luxembourg,1957,Europe,2.156,66.89,308439
Luxembourg,1958,Europe,2.168,68.41,310039
Luxembourg,1959,Europe,2.208,68.37,312043
Luxembourg,1960,Europe,2.28,68.78,313888
Luxembourg,1961,Europe,2.331,69.15,316347
Luxembourg,1962,Europe,2.337,68.4,319663
Luxembourg,1963,Europe,2.32,68.67,322855
Luxembourg,1964,Europe,2.362,68.83,326232
Luxembourg,1965,Europe,2.397,69.21,329709
Luxembourg,1966,Europe,2.345,68.91,333085
Luxembourg,1967,Europe,2.236,69.47,335524
Luxembourg,1968,Europe,2.12,69.99,337015
Luxembourg,1969,Europe,2.02,69.72,338271
Luxembourg,1970,Europe,1.973,69.23,339337
Luxembourg,1971,Europe,1.947,69.25,341961
Luxembourg,1972,Europe,1.747,70.47,346085
Luxembourg,1973,Europe,1.584,70.32,349206
Luxembourg,1974,Europe,1.585,70.22,351432
Luxembourg,1975,Europe,1.561,70.34,353686
Luxembourg,1976,Europe,1.5,70.24,355877
Luxembourg,1977,Europe,1.509,71.46,358252
Luxembourg,1978,Europe,1.49,71.47,361047
Luxembourg,1979,Europe,1.479,72.25,362898
Luxembourg,1980,Europe,1.496,72.39,363711
Luxembourg,1981,Europe,1.548,72.08,364487
Luxembourg,1982,Europe,1.49,72.16,365061
Luxembourg,1983,Europe,1.439,72.98,365495
Luxembourg,1984,Europe,1.424,72.72,365904
Luxembourg,1985,Europe,1.386,73.28,366665
Luxembourg,1986,Europe,1.429,74.08,368409
Luxembourg,1987,Europe,1.408,73.87,370789
Luxembourg,1988,Europe,1.51,74.28,373789
Luxembourg,1989,Europe,1.528,74.29,377384
Luxembourg,1990,Europe,1.602,74.97,381707
Luxembourg,1991,Europe,1.613,74.96,386819
Luxembourg,1992,Europe,1.651,74.75,391972
Luxembourg,1993,Europe,1.706,75.43,397210
Luxembourg,1994,Europe,1.725,75.93,402597
Luxembourg,1995,Europe,1.705,75.88,408237
Luxembourg,1996,Europe,1.768,76.17,413779
Luxembourg,1997,Europe,1.719,76.39,418970
Luxembourg,1998,Europe,1.687,76.57,424158
Luxembourg,1999,Europe,1.744,76.99,429909
Luxembourg,2000,Europe,1.761,77.26,436142
Luxembourg,2001,Europe,1.662,77.53,441754
Luxembourg,2002,Europe,1.629,77.55,446392
Luxembourg,2003,Europe,1.62,77.26,451845
Luxembourg,2004,Europe,1.657,78.66,458305
Luxembourg,2005,Europe,1.631,78.88,465369
Luxembourg,2006,Europe,1.646,78.84,472869
Luxembourg,2007,Europe,1.611,79.12,480277
Luxembourg,2008,Europe,1.606,80.11,488995
Luxembourg,2009,Europe,1.59,79.91,498196
Luxembourg,2010,Europe,1.622,80.1,507418
Luxembourg,2011,Europe,1.53,80.28,518583
Luxembourg,2012,Europe,1.572,80.44,530951
Luxembourg,2013,Europe,1.55,80.85,543358
Luxembourg,2014,Europe,1.499,81.24,556285
Luxembourg,2015,Europe,1.464,81.26,569540
Luxembourg,2016,Europe,1.415,81.62,583511
Luxembourg,2017,Europe,1.392,81.09,596506
Luxembourg,2018,Europe,1.38,81.52,608109
Luxembourg,2019,Europe,1.343,81.59,620167
Luxembourg,2020,Europe,1.361,81.41,630597
Luxembourg,2021,Europe,1.382,81.84,640276
Luxembourg,2022,Europe,1.39,82.2,653315
Luxembourg,2023,Europe,1.396,82.23,665101
Luxembourg,2024,Europe,1.385,82.36,673042
Luxembourg,2025,Europe,1.374,82.49,680454
Latvia,1992,Europe,1.72,68.45,2614833
Latvia,1993,Europe,1.503,66.63,2563820
Latvia,1994,Europe,1.384,65.18,2521238
Latvia,1995,Europe,1.252,66.0,2485948
Latvia,1996,Europe,1.161,68.59,2457907
Latvia,1997,Europe,1.117,69.22,2433229
Latvia,1998,Europe,1.104,68.85,2410217
Latvia,1999,Europe,1.171,69.65,2390822
Latvia,2000,Europe,1.244,70.17,2368320
Latvia,2001,Europe,1.223,69.91,2338299
Latvia,2002,Europe,1.258,70.17,2311358
Latvia,2003,Europe,1.322,70.64,2288983
Latvia,2004,Europe,1.297,70.94,2264179
Latvia,2005,Europe,1.389,70.63,2239787
Latvia,2006,Europe,1.464,70.55,2219039
Latvia,2007,Europe,1.542,70.79,2200774
Latvia,2008,Europe,1.585,72.0,2177710
Latvia,2009,Europe,1.472,72.7,2142044
Latvia,2010,Europe,1.367,73.03,2097834
Latvia,2011,Europe,1.343,73.72,2059940
Latvia,2012,Europe,1.444,73.94,2034639
Latvia,2013,Europe,1.527,74.19,2013004
Latvia,2014,Europe,1.646,74.31,1994153
Latvia,2015,Europe,1.706,74.67,1977874
Latvia,2016,Europe,1.742,74.76,1959863
Latvia,2017,Europe,1.698,74.8,1942599
Latvia,2018,Europe,1.612,74.98,1927586
Latvia,2019,Europe,1.609,75.63,1914267
Latvia,2020,Europe,1.546,75.48,1901119
Latvia,2021,Europe,1.572,73.18,1885593
Latvia,2022,Europe,1.47,74.87,1881059
Latvia,2023,Europe,1.338,76.19,1882399
Latvia,2024,Europe,1.318,76.33,1871874
Latvia,2025,Europe,1.298,76.48,1853560
Morocco,1950,Africa,6.14,38.77,8935456
Morocco,1951,Africa,6.219,39.15,9159293
Morocco,1952,Africa,6.31,39.56,9394882
Morocco,1953,Africa,6.39,39.95,9639571
Morocco,1954,Africa,6.435,40.36,9893319
Morocco,1955,Africa,6.501,40.78,10158130
Morocco,1956,Africa,6.564,41.22,10434022
Morocco,1957,Africa,6.627,41.69,10720555
Morocco,1958,Africa,6.711,42.18,11013746
Morocco,1959,Africa,6.804,42.68,11317012
Morocco,1960,Africa,6.887,41.73,11624932
Morocco,1961,Africa,6.969,43.69,11931097
Morocco,1962,Africa,7.046,44.23,12253096
Morocco,1963,Africa,7.012,44.77,12577499
Morocco,1964,Africa,6.97,45.35,12898882
Morocco,1965,Africa,6.932,45.92,13239173
Morocco,1966,Africa,6.889,46.49,13597063
Morocco,1967,Africa,6.845,47.1,13968180
Morocco,1968,Africa,6.786,47.66,14347897
Morocco,1969,Africa,6.726,48.19,14734252
Morocco,1970,Africa,6.682,48.69,15129453
Morocco,1971,Africa,6.616,49.17,15527227
Morocco,1972,Africa,6.545,49.71,15924695
Morocco,1973,Africa,6.481,50.22,16326276
Morocco,1974,Africa,6.397,50.76,16733850
Morocco,1975,Africa,6.299,51.36,17150790
Morocco,1976,Africa,6.175,52.05,17574187
Morocco,1977,Africa,6.036,52.79,18014761
Morocco,1978,Africa,5.91,53.55,18477383
Morocco,1979,Africa,5.849,54.38,18955587
Morocco,1980,Africa,5.784,55.22,19459942
Morocco,1981,Africa,5.71,56.02,19985407
Morocco,1982,Africa,5.604,56.87,20520324
Morocco,1983,Africa,5.41,57.69,21060697
Morocco,1984,Africa,5.199,58.44,21593777
Morocco,1985,Africa,4.988,59.21,22113953
Morocco,1986,Africa,4.772,59.95,22600803
Morocco,1987,Africa,4.583,60.62,23054390
Morocco,1988,Africa,4.394,61.23,23500528
Morocco,1989,Africa,4.217,61.82,23939414
Morocco,1990,Africa,4.06,62.4,24375558
Morocco,1991,Africa,3.947,62.92,24799016
Morocco,1992,Africa,3.757,63.39,25212469
Morocco,1993,Africa,3.548,63.87,25614586
Morocco,1994,Africa,3.413,64.35,26000824
Morocco,1995,Africa,3.295,64.72,26399431
Morocco,1996,Africa,3.229,65.23,26808109
Morocco,1997,Africa,3.147,65.62,27213340
Morocco,1998,Africa,3.037,66.01,27621638
Morocco,1999,Africa,2.882,66.4,28027188
Morocco,2000,Africa,2.774,66.79,28423439
Morocco,2001,Africa,2.686,67.2,28814646
Morocco,2002,Africa,2.617,67.58,29198146
Morocco,2003,Africa,2.606,67.96,29571415
Morocco,2004,Africa,2.611,68.27,29953021
Morocco,2005,Africa,2.613,68.75,30358145
Morocco,2006,Africa,2.611,69.16,30771179
Morocco,2007,Africa,2.618,69.62,31186468
Morocco,2008,Africa,2.612,70.05,31606769
Morocco,2009,Africa,2.624,70.45,32030779
Morocco,2010,Africa,2.629,70.82,32467009
Morocco,2011,Africa,2.595,71.26,32912585
Morocco,2012,Africa,2.543,71.67,33355246
Morocco,2013,Africa,2.478,72.12,33787573
Morocco,2014,Africa,2.425,72.52,34204784
Morocco,2015,Africa,2.406,72.89,34607590
Morocco,2016,Africa,2.396,73.23,35023459
Morocco,2017,Africa,2.375,73.61,35446395
Morocco,2018,Africa,2.354,73.95,35839760
Morocco,2019,Africa,2.342,74.25,36210907
Morocco,2020,Africa,2.32,73.13,36584208
Morocco,2021,Africa,2.288,73.39,36954443
Morocco,2022,Africa,2.256,75.16,37329068
Morocco,2023,Africa,2.23,75.31,37712516
Morocco,2024,Africa,2.209,75.49,38081176
Morocco,2025,Africa,2.189,75.68,38430774
Moldova,1992,Europe,2.217,66.75,4455714
Moldova,1993,Europe,2.112,66.66,4448241
Moldova,1994,Europe,1.993,66.32,4434457
Moldova,1995,Europe,1.825,66.22,4414216
Moldova,1996,Europe,1.709,66.25,4387653
Moldova,1997,Europe,1.79,66.48,4355537
Moldova,1998,Europe,1.65,66.84,4318713
Moldova,1999,Europe,1.556,67.2,4278220
Moldova,2000,Europe,1.496,67.46,4234969
Moldova,2001,Europe,1.471,67.67,4189769
Moldova,2002,Europe,1.448,67.79,4142937
Moldova,2003,Europe,1.479,67.9,4095418
Moldova,2004,Europe,1.543,68.02,4046672
Moldova,2005,Europe,1.528,68.2,3988668
Moldova,2006,Europe,1.537,68.42,3921320
Moldova,2007,Europe,1.575,68.67,3851397
Moldova,2008,Europe,1.638,69.0,3779503
Moldova,2009,Europe,1.719,69.41,3706212
Moldova,2010,Europe,1.703,69.88,3631990
Moldova,2011,Europe,1.65,70.17,3557278
Moldova,2012,Europe,1.661,70.34,3482629
Moldova,2013,Europe,1.622,70.29,3408741
Moldova,2014,Europe,1.82,70.24,3342715
Moldova,2015,Europe,1.87,70.12,3287168
Moldova,2016,Europe,1.89,70.18,3237798
Moldova,2017,Europe,1.81,70.38,3193500
Moldova,2018,Europe,1.81,70.24,3153779
Moldova,2019,Europe,1.78,70.18,3112561
Moldova,2020,Europe,1.77,69.91,3069135
Moldova,2021,Europe,1.751,68.99,3023780
Moldova,2022,Europe,1.694,71.55,3039986
Moldova,2023,Europe,1.731,71.2,3067072
Moldova,2024,Europe,1.721,71.33,3034967
Moldova,2025,Europe,1.712,71.47,2996104
Madagascar,1950,Africa,7.431,39.66,3956077
Madagascar,1951,Africa,7.432,39.94,4057204
Madagascar,1952,Africa,7.43,40.34,4160844
Madagascar,1953,Africa,7.433,40.66,4267535
Madagascar,1954,Africa,7.422,40.95,4377321
Madagascar,1955,Africa,7.397,41.28,4490119
Madagascar,1956,Africa,7.392,41.69,4606423
Madagascar,1957,Africa,7.375,42.11,4726637
Madagascar,1958,Africa,7.373,42.51,4850852
Madagascar,1959,Africa,7.36,42.95,4979096
Madagascar,1960,Africa,7.343,43.35,5111033
Madagascar,1961,Africa,7.299,43.79,5246163
Madagascar,1962,Africa,7.256,44.19,5384155
Madagascar,1963,Africa,7.212,44.63,5525189
Madagascar,1964,Africa,7.188,45.04,5669867
Madagascar,1965,Africa,7.171,45.45,5819117
Madagascar,1966,Africa,7.156,45.98,5974281
Madagascar,1967,Africa,7.144,46.46,6136495
Madagascar,1968,Africa,7.131,46.93,6306501
Madagascar,1969,Africa,7.118,47.32,6484718
Madagascar,1970,Africa,7.096,47.9,6672004
Madagascar,1971,Africa,7.068,48.2,6868874
Madagascar,1972,Africa,7.042,48.51,7074405
Madagascar,1973,Africa,7.011,48.92,7288053
Madagascar,1974,Africa,6.993,49.3,7509733
Madagascar,1975,Africa,6.971,49.6,7739341
Madagascar,1976,Africa,6.954,49.8,7976838
Madagascar,1977,Africa,6.927,49.95,8222240
Madagascar,1978,Africa,6.904,50.02,8475862
Madagascar,1979,Africa,6.872,50.06,8737585
Madagascar,1980,Africa,6.838,49.98,9006039
Madagascar,1981,Africa,6.774,49.81,9279017
Madagascar,1982,Africa,6.699,50.01,9557679
Madagascar,1983,Africa,6.626,50.11,9843046
Madagascar,1984,Africa,6.547,50.21,10134559
Madagascar,1985,Africa,6.456,50.41,10433143
Madagascar,1986,Africa,6.343,50.65,10736862
Madagascar,1987,Africa,6.242,51.1,11047297
Madagascar,1988,Africa,6.178,51.42,11369458
Madagascar,1989,Africa,6.149,51.82,11705002
Madagascar,1990,Africa,6.14,52.14,12055649
Madagascar,1991,Africa,6.118,52.55,12421413
Madagascar,1992,Africa,6.082,52.95,12800870
Madagascar,1993,Africa,6.062,53.73,13197353
Madagascar,1994,Africa,6.042,54.25,13613859
Madagascar,1995,Africa,6.036,54.84,14051279
Madagascar,1996,Africa,6.031,55.48,14510712
Madagascar,1997,Africa,6.023,56.13,14990818
Madagascar,1998,Africa,5.992,56.8,15489364
Madagascar,1999,Africa,5.839,57.43,16000506
Madagascar,2000,Africa,5.665,57.97,16516336
Madagascar,2001,Africa,5.528,58.67,17032933
Madagascar,2002,Africa,5.412,59.17,17549915
Madagascar,2003,Africa,5.329,59.69,18071860
Madagascar,2004,Africa,5.264,60.17,18606606
Madagascar,2005,Africa,5.195,60.66,19159711
Madagascar,2006,Africa,5.133,61.14,19730916
Madagascar,2007,Africa,5.083,61.53,20318590
Madagascar,2008,Africa,5.043,61.99,20923842
Madagascar,2009,Africa,5.003,62.3,21547277
Madagascar,2010,Africa,4.896,62.6,22183343
Madagascar,2011,Africa,4.737,62.86,22822305
Madagascar,2012,Africa,4.613,63.01,23462444
Madagascar,2013,Africa,4.527,63.16,24109290
Madagascar,2014,Africa,4.421,63.26,24764356
Madagascar,2015,Africa,4.335,63.36,25426703
Madagascar,2016,Africa,4.285,63.43,26099950
Madagascar,2017,Africa,4.259,63.43,26788379
Madagascar,2018,Africa,4.246,63.49,27494930
Madagascar,2019,Africa,4.221,63.5,28219559
Madagascar,2020,Africa,4.17,62.71,28953560
Madagascar,2021,Africa,4.104,62.52,29691087
Madagascar,2022,Africa,4.036,63.07,30437261
Madagascar,2023,Africa,3.972,63.63,31195937
Madagascar,2024,Africa,3.925,63.84,31964960
Madagascar,2025,Africa,3.879,64.04,32740682
Mexico,1950,Americas,6.709,43.84,27587941
Mexico,1951,Americas,6.727,44.77,28320487
Mexico,1952,Americas,6.731,45.67,29090173
Mexico,1953,Americas,6.734,47.05,29899242
Mexico,1954,Americas,6.745,48.3,30753012
Mexico,1955,Americas,6.73,49.6,31650600
Mexico,1956,Americas,6.743,50.35,32587939
Mexico,1957,Americas,6.752,51.12,33562718
Mexico,1958,Americas,6.758,51.84,34575074
Mexico,1959,Americas,6.758,52.66,35627261
Mexico,1960,Americas,6.763,53.57,36724614
Mexico,1961,Americas,6.777,54.42,37890125
Mexico,1962,Americas,6.8,55.06,39129204
Mexico,1963,Americas,6.817,55.5,40424068
Mexico,1964,Americas,6.833,55.92,41772051
Mexico,1965,Americas,6.819,56.69,43174476
Mexico,1966,Americas,6.79,57.35,44629105
Mexico,1967,Americas,6.753,57.96,46129602
Mexico,1968,Americas,6.707,58.22,47668308
Mexico,1969,Americas,6.626,58.41,49233192
Mexico,1970,Americas,6.529,58.89,50814958
Mexico,1971,Americas,6.419,59.41,52412564
Mexico,1972,Americas,6.281,60.05,54030172
Mexico,1973,Americas,6.121,60.52,55667287
Mexico,1974,Americas,5.947,61.18,57320150
Mexico,1975,Americas,5.739,61.88,58982403
Mexico,1976,Americas,5.543,62.48,60645513
Mexico,1977,Americas,5.361,62.99,62308499
Mexico,1978,Americas,5.202,63.44,63979053
Mexico,1979,Americas,4.964,63.86,65648868
Mexico,1980,Americas,4.739,64.28,67300338
Mexico,1981,Americas,4.574,64.72,68892107
Mexico,1982,Americas,4.425,65.26,70433258
Mexico,1983,Americas,4.296,65.76,71971238
Mexico,1984,Americas,4.184,66.22,73506848
Mexico,1985,Americas,4.087,66.78,75043415
Mexico,1986,Americas,3.971,67.38,76585638
Mexico,1987,Americas,3.803,67.9,78136652
Mexico,1988,Americas,3.64,68.3,79695526
Mexico,1989,Americas,3.532,68.62,81247174
Mexico,1990,Americas,3.444,69.03,82820170
Mexico,1991,Americas,3.363,69.37,84430565
Mexico,1992,Americas,3.285,69.66,86044806
Mexico,1993,Americas,3.211,69.96,87653817
Mexico,1994,Americas,3.132,70.3,89259202
Mexico,1995,Americas,3.044,70.7,90862449
Mexico,1996,Americas,2.964,71.09,92452700
Mexico,1997,Americas,2.886,71.47,94021204
Mexico,1998,Americas,2.815,71.79,95575242
Mexico,1999,Americas,2.763,72.2,97115710
Mexico,2000,Americas,2.714,72.56,98625553
Mexico,2001,Americas,2.671,72.91,100099101
Mexico,2002,Americas,2.633,73.11,101548627
Mexico,2003,Americas,2.579,73.31,102978517
Mexico,2004,Americas,2.536,73.43,104394131
Mexico,2005,Americas,2.495,73.63,105811504
Mexico,2006,Americas,2.456,73.75,107253666
Mexico,2007,Americas,2.421,73.8,108774356
Mexico,2008,Americas,2.391,73.69,110374286
Mexico,2009,Americas,2.364,73.63,111999720
Mexico,2010,Americas,2.34,73.72,113623898
Mexico,2011,Americas,2.317,73.92,115243503
Mexico,2012,Americas,2.294,74.13,116818208
Mexico,2013,Americas,2.269,74.29,118343572
Mexico,2014,Americas,2.211,74.4,119784265
Mexico,2015,Americas,2.137,74.43,121072310
Mexico,2016,Americas,2.086,74.38,122251344
Mexico,2017,Americas,2.041,74.26,123400052
Mexico,2018,Americas,2.03,74.3,124573713
Mexico,2019,Americas,2.02,74.53,125762978
Mexico,2020,Americas,1.99,70.45,126799053
Mexico,2021,Americas,1.97,69.75,127648151
Mexico,2022,Americas,1.94,73.97,128613116
Mexico,2023,Americas,1.91,75.07,129739761
Mexico,2024,Americas,1.881,75.26,130861001
Mexico,2025,Americas,1.853,75.45,131946897
North Macedonia,1992,Europe,2.281,71.3,2032516
North Macedonia,1993,Europe,2.26,71.73,2006853
North Macedonia,1994,Europe,2.232,71.49,1992669
North Macedonia,1995,Europe,2.13,71.97,1998531
North Macedonia,1996,Europe,2.059,71.85,2012553
North Macedonia,1997,Europe,1.916,71.88,2025764
North Macedonia,1998,Europe,1.89,71.8,2037575
North Macedonia,1999,Europe,1.77,72.31,2048088
North Macedonia,2000,Europe,1.863,72.57,2057254
North Macedonia,2001,Europe,1.729,73.01,2066300
North Macedonia,2002,Europe,1.786,72.71,2074482
North Macedonia,2003,Europe,1.745,73.05,2081417
North Macedonia,2004,Europe,1.524,73.45,2086581
North Macedonia,2005,Europe,1.469,73.61,2089809
North Macedonia,2006,Europe,1.514,73.79,2089232
North Macedonia,2007,Europe,1.533,73.74,2081972
North Macedonia,2008,Europe,1.565,74.44,2070837
North Macedonia,2009,Europe,1.637,74.47,2060601
North Macedonia,2010,Europe,1.707,75.04,2051510
North Macedonia,2011,Europe,1.625,75.14,2040445
North Macedonia,2012,Europe,1.709,75.04,2027288
North Macedonia,2013,Europe,1.705,75.58,2013280
North Macedonia,2014,Europe,1.768,75.63,1997842
North Macedonia,2015,Europe,1.758,75.63,1980366
North Macedonia,2016,Europe,1.786,75.57,1961268
North Macedonia,2017,Europe,1.725,76.15,1940877
North Macedonia,2018,Europe,1.731,76.88,1919730
North Macedonia,2019,Europe,1.651,76.83,1897643
North Macedonia,2020,Europe,1.625,74.47,1872021
North Macedonia,2021,Europe,1.622,73.29,1851109
North Macedonia,2022,Europe,1.588,76.64,1840236
North Macedonia,2023,Europe,1.465,77.39,1831800
North Macedonia,2024,Europe,1.443,77.54,1823011
North Macedonia,2025,Europe,1.421,77.68,1813792
Mali,1950,Africa,6.873,28.73,4696914
Mali,1951,Africa,6.895,28.91,4766702
Mali,1952,Africa,6.906,29.14,4836366
Mali,1953,Africa,6.921,29.39,4904800
Mali,1954,Africa,6.936,29.51,4972911
Mali,1955,Africa,6.95,29.69,5041937
Mali,1956,Africa,6.968,29.85,5111984
Mali,1957,Africa,6.985,30.06,5183132
Mali,1958,Africa,6.998,30.19,5253467
Mali,1959,Africa,7.007,30.34,5325646
Mali,1960,Africa,7.019,30.46,5402550
Mali,1961,Africa,7.031,30.64,5482288
Mali,1962,Africa,7.038,30.83,5563921
Mali,1963,Africa,7.046,31.02,5646606
Mali,1964,Africa,7.055,31.23,5730130
Mali,1965,Africa,7.081,31.53,5815483
Mali,1966,Africa,7.111,31.79,5902209
Mali,1967,Africa,7.136,32.2,5990908
Mali,1968,Africa,7.159,32.57,6082987
Mali,1969,Africa,7.175,32.87,6177698
Mali,1970,Africa,7.181,33.4,6276476
Mali,1971,Africa,7.203,33.8,6377945
Mali,1972,Africa,7.219,34.51,6483730
Mali,1973,Africa,7.223,35.09,6597114
Mali,1974,Africa,7.228,35.75,6715435
Mali,1975,Africa,7.253,36.48,6837265
Mali,1976,Africa,7.272,37.2,6960979
Mali,1977,Africa,7.299,37.99,7090985
Mali,1978,Africa,7.319,38.76,7229654
Mali,1979,Africa,7.348,39.51,7375272
Mali,1980,Africa,7.365,40.27,7530522
Mali,1981,Africa,7.365,40.98,7692763
Mali,1982,Africa,7.32,41.8,7860196
Mali,1983,Africa,7.276,42.75,8034400
Mali,1984,Africa,7.256,43.4,8208599
Mali,1985,Africa,7.261,43.92,8374661
Mali,1986,Africa,7.311,44.62,8531272
Mali,1987,Africa,7.312,45.23,8681167
Mali,1988,Africa,7.324,45.72,8834001
Mali,1989,Africa,7.331,46.24,8999935
Mali,1990,Africa,7.311,46.54,9178826
Mali,1991,Africa,7.28,46.89,9362885
Mali,1992,Africa,7.237,47.24,9553540
Mali,1993,Africa,7.18,47.59,9754786
Mali,1994,Africa,7.119,47.91,9967035
Mali,1995,Africa,7.052,48.29,10185368
Mali,1996,Africa,7.01,48.5,10407274
Mali,1997,Africa,6.971,49.09,10646499
Mali,1998,Africa,6.936,49.59,10919577
Mali,1999,Africa,6.911,50.06,11227420
Mali,2000,Africa,6.886,50.6,11559291
Mali,2001,Africa,6.852,51.3,11912162
Mali,2002,Africa,6.819,51.99,12288051
Mali,2003,Africa,6.783,52.63,12684951
Mali,2004,Africa,6.741,53.25,13102415
Mali,2005,Africa,6.708,53.79,13538648
Mali,2006,Africa,6.677,54.3,13990143
Mali,2007,Africa,6.647,54.76,14457776
Mali,2008,Africa,6.624,55.19,14940786
Mali,2009,Africa,6.592,55.59,15435536
Mali,2010,Africa,6.579,55.99,15945201
Mali,2011,Africa,6.545,56.37,16469054
Mali,2012,Africa,6.523,56.7,16957039
Mali,2013,Africa,6.491,57.05,17459619
Mali,2014,Africa,6.441,57.48,18020267
Mali,2015,Africa,6.385,57.85,18593022
Mali,2016,Africa,6.319,58.29,19191298
Mali,2017,Africa,6.251,58.56,19813016
Mali,2018,Africa,6.118,58.87,20442031
Mali,2019,Africa,5.892,59.22,21068405
Mali,2020,Africa,5.85,58.86,21713837
Mali,2021,Africa,5.779,59.12,22388637
Mali,2022,Africa,5.692,60.03,23072641
Mali,2023,Africa,5.614,60.44,23769130
Mali,2024,Africa,5.53,60.67,24478597
Mali,2025,Africa,5.447,60.89,25198819
Malta,1950,Europe,4.226,63.47,294685
Malta,1951,Europe,4.21,63.91,300461
Malta,1952,Europe,4.174,64.06,304913
Malta,1953,Europe,4.129,64.3,309348
Malta,1954,Europe,4.076,65.06,313752
Malta,1955,Europe,4.014,66.29,318149
Malta,1956,Europe,4.031,66.76,322464
Malta,1957,Europe,3.681,67.47,326702
Malta,1958,Europe,3.584,67.83,329414
Malta,1959,Europe,3.576,68.37,330361
Malta,1960,Europe,3.626,68.44,330832
Malta,1961,Europe,3.304,68.42,330855
Malta,1962,Europe,3.218,69.17,330499
Malta,1963,Europe,2.871,69.25,329815
Malta,1964,Europe,2.736,69.34,328794
Malta,1965,Europe,2.437,69.45,327407
Malta,1966,Europe,2.284,69.74,325677
Malta,1967,Europe,2.191,69.79,323820
Malta,1968,Europe,2.08,69.91,323515
Malta,1969,Europe,2.025,70.06,324762
Malta,1970,Europe,2.072,70.37,326017
Malta,1971,Europe,2.124,70.14,327300
Malta,1972,Europe,2.032,70.68,328617
Malta,1973,Europe,2.078,71.32,330059
Malta,1974,Europe,2.078,71.95,331686
Malta,1975,Europe,2.152,72.07,333458
Malta,1976,Europe,2.129,72.21,335291
Malta,1977,Europe,2.141,72.33,337169
Malta,1978,Europe,2.064,72.34,339069
Malta,1979,Europe,2.093,72.5,340974
Malta,1980,Europe,1.993,72.32,342882
Malta,1981,Europe,1.895,72.37,344754
Malta,1982,Europe,2.068,72.83,346653
Malta,1983,Europe,2.001,73.1,348598
Malta,1984,Europe,1.957,73.31,350555
Malta,1985,Europe,1.948,73.85,352567
Malta,1986,Europe,1.931,74.48,355082
Malta,1987,Europe,1.97,75.3,358089
Malta,1988,Europe,2.057,75.87,361226
Malta,1989,Europe,2.095,76.17,364530
Malta,1990,Europe,2.041,76.16,367913
Malta,1991,Europe,2.002,76.49,371335
Malta,1992,Europe,2.06,76.68,374805
Malta,1993,Europe,1.958,76.83,378222
Malta,1994,Europe,1.84,76.95,381467
Malta,1995,Europe,1.791,76.98,384559
Malta,1996,Europe,1.972,76.32,387627
Malta,1997,Europe,1.937,77.32,390687
Malta,1998,Europe,1.835,77.8,393782
Malta,1999,Europe,1.734,77.75,396897
Malta,2000,Europe,1.672,77.9,399905
Malta,2001,Europe,1.493,78.9,402788
Malta,2002,Europe,1.458,78.47,405571
Malta,2003,Europe,1.476,78.7,408236
Malta,2004,Europe,1.4,79.17,410800
Malta,2005,Europe,1.377,79.49,413324
Malta,2006,Europe,1.363,79.56,415463
Malta,2007,Europe,1.358,79.74,417201
Malta,2008,Europe,1.42,79.69,418969
Malta,2009,Europe,1.413,80.42,420800
Malta,2010,Europe,1.375,81.4,422654
Malta,2011,Europe,1.443,80.8,424635
Malta,2012,Europe,1.42,81.06,426616
Malta,2013,Europe,1.366,81.82,428457
Malta,2014,Europe,1.379,82.32,434494
Malta,2015,Europe,1.376,82.59,444978
Malta,2016,Europe,1.366,82.66,455276
Malta,2017,Europe,1.271,83.09,467902
Malta,2018,Europe,1.227,82.91,484560
Malta,2019,Europe,1.15,82.84,504017
Malta,2020,Europe,1.132,82.34,518212
Malta,2021,Europe,1.11,82.32,524383
Malta,2022,Europe,1.101,82.25,528194
Malta,2023,Europe,1.098,83.3,532964
Malta,2024,Europe,1.082,83.47,539612
Malta,2025,Europe,1.065,83.63,545406
Myanmar,1950,Asia,5.943,35.7,17737123
Myanmar,1951,Asia,5.937,36.51,18070426
Myanmar,1952,Asia,5.93,37.73,18418010
Myanmar,1953,Asia,5.925,38.6,18779903
Myanmar,1954,Asia,5.923,39.57,19156653
Myanmar,1955,Asia,5.914,40.44,19550488
Myanmar,1956,Asia,5.916,41.2,19959222
Myanmar,1957,Asia,5.917,42.02,20382706
Myanmar,1958,Asia,5.91,42.78,20816423
Myanmar,1959,Asia,5.911,43.41,21264016
Myanmar,1960,Asia,5.901,44.09,21730255
Myanmar,1961,Asia,5.9,44.6,22210580
Myanmar,1962,Asia,5.904,45.26,22704722
Myanmar,1963,Asia,5.905,45.95,23213406
Myanmar,1964,Asia,5.907,46.65,23737316
Myanmar,1965,Asia,5.912,47.41,24279437
Myanmar,1966,Asia,5.876,48.18,24836494
Myanmar,1967,Asia,5.842,48.86,25406432
Myanmar,1968,Asia,5.797,49.4,25989669
Myanmar,1969,Asia,5.747,50.02,26585110
Myanmar,1970,Asia,5.682,50.47,27193015
Myanmar,1971,Asia,5.615,51.03,27807215
Myanmar,1972,Asia,5.527,51.4,28428330
Myanmar,1973,Asia,5.435,51.76,29026390
Myanmar,1974,Asia,5.341,52.09,29598163
Myanmar,1975,Asia,5.249,52.49,30176563
Myanmar,1976,Asia,5.159,52.91,30758818
Myanmar,1977,Asia,5.069,53.27,31355968
Myanmar,1978,Asia,4.985,53.52,31972974
Myanmar,1979,Asia,4.897,54.03,32596552
Myanmar,1980,Asia,4.789,54.37,33227204
Myanmar,1981,Asia,4.688,54.7,33858786
Myanmar,1982,Asia,4.662,55.03,34482967
Myanmar,1983,Asia,4.633,55.31,35162714
Myanmar,1984,Asia,4.517,55.6,35899313
Myanmar,1985,Asia,4.316,55.82,36622832
Myanmar,1986,Asia,4.081,56.08,37314882
Myanmar,1987,Asia,3.861,56.35,37971601
Myanmar,1988,Asia,3.67,56.57,38600928
Myanmar,1989,Asia,3.593,56.89,39214624
Myanmar,1990,Asia,3.504,57.16,39817253
Myanmar,1991,Asia,3.432,57.4,40394159
Myanmar,1992,Asia,3.354,57.68,40950342
Myanmar,1993,Asia,3.281,58.03,41502423
Myanmar,1994,Asia,3.204,58.33,42055150
Myanmar,1995,Asia,3.127,58.67,42605343
Myanmar,1996,Asia,3.058,59.17,43154858
Myanmar,1997,Asia,2.985,59.52,43708802
Myanmar,1998,Asia,2.912,59.9,44257793
Myanmar,1999,Asia,2.851,60.11,44787727
Myanmar,2000,Asia,2.813,60.36,45290850
Myanmar,2001,Asia,2.793,60.64,45771140
Myanmar,2002,Asia,2.765,60.92,46232656
Myanmar,2003,Asia,2.68,61.2,46667191
Myanmar,2004,Asia,2.588,61.44,47068779
Myanmar,2005,Asia,2.515,61.72,47438362
Myanmar,2006,Asia,2.471,62.03,47785141
Myanmar,2007,Asia,2.447,62.37,48125047
Myanmar,2008,Asia,2.404,56.36,48390790
Myanmar,2009,Asia,2.369,63.09,48660458
Myanmar,2010,Asia,2.335,63.48,49024376
Myanmar,2011,Asia,2.306,63.86,49419825
Myanmar,2012,Asia,2.276,64.25,49837451
Myanmar,2013,Asia,2.264,64.62,50262658
Myanmar,2014,Asia,2.252,64.99,50681635
Myanmar,2015,Asia,2.266,65.29,51089060
Myanmar,2016,Asia,2.27,65.64,51495701
Myanmar,2017,Asia,2.252,65.91,51894939
Myanmar,2018,Asia,2.228,66.23,52272250
Myanmar,2019,Asia,2.206,66.46,52640718
Myanmar,2020,Asia,2.179,66.61,53016525
Myanmar,2021,Asia,2.158,65.55,53387103
Myanmar,2022,Asia,2.131,66.51,53756791
Myanmar,2023,Asia,2.115,66.89,54133800
Myanmar,2024,Asia,2.1,67.09,54500086
Myanmar,2025,Asia,2.086,67.3,54850648
Montenegro,1992,Europe,2.013,73.8,626030
Montenegro,1993,Europe,1.955,73.87,628107
Montenegro,1994,Europe,1.936,73.76,629890
Montenegro,1995,Europe,1.958,73.74,631386
Montenegro,1996,Europe,1.922,73.61,632625
Montenegro,1997,Europe,1.886,73.5,633539
Montenegro,1998,Europe,1.893,73.44,634099
Montenegro,1999,Europe,1.884,73.29,634280
Montenegro,2000,Europe,1.903,73.55,634198
Montenegro,2001,Europe,1.855,73.74,634001
Montenegro,2002,Europe,1.813,74.13,633767
Montenegro,2003,Europe,1.804,74.23,633563
Montenegro,2004,Europe,1.734,74.38,633756
Montenegro,2005,Europe,1.702,74.42,634059
Montenegro,2006,Europe,1.737,74.67,633876
Montenegro,2007,Europe,1.803,74.67,633388
Montenegro,2008,Europe,1.895,75.0,632855
Montenegro,2009,Europe,1.96,75.4,632445
Montenegro,2010,Europe,1.731,75.71,632088
Montenegro,2011,Europe,1.676,75.96,632689
Montenegro,2012,Europe,1.728,76.24,633546
Montenegro,2013,Europe,1.744,76.35,633199
Montenegro,2014,Europe,1.762,76.47,631377
Montenegro,2015,Europe,1.756,76.59,628145
Montenegro,2016,Europe,1.8,76.56,624246
Montenegro,2017,Europe,1.79,76.59,620112
Montenegro,2018,Europe,1.775,76.92,615798
Montenegro,2019,Europe,1.814,76.64,611671
Montenegro,2020,Europe,1.831,75.85,607934
Montenegro,2021,Europe,1.85,73.79,603854
Montenegro,2022,Europe,1.881,75.92,614649
Montenegro,2023,Europe,1.803,77.09,633553
Montenegro,2024,Europe,1.808,77.25,638481
Montenegro,2025,Europe,1.812,77.43,632730
Mongolia,1950,Asia,5.503,38.6,781691
Mongolia,1951,Asia,5.559,39.05,794329
Mongolia,1952,Asia,5.665,39.4,807093
Mongolia,1953,Asia,5.766,39.77,820278
Mongolia,1954,Asia,5.87,40.21,834023
Mongolia,1955,Asia,6.057,40.73,848687
Mongolia,1956,Asia,6.238,41.35,868487
Mongolia,1957,Asia,6.389,40.4,893240
Mongolia,1958,Asia,6.535,42.84,919297
Mongolia,1959,Asia,6.681,43.68,947419
Mongolia,1960,Asia,6.817,44.54,977602
Mongolia,1961,Asia,6.963,45.41,1009292
Mongolia,1962,Asia,7.098,46.27,1041446
Mongolia,1963,Asia,7.238,47.13,1071366
Mongolia,1964,Asia,7.329,47.95,1100238
Mongolia,1965,Asia,7.377,48.72,1131185
Mongolia,1966,Asia,7.409,49.37,1163763
Mongolia,1967,Asia,7.389,50.13,1196997
Mongolia,1968,Asia,7.371,50.78,1229931
Mongolia,1969,Asia,7.337,51.41,1262291
Mongolia,1970,Asia,7.314,51.99,1295275
Mongolia,1971,Asia,7.297,52.56,1330076
Mongolia,1972,Asia,7.279,53.11,1366829
Mongolia,1973,Asia,7.24,53.6,1405507
Mongolia,1974,Asia,7.173,54.02,1446056
Mongolia,1975,Asia,7.066,54.33,1488301
Mongolia,1976,Asia,6.931,54.58,1531953
Mongolia,1977,Asia,6.79,54.77,1576248
Mongolia,1978,Asia,6.62,54.92,1619479
Mongolia,1979,Asia,6.424,55.07,1660661
Mongolia,1980,Asia,6.211,55.22,1701341
Mongolia,1981,Asia,5.982,55.41,1742856
Mongolia,1982,Asia,5.801,55.62,1785364
Mongolia,1983,Asia,5.628,55.87,1829093
Mongolia,1984,Asia,5.451,56.15,1874355
Mongolia,1985,Asia,5.262,56.44,1921519
Mongolia,1986,Asia,5.029,56.76,1970967
Mongolia,1987,Asia,4.829,57.12,2022803
Mongolia,1988,Asia,4.647,57.51,2076326
Mongolia,1989,Asia,4.42,58.13,2124190
Mongolia,1990,Asia,4.206,58.82,2164578
Mongolia,1991,Asia,3.858,59.82,2202772
Mongolia,1992,Asia,3.426,60.44,2239130
Mongolia,1993,Asia,3.017,60.83,2273515
Mongolia,1994,Asia,2.819,60.85,2305743
Mongolia,1995,Asia,2.736,60.89,2335717
Mongolia,1996,Asia,2.621,61.0,2363469
Mongolia,1997,Asia,2.477,61.44,2389133
Mongolia,1998,Asia,2.358,62.12,2412793
Mongolia,1999,Asia,2.297,62.84,2434041
Mongolia,2000,Asia,2.255,63.46,2455182
Mongolia,2001,Asia,2.194,63.81,2477704
Mongolia,2002,Asia,2.103,63.99,2500074
Mongolia,2003,Asia,2.019,64.14,2521809
Mongolia,2004,Asia,1.983,64.34,2542801
Mongolia,2005,Asia,1.99,64.81,2563466
Mongolia,2006,Asia,2.116,65.57,2584761
Mongolia,2007,Asia,2.321,66.47,2607976
Mongolia,2008,Asia,2.532,67.09,2634431
Mongolia,2009,Asia,2.625,67.17,2665333
Mongolia,2010,Asia,2.521,67.1,2701739
Mongolia,2011,Asia,2.595,67.17,2745183
Mongolia,2012,Asia,2.739,67.61,2795463
Mongolia,2013,Asia,2.94,68.21,2851887
Mongolia,2014,Asia,2.996,68.74,2913041
Mongolia,2015,Asia,3.01,69.24,2976528
Mongolia,2016,Asia,2.957,69.74,3040815
Mongolia,2017,Asia,2.891,70.17,3104371
Mongolia,2018,Asia,2.923,70.57,3167714
Mongolia,2019,Asia,3.008,70.66,3232118
Mongolia,2020,Asia,2.949,70.03,3290786
Mongolia,2021,Asia,2.835,68.56,3339676
Mongolia,2022,Asia,2.746,71.5,3386015
Mongolia,2023,Asia,2.685,71.73,3431938
Mongolia,2024,Asia,2.653,71.98,3475541
Mongolia,2025,Asia,2.62,72.24,3517097
Mozambique,1950,Africa,5.997,37.33,5910234
Mozambique,1951,Africa,6.03,37.73,5978159
Mozambique,1952,Africa,6.064,38.1,6050766
Mozambique,1953,Africa,6.086,38.51,6123119
Mozambique,1954,Africa,6.116,38.87,6196983
Mozambique,1955,Africa,6.141,39.27,6274475
Mozambique,1956,Africa,6.166,39.59,6355040
Mozambique,1957,Africa,6.175,40.06,6438186
Mozambique,1958,Africa,6.189,40.47,6521557
Mozambique,1959,Africa,6.252,40.88,6610404
Mozambique,1960,Africa,6.312,41.2,6713698
Mozambique,1961,Africa,6.366,41.5,6834938
Mozambique,1962,Africa,6.424,41.76,6969369
Mozambique,1963,Africa,6.474,41.96,7109827
Mozambique,1964,Africa,6.513,41.66,7255064
Mozambique,1965,Africa,6.544,41.79,7406419
Mozambique,1966,Africa,6.577,41.84,7562991
Mozambique,1967,Africa,6.607,41.95,7724556
Mozambique,1968,Africa,6.646,42.1,7892610
Mozambique,1969,Africa,6.672,42.27,8066952
Mozambique,1970,Africa,6.699,42.46,8250504
Mozambique,1971,Africa,6.701,42.58,8456324
Mozambique,1972,Africa,6.701,42.52,8692931
Mozambique,1973,Africa,6.698,42.72,8954248
Mozambique,1974,Africa,6.671,43.21,9236094
Mozambique,1975,Africa,6.659,43.82,9540822
Mozambique,1976,Africa,6.641,43.92,9867205
Mozambique,1977,Africa,6.617,43.92,10224974
Mozambique,1978,Africa,6.592,43.96,10618247
Mozambique,1979,Africa,6.564,43.91,11028809
Mozambique,1980,Africa,6.53,43.99,11336220
Mozambique,1981,Africa,6.48,41.64,11568123
Mozambique,1982,Africa,6.43,41.68,11824371
Mozambique,1983,Africa,6.434,41.6,12073825
Mozambique,1984,Africa,6.438,38.9,12315953
Mozambique,1985,Africa,6.43,38.98,12548951
Mozambique,1986,Africa,6.413,40.95,12770581
Mozambique,1987,Africa,6.393,41.0,12822573
Mozambique,1988,Africa,6.367,43.69,12800556
Mozambique,1989,Africa,6.348,43.89,12906842
Mozambique,1990,Africa,6.319,44.34,13094535
Mozambique,1991,Africa,6.276,44.7,13352091
Mozambique,1992,Africa,6.218,45.09,13613314
Mozambique,1993,Africa,6.153,45.67,14051203
Mozambique,1994,Africa,6.082,46.09,15033852
Mozambique,1995,Africa,6.019,46.55,15960530
Mozambique,1996,Africa,5.973,47.12,16492484
Mozambique,1997,Africa,5.933,47.8,16949988
Mozambique,1998,Africa,5.905,48.21,17340463
Mozambique,1999,Africa,5.875,48.84,17734499
Mozambique,2000,Africa,5.83,49.48,18129652
Mozambique,2001,Africa,5.755,50.26,18537735
Mozambique,2002,Africa,5.667,50.88,18958338
Mozambique,2003,Africa,5.6,51.38,19392477
Mozambique,2004,Africa,5.551,51.85,19840312
Mozambique,2005,Africa,5.5,52.32,20304577
Mozambique,2006,Africa,5.452,52.75,20787088
Mozambique,2007,Africa,5.466,53.26,21287638
Mozambique,2008,Africa,5.598,53.8,21819037
Mozambique,2009,Africa,5.681,54.4,22391751
Mozambique,2010,Africa,5.66,55.04,22999234
Mozambique,2011,Africa,5.599,55.73,23649045
Mozambique,2012,Africa,5.518,56.46,24337849
Mozambique,2013,Africa,5.43,57.19,25051613
Mozambique,2014,Africa,5.304,57.97,25788473
Mozambique,2015,Africa,5.245,58.71,26547576
Mozambique,2016,Africa,5.188,59.45,27337107
Mozambique,2017,Africa,5.128,60.15,28166397
Mozambique,2018,Africa,5.07,60.79,29018647
Mozambique,2019,Africa,5.016,61.31,29884378
Mozambique,2020,Africa,4.959,61.39,30783685
Mozambique,2021,Africa,4.905,60.27,31707798
Mozambique,2022,Africa,4.84,63.01,32656242
Mozambique,2023,Africa,4.763,63.61,33635163
Mozambique,2024,Africa,4.706,63.8,34631767
Mozambique,2025,Africa,4.65,63.97,35631657
Mauritania,1950,Africa,5.791,38.38,657722
Mauritania,1951,Africa,5.809,38.85,670891
Mauritania,1952,Africa,5.825,39.2,684812
Mauritania,1953,Africa,5.847,39.6,699392
Mauritania,1954,Africa,5.874,40.14,714679
Mauritania,1955,Africa,5.923,40.58,730730
Mauritania,1956,Africa,5.964,41.14,747615
Mauritania,1957,Africa,6.004,41.74,765353
Mauritania,1958,Africa,6.05,42.3,783999
Mauritania,1959,Africa,6.092,42.89,803611
Mauritania,1960,Africa,6.149,43.61,824307
Mauritania,1961,Africa,6.199,44.31,846174
Mauritania,1962,Africa,6.244,45.05,869192
Mauritania,1963,Africa,6.312,45.79,893425
Mauritania,1964,Africa,6.37,46.58,918957
Mauritania,1965,Africa,6.444,47.36,945847
Mauritania,1966,Africa,6.516,48.13,974159
Mauritania,1967,Africa,6.568,48.89,1003858
Mauritania,1968,Africa,6.603,49.51,1034748
Mauritania,1969,Africa,6.643,50.09,1066763
Mauritania,1970,Africa,6.677,50.54,1099815
Mauritania,1971,Africa,6.696,50.76,1133708
Mauritania,1972,Africa,6.706,51.04,1168359
Mauritania,1973,Africa,6.718,51.22,1203840
Mauritania,1974,Africa,6.73,51.43,1240193
Mauritania,1975,Africa,6.713,51.57,1277335
Mauritania,1976,Africa,6.727,51.77,1315341
Mauritania,1977,Africa,6.736,52.0,1353771
Mauritania,1978,Africa,6.727,52.35,1392716
Mauritania,1979,Africa,6.702,52.76,1432762
Mauritania,1980,Africa,6.671,53.2,1474046
Mauritania,1981,Africa,6.635,53.68,1516883
Mauritania,1982,Africa,6.588,54.23,1561183
Mauritania,1983,Africa,6.541,54.58,1606748
Mauritania,1984,Africa,6.483,55.2,1653696
Mauritania,1985,Africa,6.423,55.81,1702110
Mauritania,1986,Africa,6.343,56.32,1751843
Mauritania,1987,Africa,6.271,56.96,1803016
Mauritania,1988,Africa,6.213,57.48,1855862
Mauritania,1989,Africa,6.195,57.7,1903059
Mauritania,1990,Africa,6.175,58.09,1951881
Mauritania,1991,Africa,6.157,58.29,2009739
Mauritania,1992,Africa,6.126,58.57,2088143
Mauritania,1993,Africa,6.093,58.73,2174333
Mauritania,1994,Africa,6.058,58.76,2249462
Mauritania,1995,Africa,5.962,58.86,2312027
Mauritania,1996,Africa,5.861,58.91,2358193
Mauritania,1997,Africa,5.743,59.42,2411316
Mauritania,1998,Africa,5.623,59.89,2474650
Mauritania,1999,Africa,5.524,60.44,2541700
Mauritania,2000,Africa,5.456,61.04,2613450
Mauritania,2001,Africa,5.407,61.66,2678766
Mauritania,2002,Africa,5.373,62.25,2738659
Mauritania,2003,Africa,5.364,62.8,2802050
Mauritania,2004,Africa,5.374,63.37,2868671
Mauritania,2005,Africa,5.376,63.92,2939060
Mauritania,2006,Africa,5.404,64.49,3013659
Mauritania,2007,Africa,5.426,64.89,3093065
Mauritania,2008,Africa,5.436,65.23,3183276
Mauritania,2009,Africa,5.406,65.48,3284454
Mauritania,2010,Africa,5.384,65.66,3390968
Mauritania,2011,Africa,5.38,65.75,3502813
Mauritania,2012,Africa,5.352,65.81,3619035
Mauritania,2013,Africa,5.317,65.89,3734324
Mauritania,2014,Africa,5.261,66.21,3848511
Mauritania,2015,Africa,5.211,66.5,3965959
Mauritania,2016,Africa,5.157,66.82,4086655
Mauritania,2017,Africa,5.106,67.09,4210603
Mauritania,2018,Africa,5.044,67.42,4337685
Mauritania,2019,Africa,4.984,67.64,4467714
Mauritania,2020,Africa,4.912,66.79,4600136
Mauritania,2021,Africa,4.848,66.76,4734874
Mauritania,2022,Africa,4.77,68.28,4875644
Mauritania,2023,Africa,4.697,68.48,5022442
Mauritania,2024,Africa,4.638,68.71,5169403
Mauritania,2025,Africa,4.58,68.94,5315072
Mauritius,1950,Africa,6.027,51.94,525560
Mauritius,1951,Africa,6.026,52.47,541172
Mauritius,1952,Africa,5.969,52.1,557187
Mauritius,1953,Africa,5.893,51.51,571925
Mauritius,1954,Africa,5.848,52.22,585487
Mauritius,1955,Africa,5.832,53.77,599593
Mauritius,1956,Africa,5.814,55.07,614565
Mauritius,1957,Africa,5.836,55.68,630414
Mauritius,1958,Africa,5.862,56.39,647158
Mauritius,1959,Africa,5.876,57.4,664841
Mauritius,1960,Africa,5.897,58.4,680332
Mauritius,1961,Africa,5.982,59.54,692533
Mauritius,1962,Africa,5.877,60.46,705283
Mauritius,1963,Africa,6.18,61.15,720357
Mauritius,1964,Africa,5.956,61.52,736546
Mauritius,1965,Africa,5.508,62.07,752668
Mauritius,1966,Africa,5.46,62.11,768652
Mauritius,1967,Africa,4.626,61.72,784260
Mauritius,1968,Africa,4.596,62.1,799288
Mauritius,1969,Africa,3.965,62.7,813740
Mauritius,1970,Africa,3.82,63.69,827700
Mauritius,1971,Africa,3.508,63.84,841116
Mauritius,1972,Africa,3.407,63.8,853610
Mauritius,1973,Africa,3.071,64.25,865153
Mauritius,1974,Africa,3.453,64.22,876473
Mauritius,1975,Africa,3.197,64.37,888031
Mauritius,1976,Africa,3.129,64.03,899858
Mauritius,1977,Africa,3.071,64.83,912153
Mauritius,1978,Africa,3.011,65.26,925287
Mauritius,1979,Africa,2.914,66.02,939395
Mauritius,1980,Africa,2.803,66.51,954221
Mauritius,1981,Africa,2.666,67.22,969222
Mauritius,1982,Africa,2.534,67.95,983609
Mauritius,1983,Africa,2.396,68.41,997375
Mauritius,1984,Africa,2.233,68.64,1011247
Mauritius,1985,Africa,2.054,68.72,1025066
Mauritius,1986,Africa,1.947,68.89,1038348
Mauritius,1987,Africa,2.003,69.19,1051115
Mauritius,1988,Africa,2.097,69.44,1063596
Mauritius,1989,Africa,2.209,69.53,1075985
Mauritius,1990,Africa,2.296,69.77,1089033
Mauritius,1991,Africa,2.293,70.05,1103050
Mauritius,1992,Africa,2.359,70.21,1117676
Mauritius,1993,Africa,2.312,70.36,1132397
Mauritius,1994,Africa,2.243,70.42,1146559
Mauritius,1995,Africa,2.138,70.6,1159824
Mauritius,1996,Africa,2.116,70.52,1172390
Mauritius,1997,Africa,2.031,70.68,1184304
Mauritius,1998,Africa,1.911,70.89,1195111
Mauritius,1999,Africa,2.031,71.39,1205903
Mauritius,2000,Africa,1.976,71.76,1216632
Mauritius,2001,Africa,1.895,71.98,1225807
Mauritius,2002,Africa,1.916,72.06,1234090
Mauritius,2003,Africa,1.871,72.31,1242094
Mauritius,2004,Africa,1.871,72.55,1249799
Mauritius,2005,Africa,1.824,72.64,1257215
Mauritius,2006,Africa,1.714,72.78,1263785
Mauritius,2007,Africa,1.672,72.89,1269522
Mauritius,2008,Africa,1.602,73.12,1274635
Mauritius,2009,Africa,1.528,73.26,1278976
Mauritius,2010,Africa,1.495,73.65,1282710
Mauritius,2011,Africa,1.482,74.07,1286270
Mauritius,2012,Africa,1.479,74.33,1289174
Mauritius,2013,Africa,1.419,74.43,1290988
Mauritius,2014,Africa,1.371,74.61,1292006
Mauritius,2015,Africa,1.319,74.67,1292283
Mauritius,2016,Africa,1.352,74.85,1291807
Mauritius,2017,Africa,1.395,75.02,1290654
Mauritius,2018,Africa,1.365,74.49,1288836
Mauritius,2019,Africa,1.351,74.18,1286269
Mauritius,2020,Africa,1.387,74.66,1283231
Mauritius,2021,Africa,1.353,72.9,1279628
Mauritius,2022,Africa,1.27,73.54,1276134
Mauritius,2023,Africa,1.241,74.93,1273591
Mauritius,2024,Africa,1.227,75.1,1271171
Mauritius,2025,Africa,1.214,75.27,1268285
Malawi,1950,Africa,6.824,32.66,2950299
Malawi,1951,Africa,6.836,32.82,3002886
Malawi,1952,Africa,6.845,32.98,3059382
Malawi,1953,Africa,6.853,33.16,3119242
Malawi,1954,Africa,6.805,33.35,3181539
Malawi,1955,Africa,6.843,33.58,3246543
Malawi,1956,Africa,6.886,33.85,3315299
Malawi,1957,Africa,6.923,34.11,3387745
Malawi,1958,Africa,6.965,34.44,3463947
Malawi,1959,Africa,7.01,34.76,3544167
Malawi,1960,Africa,7.042,34.99,3628136
Malawi,1961,Africa,7.067,35.23,3715543
Malawi,1962,Africa,7.095,35.45,3806310
Malawi,1963,Africa,7.127,35.64,3900513
Malawi,1964,Africa,7.114,35.68,3997309
Malawi,1965,Africa,7.126,35.74,4096158
Malawi,1966,Africa,7.174,35.83,4197929
Malawi,1967,Africa,7.213,35.94,4303018
Malawi,1968,Africa,7.262,36.09,4411055
Malawi,1969,Africa,7.274,36.3,4521184
Malawi,1970,Africa,7.295,36.64,4633949
Malawi,1971,Africa,7.311,37.09,4751441
Malawi,1972,Africa,7.326,37.61,4874479
Malawi,1973,Africa,7.338,38.35,5003935
Malawi,1974,Africa,7.344,39.2,5141342
Malawi,1975,Africa,7.359,40.08,5287371
Malawi,1976,Africa,7.387,41.02,5443390
Malawi,1977,Africa,7.408,41.98,5614993
Malawi,1978,Africa,7.434,43.0,5810135
Malawi,1979,Africa,7.465,43.7,6028750
Malawi,1980,Africa,7.518,44.33,6265529
Malawi,1981,Africa,7.493,44.72,6516460
Malawi,1982,Africa,7.451,44.84,6778885
Malawi,1983,Africa,7.361,44.97,7051707
Malawi,1984,Africa,7.265,44.81,7332811
Malawi,1985,Africa,7.17,44.57,7620509
Malawi,1986,Africa,7.069,44.3,7906485
Malawi,1987,Africa,6.97,43.9,8293173
Malawi,1988,Africa,6.876,43.57,8753265
Malawi,1989,Africa,6.803,43.52,9176223
Malawi,1990,Africa,6.74,43.58,9545860
Malawi,1991,Africa,6.681,43.54,9844228
Malawi,1992,Africa,6.63,43.64,10135082
Malawi,1993,Africa,6.573,43.65,10284027
Malawi,1994,Africa,6.488,43.8,10164899
Malawi,1995,Africa,6.392,43.8,10150122
Malawi,1996,Africa,6.285,44.01,10352227
Malawi,1997,Africa,6.231,44.2,10562035
Malawi,1998,Africa,6.205,44.3,10792877
Malawi,1999,Africa,6.124,45.06,11047812
Malawi,2000,Africa,6.002,46.17,11315947
Malawi,2001,Africa,5.943,47.2,11593057
Malawi,2002,Africa,5.903,48.18,11880443
Malawi,2003,Africa,5.875,49.6,12181575
Malawi,2004,Africa,5.864,51.07,12500736
Malawi,2005,Africa,5.848,52.47,12840034
Malawi,2006,Africa,5.802,53.65,13198699
Malawi,2007,Africa,5.724,54.69,13576344
Malawi,2008,Africa,5.609,55.72,13976415
Malawi,2009,Africa,5.453,56.71,14395788
Malawi,2010,Africa,5.263,57.79,14826466
Malawi,2011,Africa,5.083,58.86,15265026
Malawi,2012,Africa,4.902,59.87,15709577
Malawi,2013,Africa,4.759,60.82,16161816
Malawi,2014,Africa,4.569,61.65,16621534
Malawi,2015,Africa,4.384,62.32,17085587
Malawi,2016,Africa,4.216,63.16,17557741
Malawi,2017,Africa,4.113,63.91,18039714
Malawi,2018,Africa,4.021,64.46,18528086
Malawi,2019,Africa,3.952,65.0,19025748
Malawi,2020,Africa,3.877,65.22,19533885
Malawi,2021,Africa,3.791,64.78,20047264
Malawi,2022,Africa,3.72,66.04,20568731
Malawi,2023,Africa,3.648,67.35,21104480
Malawi,2024,Africa,3.593,67.56,21655288
Malawi,2025,Africa,3.539,67.74,22216118
Malaysia,1950,Asia,6.429,48.49,6098285
Malaysia,1951,Asia,6.428,49.22,6257415
Malaysia,1952,Asia,6.426,50.15,6422851
Malaysia,1953,Asia,6.437,51.13,6593945
Malaysia,1954,Asia,6.448,51.98,6772374
Malaysia,1955,Asia,6.452,52.84,6959959
Malaysia,1956,Asia,6.461,53.67,7156627
Malaysia,1957,Asia,6.468,54.51,7362818
Malaysia,1958,Asia,6.456,55.41,7562886
Malaysia,1959,Asia,6.441,56.31,7755779
Malaysia,1960,Asia,6.412,57.17,7956201
Malaysia,1961,Asia,6.367,58.02,8164448
Malaysia,1962,Asia,6.296,58.85,8380174
Malaysia,1963,Asia,6.191,59.67,8602166
Malaysia,1964,Asia,6.03,60.45,8828416
Malaysia,1965,Asia,5.836,61.14,9056415
Malaysia,1966,Asia,5.635,61.68,9284693
Malaysia,1967,Asia,5.433,62.04,9507107
Malaysia,1968,Asia,5.291,62.44,9725283
Malaysia,1969,Asia,5.159,62.87,9947604
Malaysia,1970,Asia,5.035,63.3,10178802
Malaysia,1971,Asia,4.924,63.77,10423466
Malaysia,1972,Asia,4.822,64.23,10676839
Malaysia,1973,Asia,4.727,64.72,10935622
Malaysia,1974,Asia,4.619,65.2,11200903
Malaysia,1975,Asia,4.501,65.7,11471914
Malaysia,1976,Asia,4.398,66.23,11750093
Malaysia,1977,Asia,4.282,66.72,12035716
Malaysia,1978,Asia,4.179,67.17,12328158
Malaysia,1979,Asia,4.091,67.61,12627866
Malaysia,1980,Asia,4.035,68.06,12983365
Malaysia,1981,Asia,4.002,68.46,13399206
Malaysia,1982,Asia,3.967,68.88,13832796
Malaysia,1983,Asia,3.928,69.2,14285914
Malaysia,1984,Asia,3.885,69.55,14759013
Malaysia,1985,Asia,3.804,69.86,15252262
Malaysia,1986,Asia,3.699,70.13,15760425
Malaysia,1987,Asia,3.565,70.35,16276735
Malaysia,1988,Asia,3.502,70.55,16796612
Malaysia,1989,Asia,3.313,70.76,17315003
Malaysia,1990,Asia,3.304,70.95,17833179
Malaysia,1991,Asia,3.339,71.22,18342474
Malaysia,1992,Asia,3.373,71.48,18834569
Malaysia,1993,Asia,3.364,71.72,19322667
Malaysia,1994,Asia,3.346,71.86,19820446
Malaysia,1995,Asia,3.317,71.98,20330602
Malaysia,1996,Asia,3.297,72.12,20850085
Malaysia,1997,Asia,3.227,72.3,21375225
Malaysia,1998,Asia,3.12,72.39,21906713
Malaysia,1999,Asia,3.068,72.43,22435532
Malaysia,2000,Asia,2.942,72.73,22967817
Malaysia,2001,Asia,2.807,73.08,23526535
Malaysia,2002,Asia,2.658,73.47,24102477
Malaysia,2003,Asia,2.601,73.73,24679604
Malaysia,2004,Asia,2.493,74.03,25256773
Malaysia,2005,Asia,2.391,74.37,25836075
Malaysia,2006,Asia,2.308,74.7,26417909
Malaysia,2007,Asia,2.252,74.96,26998383
Malaysia,2008,Asia,2.262,75.15,27570052
Malaysia,2009,Asia,2.223,75.27,28124779
Malaysia,2010,Asia,2.144,75.38,28655772
Malaysia,2011,Asia,2.153,75.49,29162034
Malaysia,2012,Asia,2.117,75.55,29662835
Malaysia,2013,Asia,2.07,75.46,30174269
Malaysia,2014,Asia,2.058,75.34,30696133
Malaysia,2015,Asia,2.008,75.29,31232796
Malaysia,2016,Asia,1.942,75.37,31789692
Malaysia,2017,Asia,1.893,75.54,32355642
Malaysia,2018,Asia,1.838,75.73,32910963
Malaysia,2019,Asia,1.777,75.9,33440590
Malaysia,2020,Asia,1.68,76.06,33889554
Malaysia,2021,Asia,1.555,73.92,34282404
Malaysia,2022,Asia,1.55,75.44,34695494
Malaysia,2023,Asia,1.55,76.66,35126295
Malaysia,2024,Asia,1.527,76.82,35557670
Malaysia,2025,Asia,1.504,76.99,35977834
Namibia,1950,Africa,5.614,41.95,514598
Namibia,1951,Africa,5.677,42.5,520398
Namibia,1952,Africa,5.743,43.15,526639
Namibia,1953,Africa,5.807,43.75,533236
Namibia,1954,Africa,5.87,44.43,540017
Namibia,1955,Africa,5.935,45.05,547091
Namibia,1956,Africa,5.997,45.7,554566
Namibia,1957,Africa,6.06,46.38,562592
Namibia,1958,Africa,6.132,47.11,571341
Namibia,1959,Africa,6.186,47.79,580927
Namibia,1960,Africa,6.243,48.53,591473
Namibia,1961,Africa,6.293,49.24,603074
Namibia,1962,Africa,6.35,49.97,615760
Namibia,1963,Africa,6.408,50.64,629592
Namibia,1964,Africa,6.428,51.35,644539
Namibia,1965,Africa,6.445,52.0,660568
Namibia,1966,Africa,6.472,52.3,677663
Namibia,1967,Africa,6.485,52.93,696051
Namibia,1968,Africa,6.502,53.55,715551
Namibia,1969,Africa,6.508,54.13,736125
Namibia,1970,Africa,6.52,54.69,757876
Namibia,1971,Africa,6.521,55.29,780588
Namibia,1972,Africa,6.533,55.84,804411
Namibia,1973,Africa,6.54,56.42,828932
Namibia,1974,Africa,6.552,56.94,854325
Namibia,1975,Africa,6.533,57.55,881041
Namibia,1976,Africa,6.494,58.04,906574
Namibia,1977,Africa,6.441,58.59,931118
Namibia,1978,Africa,6.384,59.11,947277
Namibia,1979,Africa,6.314,59.52,962826
Namibia,1980,Africa,6.238,56.57,981440
Namibia,1981,Africa,6.159,56.91,992508
Namibia,1982,Africa,6.078,57.34,1010315
Namibia,1983,Africa,5.995,57.64,1037519
Namibia,1984,Africa,5.94,58.1,1065996
Namibia,1985,Africa,5.877,58.47,1096896
Namibia,1986,Africa,5.793,58.73,1131083
Namibia,1987,Africa,5.699,59.12,1167898
Namibia,1988,Africa,5.609,59.03,1209700
Namibia,1989,Africa,5.517,60.77,1288956
Namibia,1990,Africa,5.398,61.36,1369309
Namibia,1991,Africa,5.29,60.83,1415689
Namibia,1992,Africa,5.107,60.16,1461324
Namibia,1993,Africa,4.905,59.26,1508698
Namibia,1994,Africa,4.676,58.44,1556315
Namibia,1995,Africa,4.417,57.52,1602181
Namibia,1996,Africa,4.201,56.64,1646107
Namibia,1997,Africa,4.166,55.84,1689274
Namibia,1998,Africa,4.176,54.77,1732747
Namibia,1999,Africa,4.138,53.98,1776371
Namibia,2000,Africa,3.991,52.95,1818650
Namibia,2001,Africa,3.827,51.98,1857059
Namibia,2002,Africa,3.693,51.99,1889976
Namibia,2003,Africa,3.58,51.92,1917469
Namibia,2004,Africa,3.545,52.17,1942087
Namibia,2005,Africa,3.571,52.56,1966581
Namibia,2006,Africa,3.601,53.18,1991890
Namibia,2007,Africa,3.608,54.03,2018607
Namibia,2008,Africa,3.616,54.74,2047059
Namibia,2009,Africa,3.633,55.35,2077400
Namibia,2010,Africa,3.657,56.09,2109815
Namibia,2011,Africa,3.658,56.65,2146331
Namibia,2012,Africa,3.676,57.73,2194656
Namibia,2013,Africa,3.653,58.47,2252505
Namibia,2014,Africa,3.635,59.31,2312143
Namibia,2015,Africa,3.604,60.01,2374305
Namibia,2016,Africa,3.574,60.81,2439219
Namibia,2017,Africa,3.511,61.66,2506854
Namibia,2018,Africa,3.462,62.58,2577327
Namibia,2019,Africa,3.404,63.55,2650499
Namibia,2020,Africa,3.349,64.07,2728760
Namibia,2021,Africa,3.303,60.85,2810552
Namibia,2022,Africa,3.248,64.19,2889668
Namibia,2023,Africa,3.212,67.39,2963102
Namibia,2024,Africa,3.168,67.52,3030127
Namibia,2025,Africa,3.125,67.66,3092821
Niger,1950,Africa,7.559,35.9,2597818
Niger,1951,Africa,7.558,35.9,2684753
Niger,1952,Africa,7.56,35.91,2771894
Niger,1953,Africa,7.552,35.93,2859196
Niger,1954,Africa,7.554,35.95,2946889
Niger,1955,Africa,7.551,35.97,3035284
Niger,1956,Africa,7.542,36.04,3124754
Niger,1957,Africa,7.542,36.08,3215845
Niger,1958,Africa,7.542,36.09,3309227
Niger,1959,Africa,7.528,36.14,3405469
Niger,1960,Africa,7.53,36.19,3505056
Niger,1961,Africa,7.512,36.29,3608172
Niger,1962,Africa,7.501,36.32,3714521
Niger,1963,Africa,7.489,36.44,3823879
Niger,1964,Africa,7.48,36.46,3935821
Niger,1965,Africa,7.466,36.4,4049700
Niger,1966,Africa,7.481,36.33,4165551
Niger,1967,Africa,7.49,36.24,4283594
Niger,1968,Africa,7.497,36.13,4403640
Niger,1969,Africa,7.506,36.0,4525724
Niger,1970,Africa,7.514,35.92,4650272
Niger,1971,Africa,7.518,35.29,4776227
Niger,1972,Africa,7.523,35.81,4904847
Niger,1973,Africa,7.529,35.94,5037868
Niger,1974,Africa,7.539,36.2,5174956
Niger,1975,Africa,7.539,36.57,5317022
Niger,1976,Africa,7.563,37.1,5464963
Niger,1977,Africa,7.595,37.69,5619722
Niger,1978,Africa,7.662,38.27,5782939
Niger,1979,Africa,7.722,38.89,5955557
Niger,1980,Africa,7.782,39.34,6135968
Niger,1981,Africa,7.822,39.64,6322011
Niger,1982,Africa,7.862,39.84,6512733
Niger,1983,Africa,7.902,39.98,6708646
Niger,1984,Africa,7.921,39.99,6909974
Niger,1985,Africa,7.932,40.12,7118457
Niger,1986,Africa,7.904,40.25,7335814
Niger,1987,Africa,7.871,40.47,7561154
Niger,1988,Africa,7.841,40.79,7793752
Niger,1989,Africa,7.818,41.19,8034782
Niger,1990,Africa,7.806,41.73,8286066
Niger,1991,Africa,7.798,42.29,8546900
Niger,1992,Africa,7.795,43.06,8817633
Niger,1993,Africa,7.79,43.84,9100789
Niger,1994,Africa,7.786,44.59,9398266
Niger,1995,Africa,7.776,45.5,9714537
Niger,1996,Africa,7.78,46.31,10044848
Niger,1997,Africa,7.802,47.1,10383977
Niger,1998,Africa,7.84,47.81,10741416
Niger,1999,Africa,7.84,48.48,11117414
Niger,2000,Africa,7.829,49.17,11509634
Niger,2001,Africa,7.81,49.87,11920648
Niger,2002,Africa,7.797,50.65,12349150
Niger,2003,Africa,7.789,51.55,12796979
Niger,2004,Africa,7.777,52.4,13265843
Niger,2005,Africa,7.769,53.32,13756192
Niger,2006,Africa,7.744,54.22,14268583
Niger,2007,Africa,7.726,55.06,14803604
Niger,2008,Africa,7.702,55.85,15361921
Niger,2009,Africa,7.679,56.49,15943673
Niger,2010,Africa,7.64,57.08,16548833
Niger,2011,Africa,7.592,57.6,17176286
Niger,2012,Africa,7.527,57.99,17836770
Niger,2013,Africa,7.445,58.36,18519899
Niger,2014,Africa,7.342,58.69,19215917
Niger,2015,Africa,7.215,58.85,19939496
Niger,2016,Africa,7.043,59.23,20685758
Niger,2017,Africa,6.874,59.52,21435449
Niger,2018,Africa,6.706,59.77,22188074
Niger,2019,Africa,6.537,60.03,22947765
Niger,2020,Africa,6.369,59.89,23717615
Niger,2021,Africa,6.2,59.54,24502145
Niger,2022,Africa,6.135,60.4,25311978
Niger,2023,Africa,6.061,61.18,26159863
Niger,2024,Africa,5.97,61.43,27032417
Niger,2025,Africa,5.881,61.66,27917831
Nigeria,1950,Africa,6.419,35.53,37283019
Nigeria,1951,Africa,6.415,35.72,37994083
Nigeria,1952,Africa,6.391,35.88,38716210
Nigeria,1953,Africa,6.396,36.04,39439813
Nigeria,1954,Africa,6.396,36.24,40176326
Nigeria,1955,Africa,6.402,36.34,40935638
Nigeria,1956,Africa,6.409,36.48,41716059
Nigeria,1957,Africa,6.404,36.62,42517478
Nigeria,1958,Africa,6.386,36.83,43324654
Nigeria,1959,Africa,6.375,37.03,44161685
Nigeria,1960,Africa,6.364,37.21,45053787
Nigeria,1961,Africa,6.353,37.43,45989313
Nigeria,1962,Africa,6.356,37.61,46965299
Nigeria,1963,Africa,6.349,37.81,47973576
Nigeria,1964,Africa,6.362,37.98,49012023
Nigeria,1965,Africa,6.367,38.22,50086762
Nigeria,1966,Africa,6.386,38.35,51188240
Nigeria,1967,Africa,6.401,37.5,52293065
Nigeria,1968,Africa,6.42,38.64,53432785
Nigeria,1969,Africa,6.438,38.95,54631917
Nigeria,1970,Africa,6.466,40.01,55893836
Nigeria,1971,Africa,6.532,40.61,57214688
Nigeria,1972,Africa,6.579,41.27,58601749
Nigeria,1973,Africa,6.633,41.83,60082138
Nigeria,1974,Africa,6.703,42.49,61679153
Nigeria,1975,Africa,6.773,43.05,63410821
Nigeria,1976,Africa,6.806,44.19,65258000
Nigeria,1977,Africa,6.862,44.85,67234590
Nigeria,1978,Africa,6.921,45.35,69326531
Nigeria,1979,Africa,6.887,45.74,71498241
Nigeria,1980,Africa,6.847,45.96,73764641
Nigeria,1981,Africa,6.82,46.31,76068116
Nigeria,1982,Africa,6.799,46.44,78378699
Nigeria,1983,Africa,6.775,46.44,80438257
Nigeria,1984,Africa,6.701,46.34,82526444
Nigeria,1985,Africa,6.616,46.19,84897973
Nigeria,1986,Africa,6.557,45.95,87235959
Nigeria,1987,Africa,6.504,45.89,89591718
Nigeria,1988,Africa,6.498,45.83,92020088
Nigeria,1989,Africa,6.494,45.83,94531022
Nigeria,1990,Africa,6.459,45.73,97120926
Nigeria,1991,Africa,6.426,45.48,99720161
Nigeria,1992,Africa,6.391,45.59,102372779
Nigeria,1993,Africa,6.354,45.78,105122075
Nigeria,1994,Africa,6.319,45.75,107935717
Nigeria,1995,Africa,6.273,45.87,110819430
Nigeria,1996,Africa,6.217,45.83,113754783
Nigeria,1997,Africa,6.138,45.96,116754790
Nigeria,1998,Africa,6.069,46.15,119846261
Nigeria,1999,Africa,6.082,46.61,123047324
Nigeria,2000,Africa,6.124,47.14,126382490
Nigeria,2001,Africa,6.128,47.55,129862594
Nigeria,2002,Africa,6.116,48.02,133471995
Nigeria,2003,Africa,6.1,48.62,137202646
Nigeria,2004,Africa,6.09,49.15,141057045
Nigeria,2005,Africa,6.063,49.54,145017256
Nigeria,2006,Africa,6.053,49.88,149077335
Nigeria,2007,Africa,6.027,50.38,153267254
Nigeria,2008,Africa,6.024,50.75,157595014
Nigeria,2009,Africa,5.993,51.08,162049466
Nigeria,2010,Africa,5.948,51.31,166642888
Nigeria,2011,Africa,5.893,51.49,171379602
Nigeria,2012,Africa,5.797,51.69,176200627
Nigeria,2013,Africa,5.694,51.83,181049440
Nigeria,2014,Africa,5.622,51.94,185896917
Nigeria,2015,Africa,5.503,51.94,190671883
Nigeria,2016,Africa,5.343,52.19,195443698
Nigeria,2017,Africa,5.182,52.4,200254580
Nigeria,2018,Africa,5.021,52.67,204938752
Nigeria,2019,Africa,4.861,53.01,209485637
Nigeria,2020,Africa,4.7,53.07,213996185
Nigeria,2021,Africa,4.636,53.45,218529286
Nigeria,2022,Africa,4.552,54.08,223150906
Nigeria,2023,Africa,4.482,54.46,227882949
Nigeria,2024,Africa,4.415,54.63,232679482
Nigeria,2025,Africa,4.349,54.78,237527788
Nicaragua,1950,Americas,7.121,40.63,1331445
Nicaragua,1951,Americas,7.118,40.8,1369654
Nicaragua,1952,Americas,7.096,41.86,1409023
Nicaragua,1953,Americas,7.096,42.45,1449903
Nicaragua,1954,Americas,7.105,43.06,1492261
Nicaragua,1955,Americas,7.123,43.66,1536247
Nicaragua,1956,Americas,7.139,44.28,1581977
Nicaragua,1957,Americas,7.152,44.88,1629469
Nicaragua,1958,Americas,7.159,45.48,1678745
Nicaragua,1959,Americas,7.163,46.06,1729794
Nicaragua,1960,Americas,7.159,46.4,1782371
Nicaragua,1961,Americas,7.112,47.29,1836456
Nicaragua,1962,Americas,7.1,47.98,1892325
Nicaragua,1963,Americas,7.081,48.75,1950162
Nicaragua,1964,Americas,7.064,49.59,2010183
Nicaragua,1965,Americas,7.033,50.65,2072687
Nicaragua,1966,Americas,6.99,51.58,2137821
Nicaragua,1967,Americas,6.94,52.35,2205571
Nicaragua,1968,Americas,6.885,52.87,2275837
Nicaragua,1969,Americas,6.825,53.35,2348401
Nicaragua,1970,Americas,6.773,53.81,2423065
Nicaragua,1971,Americas,6.714,54.22,2499829
Nicaragua,1972,Americas,6.653,47.96,2573583
Nicaragua,1973,Americas,6.586,55.02,2649283
Nicaragua,1974,Americas,6.521,55.4,2732073
Nicaragua,1975,Americas,6.445,55.77,2816947
Nicaragua,1976,Americas,6.366,56.12,2903850
Nicaragua,1977,Americas,6.28,56.13,2992532
Nicaragua,1978,Americas,6.164,53.53,3080323
Nicaragua,1979,Americas,6.069,50.83,3164524
Nicaragua,1980,Americas,5.959,57.95,3252404
Nicaragua,1981,Americas,5.84,58.28,3345679
Nicaragua,1982,Americas,5.737,58.69,3438747
Nicaragua,1983,Americas,5.611,56.85,3530286
Nicaragua,1984,Americas,5.488,56.13,3619109
Nicaragua,1985,Americas,5.359,56.4,3706480
Nicaragua,1986,Americas,5.217,57.56,3794161
Nicaragua,1987,Americas,5.073,57.33,3882168
Nicaragua,1988,Americas,4.931,59.83,3972317
Nicaragua,1989,Americas,4.762,61.88,4066483
Nicaragua,1990,Americas,4.596,62.47,4162566
Nicaragua,1991,Americas,4.432,63.31,4259636
Nicaragua,1992,Americas,4.267,63.67,4357031
Nicaragua,1993,Americas,4.102,64.09,4453733
Nicaragua,1994,Americas,3.937,64.55,4549317
Nicaragua,1995,Americas,3.775,64.87,4642933
Nicaragua,1996,Americas,3.62,65.22,4729979
Nicaragua,1997,Americas,3.473,65.52,4809574
Nicaragua,1998,Americas,3.339,64.11,4883659
Nicaragua,1999,Americas,3.218,65.89,4954021
Nicaragua,2000,Americas,3.12,66.36,5022636
Nicaragua,2001,Americas,2.996,67.03,5087827
Nicaragua,2002,Americas,2.887,67.95,5149914
Nicaragua,2003,Americas,2.827,68.75,5210970
Nicaragua,2004,Americas,2.784,69.51,5272909
Nicaragua,2005,Americas,2.765,70.37,5342108
Nicaragua,2006,Americas,2.733,70.96,5418857
Nicaragua,2007,Americas,2.697,71.2,5497247
Nicaragua,2008,Americas,2.66,71.4,5576597
Nicaragua,2009,Americas,2.626,71.5,5656602
Nicaragua,2010,Americas,2.596,71.76,5737451
Nicaragua,2011,Americas,2.558,72.03,5819051
Nicaragua,2012,Americas,2.527,72.44,5901290
Nicaragua,2013,Americas,2.492,72.55,5983852
Nicaragua,2014,Americas,2.463,72.79,6066493
Nicaragua,2015,Americas,2.434,72.9,6149417
Nicaragua,2016,Americas,2.407,73.18,6232664
Nicaragua,2017,Americas,2.378,73.39,6316235
Nicaragua,2018,Americas,2.347,73.88,6400074
Nicaragua,2019,Americas,2.321,73.76,6483660
Nicaragua,2020,Americas,2.299,70.77,6565267
Nicaragua,2021,Americas,2.265,70.48,6644745
Nicaragua,2022,Americas,2.24,74.46,6730662
Nicaragua,2023,Americas,2.218,74.95,6823619
Nicaragua,2024,Americas,2.192,75.1,6916136
Nicaragua,2025,Americas,2.167,75.27,7007507
Netherlands,1950,Europe,3.104,71.44,10113759
Netherlands,1951,Europe,3.064,71.5,10264536
Netherlands,1952,Europe,3.094,72.12,10382295
Netherlands,1953,Europe,3.037,71.7,10493531
Netherlands,1954,Europe,3.027,72.39,10615733
Netherlands,1955,Europe,3.032,72.5,10751231
Netherlands,1956,Europe,3.052,72.53,10889767
Netherlands,1957,Europe,3.074,72.97,11026879
Netherlands,1958,Europe,3.103,73.14,11187365
Netherlands,1959,Europe,3.158,73.19,11348106
Netherlands,1960,Europe,3.118,73.35,11486909
Netherlands,1961,Europe,3.207,73.55,11639372
Netherlands,1962,Europe,3.17,73.22,11807553
Netherlands,1963,Europe,3.183,73.35,11969159
Netherlands,1964,Europe,3.153,73.74,12131887
Netherlands,1965,Europe,3.03,73.61,12301136
Netherlands,1966,Europe,2.896,73.55,12464283
Netherlands,1967,Europe,2.799,73.83,12607835
Netherlands,1968,Europe,2.707,73.64,12740851
Netherlands,1969,Europe,2.737,73.56,12890641
Netherlands,1970,Europe,2.573,73.63,13052082
Netherlands,1971,Europe,2.366,73.87,13208353
Netherlands,1972,Europe,2.152,73.78,13342780
Netherlands,1973,Europe,1.909,74.23,13453743
Netherlands,1974,Europe,1.774,74.61,13559671
Netherlands,1975,Europe,1.666,74.56,13680033
Netherlands,1976,Europe,1.629,74.67,13786641
Netherlands,1977,Europe,1.583,75.27,13868605
Netherlands,1978,Europe,1.582,75.17,13953922
Netherlands,1979,Europe,1.565,75.65,14050176
Netherlands,1980,Europe,1.596,75.77,14162686
Netherlands,1981,Europe,1.558,75.99,14262691
Netherlands,1982,Europe,1.494,76.06,14333902
Netherlands,1983,Europe,1.467,76.25,14396898
Netherlands,1984,Europe,1.488,76.33,14462809
Netherlands,1985,Europe,1.509,76.38,14538958
Netherlands,1986,Europe,1.548,76.36,14626488
Netherlands,1987,Europe,1.556,76.81,14724948
Netherlands,1988,Europe,1.545,77.0,14825915
Netherlands,1989,Europe,1.556,76.84,14921107
Netherlands,1990,Europe,1.614,77.01,15030886
Netherlands,1991,Europe,1.61,77.16,15155093
Netherlands,1992,Europe,1.588,77.36,15276787
Netherlands,1993,Europe,1.573,77.04,15389718
Netherlands,1994,Europe,1.569,77.52,15485453
Netherlands,1995,Europe,1.534,77.55,15565034
Netherlands,1996,Europe,1.53,77.56,15640032
Netherlands,1997,Europe,1.564,77.93,15723621
Netherlands,1998,Europe,1.628,78.0,15827109
Netherlands,1999,Europe,1.656,77.97,15940183
Netherlands,2000,Europe,1.721,78.13,16058757
Netherlands,2001,Europe,1.712,78.34,16182705
Netherlands,2002,Europe,1.729,78.41,16288060
Netherlands,2003,Europe,1.742,78.67,16366914
Netherlands,2004,Europe,1.722,79.24,16425562
Netherlands,2005,Europe,1.706,79.49,16465707
Netherlands,2006,Europe,1.715,79.85,16493851
Netherlands,2007,Europe,1.714,80.25,16531360
Netherlands,2008,Europe,1.764,80.39,16597259
Netherlands,2009,Europe,1.783,80.67,16684148
Netherlands,2010,Europe,1.787,80.83,16771232
Netherlands,2011,Europe,1.752,81.11,16851061
Netherlands,2012,Europe,1.716,81.06,16915191
Netherlands,2013,Europe,1.677,81.3,16967066
Netherlands,2014,Europe,1.704,81.65,17030085
Netherlands,2015,Europe,1.657,81.49,17107429
Netherlands,2016,Europe,1.658,81.56,17204693
Netherlands,2017,Europe,1.617,81.74,17315376
Netherlands,2018,Europe,1.585,81.78,17421285
Netherlands,2019,Europe,1.572,82.05,17537505
Netherlands,2020,Europe,1.545,81.39,17636732
Netherlands,2021,Europe,1.624,81.36,17730565
Netherlands,2022,Europe,1.514,81.91,17904421
Netherlands,2023,Europe,1.43,82.16,18092526
Netherlands,2024,Europe,1.409,82.3,18228740
Netherlands,2025,Europe,1.387,82.45,18346823
Norway,1950,Europe,2.523,71.59,3265199
Norway,1951,Europe,2.469,72.53,3295964
Norway,1952,Europe,2.578,72.65,3327839
Norway,1953,Europe,2.637,73.15,3361030
Norway,1954,Europe,2.671,73.21,3394397
Norway,1955,Europe,2.758,73.43,3428532
Norway,1956,Europe,2.829,73.49,3461074
Norway,1957,Europe,2.824,73.43,3491980
Norway,1958,Europe,2.865,73.42,3523007
Norway,1959,Europe,2.882,73.55,3552828
Norway,1960,Europe,2.847,73.56,3581119
Norway,1961,Europe,2.915,73.56,3609661
Norway,1962,Europe,2.894,73.46,3638841
Norway,1963,Europe,2.905,73.1,3666497
Norway,1964,Europe,2.962,73.61,3694319
Norway,1965,Europe,2.925,73.73,3723173
Norway,1966,Europe,2.891,74.01,3752788
Norway,1967,Europe,2.786,74.07,3784111
Norway,1968,Europe,2.751,73.94,3816089
Norway,1969,Europe,2.697,73.67,3847304
Norway,1970,Europe,2.512,74.07,3875351
Norway,1971,Europe,2.494,74.17,3902754
Norway,1972,Europe,2.39,74.35,3932913
Norway,1973,Europe,2.234,74.44,3960597
Norway,1974,Europe,2.134,74.76,3985283
Norway,1975,Europe,1.986,74.82,4007368
Norway,1976,Europe,1.867,75.05,4026219
Norway,1977,Europe,1.759,75.4,4043259
Norway,1978,Europe,1.771,75.43,4058668
Norway,1979,Europe,1.751,75.42,4072499
Norway,1980,Europe,1.722,75.67,4085603
Norway,1981,Europe,1.701,75.88,4099675
Norway,1982,Europe,1.706,76.02,4114742
Norway,1983,Europe,1.656,76.08,4128332
Norway,1984,Europe,1.657,76.25,4139970
Norway,1985,Europe,1.675,75.93,4152399
Norway,1986,Europe,1.707,76.25,4167252
Norway,1987,Europe,1.744,76.1,4186818
Norway,1988,Europe,1.841,76.27,4209470
Norway,1989,Europe,1.887,76.54,4226914
Norway,1990,Europe,1.932,76.59,4241440
Norway,1991,Europe,1.92,77.04,4261618
Norway,1992,Europe,1.888,77.25,4286255
Norway,1993,Europe,1.865,77.22,4311864
Norway,1994,Europe,1.869,77.77,4336467
Norway,1995,Europe,1.873,77.8,4358991
Norway,1996,Europe,1.892,78.23,4381137
Norway,1997,Europe,1.86,78.24,4404988
Norway,1998,Europe,1.82,78.41,4431308
Norway,1999,Europe,1.849,78.39,4461789
Norway,2000,Europe,1.854,78.69,4490864
Norway,2001,Europe,1.788,78.9,4513650
Norway,2002,Europe,1.757,78.96,4538016
Norway,2003,Europe,1.798,79.53,4564666
Norway,2004,Europe,1.828,79.97,4591739
Norway,2005,Europe,1.835,80.17,4623120
Norway,2006,Europe,1.899,80.44,4660487
Norway,2007,Europe,1.897,80.5,4709017
Norway,2008,Europe,1.951,80.68,4768097
Norway,2009,Europe,1.974,80.86,4828625
Norway,2010,Europe,1.941,81.04,4889160
Norway,2011,Europe,1.876,81.25,4952969
Norway,2012,Europe,1.847,81.45,5018453
Norway,2013,Europe,1.779,81.67,5080126
Norway,2014,Europe,1.754,82.09,5137397
Norway,2015,Europe,1.728,82.27,5189777
Norway,2016,Europe,1.705,82.42,5235974
Norway,2017,Europe,1.624,82.62,5276807
Norway,2018,Europe,1.566,82.76,5311751
Norway,2019,Europe,1.533,82.95,5347733
Norway,2020,Europe,1.482,83.19,5379275
Norway,2021,Europe,1.56,83.17,5408082
Norway,2022,Europe,1.415,82.63,5456796
Norway,2023,Europe,1.405,83.31,5519167
Norway,2024,Europe,1.384,83.46,5576656
Norway,2025,Europe,1.363,83.61,5623074
Nepal,1950,Asia,6.057,37.56,8396610
Nepal,1951,Asia,6.061,37.61,8572665
Nepal,1952,Asia,6.057,37.65,8747300
Nepal,1953,Asia,6.068,37.69,8918222
Nepal,1954,Asia,6.074,37.81,9087775
Nepal,1955,Asia,6.066,37.86,9257985
Nepal,1956,Asia,6.056,37.9,9427889
Nepal,1957,Asia,6.048,38.01,9598045
Nepal,1958,Asia,6.045,38.14,9766252
Nepal,1959,Asia,6.032,38.41,9938915
Nepal,1960,Asia,6.069,38.65,10123664
Nepal,1961,Asia,6.093,38.97,10318399
Nepal,1962,Asia,6.082,39.33,10521122
Nepal,1963,Asia,6.056,39.61,10729818
Nepal,1964,Asia,6.043,40.23,10946389
Nepal,1965,Asia,6.007,40.69,11173411
Nepal,1966,Asia,5.98,41.24,11408714
Nepal,1967,Asia,5.954,41.71,11652717
Nepal,1968,Asia,5.944,42.17,11906275
Nepal,1969,Asia,5.893,42.72,12167032
Nepal,1970,Asia,5.869,43.15,12436191
Nepal,1971,Asia,5.845,43.62,12710069
Nepal,1972,Asia,5.801,44.07,12989103
Nepal,1973,Asia,5.701,44.48,13275240
Nepal,1974,Asia,5.75,44.92,13568436
Nepal,1975,Asia,5.733,45.5,13870692
Nepal,1976,Asia,5.717,45.99,14177650
Nepal,1977,Asia,5.688,46.63,14499175
Nepal,1978,Asia,5.676,47.2,14839704
Nepal,1979,Asia,5.644,47.77,15190601
Nepal,1980,Asia,5.603,48.33,15553106
Nepal,1981,Asia,5.576,48.66,15922422
Nepal,1982,Asia,5.549,49.18,16297996
Nepal,1983,Asia,5.536,49.68,16689121
Nepal,1984,Asia,5.509,50.23,17085243
Nepal,1985,Asia,5.457,50.92,17477694
Nepal,1986,Asia,5.4,51.59,17868128
Nepal,1987,Asia,5.348,52.38,18250512
Nepal,1988,Asia,5.307,53.11,18638660
Nepal,1989,Asia,5.258,54.01,19057811
Nepal,1990,Asia,5.211,54.77,19524579
Nepal,1991,Asia,5.151,55.65,20036507
Nepal,1992,Asia,5.074,56.69,20609708
Nepal,1993,Asia,5.042,57.6,21180158
Nepal,1994,Asia,4.964,58.63,21717483
Nepal,1995,Asia,4.869,59.32,22245443
Nepal,1996,Asia,4.668,60.04,22741867
Nepal,1997,Asia,4.442,60.82,23219458
Nepal,1998,Asia,4.275,61.53,23680358
Nepal,1999,Asia,4.13,62.03,24125201
Nepal,2000,Asia,3.984,62.64,24546509
Nepal,2001,Asia,3.793,63.29,24946755
Nepal,2002,Asia,3.604,63.51,25328989
Nepal,2003,Asia,3.439,64.23,25688762
Nepal,2004,Asia,3.279,64.74,26016652
Nepal,2005,Asia,3.115,65.28,26309462
Nepal,2006,Asia,2.967,65.89,26565430
Nepal,2007,Asia,2.857,66.17,26788498
Nepal,2008,Asia,2.737,66.44,26990036
Nepal,2009,Asia,2.63,66.6,27173035
Nepal,2010,Asia,2.541,66.77,27341955
Nepal,2011,Asia,2.462,67.12,27464499
Nepal,2012,Asia,2.42,67.36,27534916
Nepal,2013,Asia,2.36,67.6,27589997
Nepal,2014,Asia,2.319,67.81,27672373
Nepal,2015,Asia,2.273,67.37,27823631
Nepal,2016,Asia,2.226,68.44,27955471
Nepal,2017,Asia,2.173,68.74,28011258
Nepal,2018,Asia,2.12,69.04,28079688
Nepal,2019,Asia,2.08,69.3,28414066
Nepal,2020,Asia,2.051,69.11,28966580
Nepal,2021,Asia,2.025,68.39,29475016
Nepal,2022,Asia,2.002,70.09,29715435
Nepal,2023,Asia,1.984,70.35,29694614
Nepal,2024,Asia,1.954,70.64,29651054
Nepal,2025,Asia,1.925,70.9,29618120
New Zealand,1950,Oceania,3.552,69.25,1911265
New Zealand,1951,Oceania,3.602,69.13,1951209
New Zealand,1952,Oceania,3.668,69.38,1997753
New Zealand,1953,Oceania,3.655,70.21,2047750
New Zealand,1954,Oceania,3.778,70.33,2095143
New Zealand,1955,Oceania,3.88,70.48,2139674
New Zealand,1956,Oceania,3.979,70.72,2184844
New Zealand,1957,Oceania,4.031,70.25,2233688
New Zealand,1958,Oceania,4.11,70.88,2284995
New Zealand,1959,Oceania,4.179,70.77,2333486
New Zealand,1960,Oceania,4.241,71.22,2379482
New Zealand,1961,Oceania,4.306,70.93,2429744
New Zealand,1962,Oceania,4.159,71.2,2484403
New Zealand,1963,Oceania,4.046,71.27,2538117
New Zealand,1964,Oceania,3.776,71.3,2588770
New Zealand,1965,Oceania,3.537,71.22,2636493
New Zealand,1966,Oceania,3.42,71.07,2682589
New Zealand,1967,Oceania,3.35,71.44,2723417
New Zealand,1968,Oceania,3.335,71.09,2754522
New Zealand,1969,Oceania,3.273,71.47,2784399
New Zealand,1970,Oceania,3.168,71.22,2822184
New Zealand,1971,Oceania,3.18,71.72,2867168
New Zealand,1972,Oceania,2.998,71.82,2919263
New Zealand,1973,Oceania,2.738,71.67,2978989
New Zealand,1974,Oceania,2.574,71.94,3041223
New Zealand,1975,Oceania,2.357,72.2,3094039
New Zealand,1976,Oceania,2.27,72.4,3126639
New Zealand,1977,Oceania,2.213,72.14,3140129
New Zealand,1978,Oceania,2.077,73.01,3142245
New Zealand,1979,Oceania,2.113,73.05,3141596
New Zealand,1980,Oceania,2.032,72.86,3146325
New Zealand,1981,Oceania,2.011,73.63,3159844
New Zealand,1982,Oceania,1.947,73.72,3185129
New Zealand,1983,Oceania,1.92,73.83,3219281
New Zealand,1984,Oceania,1.928,74.37,3249828
New Zealand,1985,Oceania,1.93,73.88,3268030
New Zealand,1986,Oceania,1.96,74.12,3281510
New Zealand,1987,Oceania,2.029,74.21,3299443
New Zealand,1988,Oceania,2.098,74.48,3316026
New Zealand,1989,Oceania,2.121,74.89,3333822
New Zealand,1990,Oceania,2.167,75.42,3396981
New Zealand,1991,Oceania,2.092,76.08,3480933
New Zealand,1992,Oceania,2.06,76.19,3532246
New Zealand,1993,Oceania,2.038,76.5,3573609
New Zealand,1994,Oceania,1.982,76.92,3621030
New Zealand,1995,Oceania,1.979,76.78,3674434
New Zealand,1996,Oceania,1.961,76.81,3729383
New Zealand,1997,Oceania,1.956,77.34,3776950
New Zealand,1998,Oceania,1.895,78.17,3811376
New Zealand,1999,Oceania,1.966,77.91,3835561
New Zealand,2000,Oceania,1.977,78.67,3857576
New Zealand,2001,Oceania,1.964,78.66,3891763
New Zealand,2002,Oceania,1.892,78.87,3951116
New Zealand,2003,Oceania,1.929,79.14,4022585
New Zealand,2004,Oceania,1.976,79.36,4083912
New Zealand,2005,Oceania,1.961,80.03,4135002
New Zealand,2006,Oceania,2.01,80.02,4181943
New Zealand,2007,Oceania,2.169,80.12,4223270
New Zealand,2008,Oceania,2.187,80.25,4261819
New Zealand,2009,Oceania,2.133,80.55,4304304
New Zealand,2010,Oceania,2.165,81.05,4347766
New Zealand,2011,Oceania,2.096,80.84,4382699
New Zealand,2012,Oceania,2.087,81.17,4411682
New Zealand,2013,Oceania,2.004,81.61,4453857
New Zealand,2014,Oceania,1.925,81.41,4522976
New Zealand,2015,Oceania,1.982,81.59,4614035
New Zealand,2016,Oceania,1.876,82.0,4714768
New Zealand,2017,Oceania,1.811,81.61,4812749
New Zealand,2018,Oceania,1.719,81.88,4900840
New Zealand,2019,Oceania,1.717,81.83,4989410
New Zealand,2020,Oceania,1.63,82.66,5069895
New Zealand,2021,Oceania,1.647,82.3,5107694
New Zealand,2022,Oceania,1.665,81.01,5131731
New Zealand,2023,Oceania,1.667,82.09,5172837
New Zealand,2024,Oceania,1.642,82.25,5213942
New Zealand,2025,Oceania,1.617,82.39,5251897
Oman,1950,Asia,7.261,29.3,456997
Oman,1951,Asia,7.253,29.77,462760
Oman,1952,Asia,7.255,30.23,468831
Oman,1953,Asia,7.251,30.72,475163
Oman,1954,Asia,7.248,31.23,481826
Oman,1955,Asia,7.233,31.78,488811
Oman,1956,Asia,7.226,32.37,496175
Oman,1957,Asia,7.228,32.96,503986
Oman,1958,Asia,7.246,33.75,512341
Oman,1959,Asia,7.253,34.55,521320
Oman,1960,Asia,7.277,35.43,530489
Oman,1961,Asia,7.287,36.39,539859
Oman,1962,Asia,7.318,37.41,549951
Oman,1963,Asia,7.334,38.5,560832
Oman,1964,Asia,7.37,39.63,572586
Oman,1965,Asia,7.391,40.79,585245
Oman,1966,Asia,7.412,41.98,598815
Oman,1967,Asia,7.437,43.18,613318
Oman,1968,Asia,7.462,44.4,628801
Oman,1969,Asia,7.489,45.62,645262
Oman,1970,Asia,7.523,46.64,662691
Oman,1971,Asia,7.558,47.87,681125
Oman,1972,Asia,7.588,48.72,700591
Oman,1973,Asia,7.625,49.96,721182
Oman,1974,Asia,7.672,51.23,746995
Oman,1975,Asia,7.711,52.51,778871
Oman,1976,Asia,7.743,54.45,814703
Oman,1977,Asia,7.781,55.52,855316
Oman,1978,Asia,7.818,57.04,900312
Oman,1979,Asia,7.85,58.33,949122
Oman,1980,Asia,7.887,59.6,1001248
Oman,1981,Asia,7.904,60.8,1057326
Oman,1982,Asia,7.837,62.05,1117686
Oman,1983,Asia,7.748,63.19,1181464
Oman,1984,Asia,7.642,64.27,1247723
Oman,1985,Asia,7.512,65.28,1325489
Oman,1986,Asia,7.352,66.17,1413424
Oman,1987,Asia,7.175,66.98,1501006
Oman,1988,Asia,6.953,67.72,1588573
Oman,1989,Asia,6.717,68.39,1676234
Oman,1990,Asia,6.456,69.01,1763957
Oman,1991,Asia,6.197,69.58,1851476
Oman,1992,Asia,5.919,70.11,1938240
Oman,1993,Asia,5.638,70.61,2021677
Oman,1994,Asia,5.359,71.07,2081839
Oman,1995,Asia,5.067,71.56,2120531
Oman,1996,Asia,4.79,72.02,2156925
Oman,1997,Asia,4.524,72.46,2190726
Oman,1998,Asia,4.274,72.88,2222492
Oman,1999,Asia,4.064,73.28,2252910
Oman,2000,Asia,3.852,73.64,2282139
Oman,2001,Asia,3.662,73.98,2310223
Oman,2002,Asia,3.51,74.28,2337144
Oman,2003,Asia,3.371,74.52,2363801
Oman,2004,Asia,3.2,74.82,2404822
Oman,2005,Asia,3.029,75.07,2459808
Oman,2006,Asia,2.879,75.35,2514794
Oman,2007,Asia,2.761,75.6,2570175
Oman,2008,Asia,2.762,76.12,2626536
Oman,2009,Asia,2.829,76.63,2684665
Oman,2010,Asia,2.973,77.18,2757450
Oman,2011,Asia,2.955,77.74,3076762
Oman,2012,Asia,2.928,78.19,3547104
Oman,2013,Asia,2.954,78.63,3833915
Oman,2014,Asia,2.97,79.03,4002444
Oman,2015,Asia,2.965,79.35,4184898
Oman,2016,Asia,2.949,79.58,4390880
Oman,2017,Asia,2.923,79.75,4537397
Oman,2018,Asia,2.81,79.86,4597878
Oman,2019,Asia,2.696,79.95,4591248
Oman,2020,Asia,2.638,77.76,4522502
Oman,2021,Asia,2.588,75.97,4500429
Oman,2022,Asia,2.449,77.91,4730229
Oman,2023,Asia,2.525,80.03,5049267
Oman,2024,Asia,2.487,80.25,5281542
Oman,2025,Asia,2.45,80.45,5494696
Pakistan,1950,Asia,6.8,34.25,35849256
Pakistan,1951,Asia,6.8,35.38,36581906
Pakistan,1952,Asia,6.8,36.5,37377005
Pakistan,1953,Asia,6.8,37.6,38229661
Pakistan,1954,Asia,6.8,38.6,39137072
Pakistan,1955,Asia,6.8,39.61,40098068
Pakistan,1956,Asia,6.8,40.62,41113927
Pakistan,1957,Asia,6.8,41.55,42185142
Pakistan,1958,Asia,6.8,42.47,43312058
Pakistan,1959,Asia,6.8,43.33,44495164
Pakistan,1960,Asia,6.8,44.1,45709314
Pakistan,1961,Asia,6.8,44.96,46921277
Pakistan,1962,Asia,6.8,45.85,48156130
Pakistan,1963,Asia,6.8,46.76,49447780
Pakistan,1964,Asia,6.8,47.83,50799995
Pakistan,1965,Asia,6.8,48.49,52209015
Pakistan,1966,Asia,6.8,49.8,53678671
Pakistan,1967,Asia,6.8,50.76,55214772
Pakistan,1968,Asia,6.8,51.62,56810512
Pakistan,1969,Asia,6.8,52.32,58460945
Pakistan,1970,Asia,6.801,52.94,60166721
Pakistan,1971,Asia,6.802,49.0,61847896
Pakistan,1972,Asia,6.805,53.82,63583192
Pakistan,1973,Asia,6.808,54.09,65461912
Pakistan,1974,Asia,6.811,54.27,67415487
Pakistan,1975,Asia,6.812,54.72,69461179
Pakistan,1976,Asia,6.808,55.07,71620249
Pakistan,1977,Asia,6.799,55.48,73901831
Pakistan,1978,Asia,6.783,56.07,76307381
Pakistan,1979,Asia,6.761,56.61,78997040
Pakistan,1980,Asia,6.734,57.2,82291008
Pakistan,1981,Asia,6.704,57.76,85802048
Pakistan,1982,Asia,6.674,58.29,89089247
Pakistan,1983,Asia,6.644,58.66,92227711
Pakistan,1984,Asia,6.615,58.92,95164940
Pakistan,1985,Asia,6.585,59.08,98229291
Pakistan,1986,Asia,6.554,59.17,101606770
Pakistan,1987,Asia,6.518,59.22,105130710
Pakistan,1988,Asia,6.476,59.36,108724740
Pakistan,1989,Asia,6.425,59.53,112336634
Pakistan,1990,Asia,6.364,59.73,116155584
Pakistan,1991,Asia,6.291,59.86,120060409
Pakistan,1992,Asia,6.207,59.98,123546855
Pakistan,1993,Asia,6.112,60.08,127020117
Pakistan,1994,Asia,6.008,60.2,130748076
Pakistan,1995,Asia,5.894,60.27,134582255
Pakistan,1996,Asia,5.771,60.47,138557089
Pakistan,1997,Asia,5.642,60.62,142531801
Pakistan,1998,Asia,5.507,61.13,146522354
Pakistan,1999,Asia,5.462,61.54,150565381
Pakistan,2000,Asia,5.352,61.9,154879124
Pakistan,2001,Asia,5.182,62.24,159270910
Pakistan,2002,Asia,5.012,62.56,163222552
Pakistan,2003,Asia,4.894,62.83,167110250
Pakistan,2004,Asia,4.685,63.1,171285999
Pakistan,2005,Asia,4.595,62.42,175453212
Pakistan,2006,Asia,4.589,63.62,179682690
Pakistan,2007,Asia,4.554,63.81,184493231
Pakistan,2008,Asia,4.515,64.0,189499112
Pakistan,2009,Asia,4.465,64.21,194376535
Pakistan,2010,Asia,4.398,64.38,199239048
Pakistan,2011,Asia,4.305,64.66,203746069
Pakistan,2012,Asia,4.204,64.88,207667129
Pakistan,2013,Asia,4.125,65.13,211073979
Pakistan,2014,Asia,4.055,65.37,214264649
Pakistan,2015,Asia,3.988,65.64,217290884
Pakistan,2016,Asia,3.902,65.94,220138863
Pakistan,2017,Asia,3.9,66.22,223273974
Pakistan,2018,Asia,3.855,66.48,226928893
Pakistan,2019,Asia,3.81,66.73,230800908
Pakistan,2020,Asia,3.765,65.7,235001745
Pakistan,2021,Asia,3.72,65.77,239477805
Pakistan,2022,Asia,3.662,67.42,243700667
Pakistan,2023,Asia,3.605,67.65,247504505
Pakistan,2024,Asia,3.558,67.8,251269160
Pakistan,2025,Asia,3.512,67.94,255219560
Panama,1950,Americas,5.568,55.4,860855
Panama,1951,Americas,5.615,55.88,882013
Panama,1952,Americas,5.667,56.36,904460
Panama,1953,Americas,5.718,56.84,928203
Panama,1954,Americas,5.725,57.23,953092
Panama,1955,Americas,5.734,57.48,978971
Panama,1956,Americas,5.745,57.88,1005877
Panama,1957,Americas,5.757,58.28,1033915
Panama,1958,Americas,5.763,58.95,1063168
Panama,1959,Americas,5.794,59.57,1093804
Panama,1960,Americas,5.829,60.28,1126004
Panama,1961,Americas,5.865,60.91,1159880
Panama,1962,Americas,5.872,61.43,1195311
Panama,1963,Americas,5.865,61.81,1232136
Panama,1964,Americas,5.808,62.1,1270068
Panama,1965,Americas,5.728,62.34,1308840
Panama,1966,Americas,5.649,62.63,1348390
Panama,1967,Americas,5.534,62.89,1388630
Panama,1968,Americas,5.411,63.24,1429452
Panama,1969,Americas,5.287,63.66,1470888
Panama,1970,Americas,5.175,64.07,1513071
Panama,1971,Americas,5.054,64.67,1556079
Panama,1972,Americas,4.908,65.18,1599721
Panama,1973,Americas,4.741,65.78,1643696
Panama,1974,Americas,4.576,66.55,1687932
Panama,1975,Americas,4.414,67.24,1732393
Panama,1976,Americas,4.264,67.79,1776943
Panama,1977,Americas,4.118,68.25,1821550
Panama,1978,Americas,3.984,68.69,1866317
Panama,1979,Americas,3.884,69.09,1911555
Panama,1980,Americas,3.796,69.45,1957543
Panama,1981,Americas,3.723,69.79,2004424
Panama,1982,Americas,3.659,69.9,2052278
Panama,1983,Americas,3.601,70.13,2101107
Panama,1984,Americas,3.519,70.4,2150781
Panama,1985,Americas,3.427,70.54,2200921
Panama,1986,Americas,3.339,70.67,2251331
Panama,1987,Americas,3.251,70.81,2301979
Panama,1988,Americas,3.173,70.94,2352856
Panama,1989,Americas,3.121,70.14,2403821
Panama,1990,Americas,3.072,71.27,2455588
Panama,1991,Americas,2.999,71.33,2508273
Panama,1992,Americas,2.95,71.46,2561342
Panama,1993,Americas,2.909,71.81,2615099
Panama,1994,Americas,2.877,71.94,2669545
Panama,1995,Americas,2.852,71.99,2724555
Panama,1996,Americas,2.83,72.2,2780228
Panama,1997,Americas,2.81,72.54,2836702
Panama,1998,Americas,2.789,72.78,2893918
Panama,1999,Americas,2.767,73.12,2951820
Panama,2000,Americas,2.744,73.44,3010376
Panama,2001,Americas,2.72,73.82,3069545
Panama,2002,Americas,2.698,74.19,3129343
Panama,2003,Americas,2.679,74.57,3189813
Panama,2004,Americas,2.68,74.84,3251158
Panama,2005,Americas,2.643,75.16,3313024
Panama,2006,Americas,2.62,75.43,3375024
Panama,2007,Americas,2.612,75.67,3437490
Panama,2008,Americas,2.608,75.94,3500646
Panama,2009,Americas,2.593,76.23,3564383
Panama,2010,Americas,2.587,76.42,3628537
Panama,2011,Americas,2.604,76.66,3693509
Panama,2012,Americas,2.591,76.88,3759261
Panama,2013,Americas,2.569,77.13,3825333
Panama,2014,Americas,2.552,77.36,3892100
Panama,2015,Americas,2.53,77.58,3960034
Panama,2016,Americas,2.502,77.77,4029085
Panama,2017,Americas,2.462,77.9,4098704
Panama,2018,Americas,2.402,78.27,4167860
Panama,2019,Americas,2.288,78.51,4234698
Panama,2020,Americas,2.184,76.33,4293258
Panama,2021,Americas,2.152,77.0,4345410
Panama,2022,Americas,2.139,79.32,4400775
Panama,2023,Americas,2.119,79.59,4458758
Panama,2024,Americas,2.087,79.78,4515576
Panama,2025,Americas,2.056,79.96,4571194
Peru,1950,Americas,6.939,46.03,7677414
Peru,1951,Americas,6.942,46.46,7893620
Peru,1952,Americas,6.948,46.76,8116670
Peru,1953,Americas,6.953,47.1,8344907
Peru,1954,Americas,6.957,47.48,8579314
Peru,1955,Americas,6.96,47.9,8822015
Peru,1956,Americas,6.962,48.38,9073471
Peru,1957,Americas,6.962,48.92,9333871
Peru,1958,Americas,6.959,49.49,9603649
Peru,1959,Americas,6.953,50.04,9883656
Peru,1960,Americas,6.941,50.6,10174128
Peru,1961,Americas,6.923,51.19,10475126
Peru,1962,Americas,6.895,51.53,10784615
Peru,1963,Americas,6.858,52.6,11102095
Peru,1964,Americas,6.81,53.3,11427988
Peru,1965,Americas,6.75,53.87,11761091
Peru,1966,Americas,6.68,54.4,12101300
Peru,1967,Americas,6.6,54.89,12448815
Peru,1968,Americas,6.513,55.38,12803985
Peru,1969,Americas,6.418,55.82,13166756
Peru,1970,Americas,6.316,47.73,13501237
Peru,1971,Americas,6.207,56.49,13838069
Peru,1972,Americas,6.091,56.99,14210147
Peru,1973,Americas,5.968,57.33,14582864
Peru,1974,Americas,5.841,57.77,14956554
Peru,1975,Americas,5.709,58.2,15333955
Peru,1976,Americas,5.575,58.57,15716814
Peru,1977,Americas,5.44,58.9,16109808
Peru,1978,Americas,5.305,59.26,16516061
Peru,1979,Americas,5.171,59.62,16933143
Peru,1980,Americas,5.041,59.98,17360955
Peru,1981,Americas,4.915,60.33,17798803
Peru,1982,Americas,4.795,60.56,18246506
Peru,1983,Americas,4.68,60.76,18705961
Peru,1984,Americas,4.568,61.07,19174717
Peru,1985,Americas,4.46,61.71,19648212
Peru,1986,Americas,4.354,62.15,20117127
Peru,1987,Americas,4.247,62.54,20582325
Peru,1988,Americas,4.138,62.99,21054704
Peru,1989,Americas,4.026,63.41,21532587
Peru,1990,Americas,3.912,63.98,22014772
Peru,1991,Americas,3.794,64.25,22483784
Peru,1992,Americas,3.673,65.03,22946345
Peru,1993,Americas,3.552,65.73,23413783
Peru,1994,Americas,3.432,66.54,23881497
Peru,1995,Americas,3.315,67.22,24348922
Peru,1996,Americas,3.203,67.85,24811174
Peru,1997,Americas,3.099,68.32,25274149
Peru,1998,Americas,3.002,68.72,25738101
Peru,1999,Americas,2.917,69.3,26186499
Peru,2000,Americas,2.845,69.82,26598328
Peru,2001,Americas,2.744,70.31,26964610
Peru,2002,Americas,2.693,70.81,27288211
Peru,2003,Americas,2.661,71.28,27580485
Peru,2004,Americas,2.673,71.45,27852190
Peru,2005,Americas,2.643,71.99,28101175
Peru,2006,Americas,2.619,72.34,28324488
Peru,2007,Americas,2.583,72.75,28530704
Peru,2008,Americas,2.528,72.74,28719038
Peru,2009,Americas,2.48,72.63,28896819
Peru,2010,Americas,2.421,72.89,29086021
Peru,2011,Americas,2.413,73.33,29304083
Peru,2012,Americas,2.356,73.98,29550367
Peru,2013,Americas,2.317,74.59,29817908
Peru,2014,Americas,2.271,75.26,30115825
Peru,2015,Americas,2.229,75.73,30457598
Peru,2016,Americas,2.189,75.95,30866497
Peru,2017,Americas,2.152,75.96,31324639
Peru,2018,Americas,2.118,76.02,31897590
Peru,2019,Americas,2.086,76.28,32449302
Peru,2020,Americas,2.056,73.83,32838577
Peru,2021,Americas,2.029,71.6,33155883
Peru,2022,Americas,2.004,76.83,33475436
Peru,2023,Americas,1.98,77.74,33845616
Peru,2024,Americas,1.95,77.94,34217850
Peru,2025,Americas,1.921,78.12,34576673
Philippines,1950,Asia,7.129,53.58,18849532
Philippines,1951,Asia,7.117,54.08,19568083
Philippines,1952,Asia,7.111,54.7,20328753
Philippines,1953,Asia,7.104,55.4,21132502
Philippines,1954,Asia,7.089,55.99,21982504
Philippines,1955,Asia,7.071,56.6,22880568
Philippines,1956,Asia,7.052,57.25,23825808
Philippines,1957,Asia,7.026,57.79,24815856
Philippines,1958,Asia,7.003,58.31,25842525
Philippines,1959,Asia,7.0,58.74,26907612
Philippines,1960,Asia,6.996,59.17,27891900
Philippines,1961,Asia,6.994,59.47,28792620
Philippines,1962,Asia,6.98,59.76,29723535
Philippines,1963,Asia,6.952,60.02,30674733
Philippines,1964,Asia,6.886,60.13,31643038
Philippines,1965,Asia,6.799,60.41,32625328
Philippines,1966,Asia,6.691,60.62,33617171
Philippines,1967,Asia,6.572,60.8,34621326
Philippines,1968,Asia,6.448,60.92,35638338
Philippines,1969,Asia,6.333,60.98,36660795
Philippines,1970,Asia,6.218,60.83,37622203
Philippines,1971,Asia,6.083,61.06,38518656
Philippines,1972,Asia,5.937,60.91,39408560
Philippines,1973,Asia,5.787,60.74,40294126
Philippines,1974,Asia,5.693,60.82,41174338
Philippines,1975,Asia,5.596,60.9,42120830
Philippines,1976,Asia,5.505,60.87,43201486
Philippines,1977,Asia,5.442,61.43,44367965
Philippines,1978,Asia,5.393,61.53,45575286
Philippines,1979,Asia,5.255,61.73,46807104
Philippines,1980,Asia,5.108,61.88,48043744
Philippines,1981,Asia,4.973,61.94,49311730
Philippines,1982,Asia,4.917,62.17,50695715
Philippines,1983,Asia,4.867,62.35,52194624
Philippines,1984,Asia,4.77,62.43,53726187
Philippines,1985,Asia,4.664,62.73,55213007
Philippines,1986,Asia,4.563,62.88,56645083
Philippines,1987,Asia,4.509,63.3,58157496
Philippines,1988,Asia,4.449,63.71,59739056
Philippines,1989,Asia,4.365,64.11,61265259
Philippines,1990,Asia,4.322,64.38,62854668
Philippines,1991,Asia,4.273,64.62,64382249
Philippines,1992,Asia,4.161,65.35,65926130
Philippines,1993,Asia,4.098,65.66,67530621
Philippines,1994,Asia,4.079,66.0,69019297
Philippines,1995,Asia,4.067,66.31,70546245
Philippines,1996,Asia,4.004,66.69,72190237
Philippines,1997,Asia,3.943,66.99,73908813
Philippines,1998,Asia,3.884,67.21,75791031
Philippines,1999,Asia,3.825,67.5,77753256
Philippines,2000,Asia,3.754,67.79,79625401
Philippines,2001,Asia,3.719,67.83,81401488
Philippines,2002,Asia,3.651,67.89,83068889
Philippines,2003,Asia,3.591,68.05,84731836
Philippines,2004,Asia,3.524,68.3,86394510
Philippines,2005,Asia,3.448,68.42,88015959
Philippines,2006,Asia,3.466,68.17,89508992
Philippines,2007,Asia,3.403,68.55,91075180
Philippines,2008,Asia,3.401,68.64,92699091
Philippines,2009,Asia,3.376,68.63,94384256
Philippines,2010,Asia,3.315,68.88,96337127
Philippines,2011,Asia,3.236,69.1,98248614
Philippines,2012,Asia,3.143,69.24,100175511
Philippines,2013,Asia,3.042,69.28,102076334
Philippines,2014,Asia,2.894,69.31,103767127
Philippines,2015,Asia,2.829,69.45,105312988
Philippines,2016,Asia,2.679,69.49,106735721
Philippines,2017,Asia,2.525,69.97,108119691
Philippines,2018,Asia,2.378,69.76,109465284
Philippines,2019,Asia,2.215,69.68,110804685
Philippines,2020,Asia,2.075,70.1,112081270
Philippines,2021,Asia,1.95,66.67,113100947
Philippines,2022,Asia,1.929,69.47,113964343
Philippines,2023,Asia,1.916,69.83,114891199
Philippines,2024,Asia,1.887,69.95,115843663
Philippines,2025,Asia,1.859,70.07,116786960
Poland,1950,Europe,3.654,58.33,24780169
Poland,1951,Europe,3.701,58.86,25222692
Poland,1952,Europe,3.637,59.69,25672466
Poland,1953,Europe,3.594,61.31,26126457
Poland,1954,Europe,3.552,62.28,26590478
Poland,1955,Europe,3.555,63.06,27063640
Poland,1956,Europe,3.463,63.43,27535570
Poland,1957,Europe,3.496,64.44,28076495
Poland,1958,Europe,3.392,64.89,28643644
Poland,1959,Europe,3.248,66.41,29132534
Poland,1960,Europe,3.004,67.08,29575967
Poland,1961,Europe,2.86,67.8,29979692
Poland,1962,Europe,2.744,68.04,30338094
Poland,1963,Europe,2.7,68.32,30674024
Poland,1964,Europe,2.603,68.94,30993140
Poland,1965,Europe,2.537,69.39,31288338
Poland,1966,Europe,2.447,69.66,31568281
Poland,1967,Europe,2.349,69.9,31828626
Poland,1968,Europe,2.296,69.84,32078388
Poland,1969,Europe,2.259,69.84,32322778
Poland,1970,Europe,2.254,69.56,32542639
Poland,1971,Europe,2.251,69.83,32771298
Poland,1972,Europe,2.238,70.14,33041993
Poland,1973,Europe,2.252,70.7,33333275
Poland,1974,Europe,2.265,70.66,33642463
Poland,1975,Europe,2.282,70.63,33964400
Poland,1976,Europe,2.313,70.4,34296611
Poland,1977,Europe,2.252,70.33,34628513
Poland,1978,Europe,2.232,70.38,34934216
Poland,1979,Europe,2.277,70.25,35248382
Poland,1980,Europe,2.277,70.48,35576518
Poland,1981,Europe,2.246,70.61,35900913
Poland,1982,Europe,2.34,70.92,36233465
Poland,1983,Europe,2.416,70.81,36573700
Poland,1984,Europe,2.377,70.6,36905795
Poland,1985,Europe,2.323,70.53,37200850
Poland,1986,Europe,2.218,70.55,37452612
Poland,1987,Europe,2.157,70.77,37665710
Poland,1988,Europe,2.142,70.82,37817863
Poland,1989,Europe,2.098,70.82,37938086
Poland,1990,Europe,2.065,70.61,38055448
Poland,1991,Europe,2.067,70.65,38152947
Poland,1992,Europe,1.956,70.9,38233636
Poland,1993,Europe,1.87,71.34,38294882
Poland,1994,Europe,1.801,71.68,38344312
Poland,1995,Europe,1.634,71.96,38364668
Poland,1996,Europe,1.587,72.25,38359164
Poland,1997,Europe,1.516,72.59,38348307
Poland,1998,Europe,1.439,72.85,38326431
Poland,1999,Europe,1.377,73.22,38287717
Poland,2000,Europe,1.366,73.64,38258077
Poland,2001,Europe,1.315,74.18,38247359
Poland,2002,Europe,1.252,74.52,38229407
Poland,2003,Europe,1.225,74.77,38203527
Poland,2004,Europe,1.228,74.94,38167568
Poland,2005,Europe,1.244,75.13,38124377
Poland,2006,Europe,1.269,75.25,38071169
Poland,2007,Europe,1.311,75.41,38020420
Poland,2008,Europe,1.386,75.58,37995902
Poland,2009,Europe,1.402,75.91,38002153
Poland,2010,Europe,1.407,76.28,38095356
Poland,2011,Europe,1.338,76.57,38208644
Poland,2012,Europe,1.329,76.78,38247867
Poland,2013,Europe,1.292,77.08,38259267
Poland,2014,Europe,1.317,77.31,38265113
Poland,2015,Europe,1.323,77.59,38266314
Poland,2016,Europe,1.389,77.64,38263260
Poland,2017,Europe,1.472,77.72,38254964
Poland,2018,Europe,1.443,77.62,38241070
Poland,2019,Europe,1.436,77.92,38225884
Poland,2020,Europe,1.384,76.59,38171005
Poland,2021,Europe,1.322,75.64,38040303
Poland,2022,Europe,1.261,77.92,38385734
Poland,2023,Europe,1.299,78.63,38762847
Poland,2024,Europe,1.297,78.81,38539209
Poland,2025,Europe,1.295,78.98,38140913
Puerto Rico,1950,Americas,5.206,60.37,2229095
Puerto Rico,1951,Americas,5.063,60.27,2247532
Puerto Rico,1952,Americas,4.827,61.79,2263657
Puerto Rico,1953,Americas,4.681,64.47,2277883
Puerto Rico,1954,Americas,4.678,65.6,2291114
Puerto Rico,1955,Americas,4.68,66.28,2303490
Puerto Rico,1956,Americas,4.704,66.37,2314891
Puerto Rico,1957,Americas,4.587,67.11,2324736
Puerto Rico,1958,Americas,4.618,67.24,2333212
Puerto Rico,1959,Americas,4.554,68.07,2342073
Puerto Rico,1960,Americas,4.593,68.63,2363917
Puerto Rico,1961,Americas,4.412,68.53,2401174
Puerto Rico,1962,Americas,4.34,68.86,2441245
Puerto Rico,1963,Americas,4.253,68.73,2480574
Puerto Rico,1964,Americas,4.177,68.24,2519045
Puerto Rico,1965,Americas,4.096,69.29,2556647
Puerto Rico,1966,Americas,3.706,70.22,2593846
Puerto Rico,1967,Americas,3.518,70.7,2630516
Puerto Rico,1968,Americas,3.32,70.57,2665791
Puerto Rico,1969,Americas,3.243,70.51,2698429
Puerto Rico,1970,Americas,3.167,70.35,2734424
Puerto Rico,1971,Americas,3.209,71.08,2777971
Puerto Rico,1972,Americas,3.006,70.81,2824367
Puerto Rico,1973,Americas,2.902,70.95,2871132
Puerto Rico,1974,Americas,2.871,71.32,2918199
Puerto Rico,1975,Americas,2.803,71.96,2966108
Puerto Rico,1976,Americas,2.865,72.08,3014962
Puerto Rico,1977,Americas,2.897,72.4,3064450
Puerto Rico,1978,Americas,2.847,72.53,3114154
Puerto Rico,1979,Americas,2.766,72.72,3165034
Puerto Rico,1980,Americas,2.698,73.1,3213679
Puerto Rico,1981,Americas,2.591,72.98,3256568
Puerto Rico,1982,Americas,2.482,72.95,3295926
Puerto Rico,1983,Americas,2.329,73.38,3332652
Puerto Rico,1984,Americas,2.225,73.43,3367197
Puerto Rico,1985,Americas,2.222,72.63,3399311
Puerto Rico,1986,Americas,2.266,73.27,3428773
Puerto Rico,1987,Americas,2.23,73.4,3457138
Puerto Rico,1988,Americas,2.224,73.15,3485070
Puerto Rico,1989,Americas,2.302,72.48,3512010
Puerto Rico,1990,Americas,2.291,72.83,3541046
Puerto Rico,1991,Americas,2.213,73.88,3573669
Puerto Rico,1992,Americas,2.196,73.39,3606393
Puerto Rico,1993,Americas,2.21,73.31,3637207
Puerto Rico,1994,Americas,2.175,73.62,3666079
Puerto Rico,1995,Americas,2.15,73.57,3693594
Puerto Rico,1996,Americas,2.144,74.0,3719955
Puerto Rico,1997,Americas,2.169,74.67,3745583
Puerto Rico,1998,Americas,2.08,74.56,3770561
Puerto Rico,1999,Americas,2.038,75.28,3794479
Puerto Rico,2000,Americas,2.041,75.51,3809868
Puerto Rico,2001,Americas,1.946,75.97,3813009
Puerto Rico,2002,Americas,1.856,76.82,3810715
Puerto Rico,2003,Americas,1.807,76.94,3806043
Puerto Rico,2004,Americas,1.837,76.91,3798659
Puerto Rico,2005,Americas,1.842,76.7,3788412
Puerto Rico,2006,Americas,1.798,77.56,3776220
Puerto Rico,2007,Americas,1.738,77.66,3763089
Puerto Rico,2008,Americas,1.624,78.11,3749130
Puerto Rico,2009,Americas,1.595,78.38,3735014
Puerto Rico,2010,Americas,1.619,78.72,3714834
Puerto Rico,2011,Americas,1.595,78.77,3683711
Puerto Rico,2012,Americas,1.541,79.26,3646423
Puerto Rico,2013,Americas,1.473,80.32,3606773
Puerto Rico,2014,Americas,1.437,80.04,3565367
Puerto Rico,2015,Americas,1.35,80.68,3521811
Puerto Rico,2016,Americas,1.264,80.36,3476008
Puerto Rico,2017,Americas,1.133,79.07,3371878
Puerto Rico,2018,Americas,1.026,81.09,3290068
Puerto Rico,2019,Americas,0.979,81.44,3288027
Puerto Rico,2020,Americas,0.934,80.01,3275800
Puerto Rico,2021,Americas,0.944,79.77,3253210
Puerto Rico,2022,Americas,0.94,79.43,3240972
Puerto Rico,2023,Americas,0.941,81.69,3242022
Puerto Rico,2024,Americas,0.927,81.9,3242212
Puerto Rico,2025,Americas,0.913,82.08,3235290
North Korea,1950,Asia,4.994,14.2,11116734
North Korea,1951,Asia,2.597,17.66,10583576
North Korea,1952,Asia,2.611,32.79,10253639
North Korea,1953,Asia,3.082,40.26,10177418
North Korea,1954,Asia,3.496,50.63,10242806
North Korea,1955,Asia,3.674,51.77,10403326
North Korea,1956,Asia,3.508,52.78,10600386
North Korea,1957,Asia,4.281,53.68,10854683
North Korea,1958,Asia,4.271,54.48,11163751
North Korea,1959,Asia,3.559,55.17,11452992
North Korea,1960,Asia,3.568,55.81,11722950
North Korea,1961,Asia,3.261,56.41,11990714
North Korea,1962,Asia,3.412,57.0,12262886
North Korea,1963,Asia,3.626,57.58,12567059
North Korea,1964,Asia,3.547,58.17,12889774
North Korea,1965,Asia,3.556,58.78,13219375
North Korea,1966,Asia,3.709,59.42,13569099
North Korea,1967,Asia,4.05,60.09,13958350
North Korea,1968,Asia,3.872,60.76,14365601
North Korea,1969,Asia,3.86,61.41,14767625
North Korea,1970,Asia,3.848,62.05,15172777
North Korea,1971,Asia,3.739,62.66,15572460
North Korea,1972,Asia,3.889,63.25,15975065
North Korea,1973,Asia,3.353,63.82,16350372
North Korea,1974,Asia,3.142,64.33,16673124
North Korea,1975,Asia,3.047,64.83,16971055
North Korea,1976,Asia,2.836,65.33,17243455
North Korea,1977,Asia,2.771,65.81,17492797
North Korea,1978,Asia,2.793,66.29,17736000
North Korea,1979,Asia,2.849,66.75,17983465
North Korea,1980,Asia,2.841,67.21,18236783
North Korea,1981,Asia,2.921,67.66,18501303
North Korea,1982,Asia,2.854,68.09,18776359
North Korea,1983,Asia,2.777,68.5,19054039
North Korea,1984,Asia,2.708,68.88,19335049
North Korea,1985,Asia,2.646,69.23,19620396
North Korea,1986,Asia,2.594,69.54,19910856
North Korea,1987,Asia,2.529,69.77,20205485
North Korea,1988,Asia,2.468,70.05,20503161
North Korea,1989,Asia,2.412,70.27,20804363
North Korea,1990,Asia,2.388,70.48,21112134
North Korea,1991,Asia,2.351,70.72,21428637
North Korea,1992,Asia,2.287,71.01,21750912
North Korea,1993,Asia,2.218,70.79,22073354
North Korea,1994,Asia,2.183,70.47,22393967
North Korea,1995,Asia,2.146,60.77,22669307
North Korea,1996,Asia,2.093,60.82,22895753
North Korea,1997,Asia,2.027,60.87,23110836
North Korea,1998,Asia,1.991,60.89,23311570
North Korea,1999,Asia,1.966,60.91,23497594
North Korea,2000,Asia,1.941,60.91,23665909
North Korea,2001,Asia,1.94,60.89,23815364
North Korea,2002,Asia,1.919,60.88,23943975
North Korea,2003,Asia,1.909,69.4,24090382
North Korea,2004,Asia,1.899,69.29,24254946
North Korea,2005,Asia,1.872,69.17,24396434
North Korea,2006,Asia,1.936,69.06,24524508
North Korea,2007,Asia,1.943,69.02,24646384
North Korea,2008,Asia,1.97,69.3,24764620
North Korea,2009,Asia,1.905,69.7,24878338
North Korea,2010,Asia,1.89,70.25,24987257
North Korea,2011,Asia,1.883,70.77,25097877
North Korea,2012,Asia,1.882,71.32,25211737
North Korea,2013,Asia,1.877,71.87,25329456
North Korea,2014,Asia,1.874,72.45,25451263
North Korea,2015,Asia,1.863,72.83,25575355
North Korea,2016,Asia,1.856,72.97,25698325
North Korea,2017,Asia,1.848,73.03,25817710
North Korea,2018,Asia,1.834,73.02,25931153
North Korea,2019,Asia,1.825,72.93,26037633
North Korea,2020,Asia,1.821,72.78,26136312
North Korea,2021,Asia,1.806,73.44,26232530
North Korea,2022,Asia,1.797,73.64,26328843
North Korea,2023,Asia,1.78,73.64,26418196
North Korea,2024,Asia,1.77,73.74,26498832
North Korea,2025,Asia,1.76,73.86,26571043
Portugal,1950,Europe,3.158,58.48,8418877
Portugal,1951,Europe,3.178,58.75,8474201
Portugal,1952,Europe,3.2,59.76,8523424
Portugal,1953,Europe,3.043,61.08,8572744
Portugal,1954,Europe,2.964,62.2,8616967
Portugal,1955,Europe,3.133,61.41,8662889
Portugal,1956,Europe,3.032,61.17,8704061
Portugal,1957,Europe,3.138,61.39,8743286
Portugal,1958,Europe,3.151,63.72,8792775
Portugal,1959,Europe,3.144,62.92,8840372
Portugal,1960,Europe,3.16,64.15,8873223
Portugal,1961,Europe,3.205,62.8,8888380
Portugal,1962,Europe,3.233,64.32,8895775
Portugal,1963,Europe,3.135,64.93,8898304
Portugal,1964,Europe,3.215,65.12,8895764
Portugal,1965,Europe,3.159,66.09,8889623
Portugal,1966,Europe,3.164,65.61,8872477
Portugal,1967,Europe,3.157,66.46,8845842
Portugal,1968,Europe,3.123,66.81,8809709
Portugal,1969,Europe,3.114,66.39,8754238
Portugal,1970,Europe,3.008,67.06,8669523
Portugal,1971,Europe,2.995,66.85,8685587
Portugal,1972,Europe,2.857,69.16,8815590
Portugal,1973,Europe,2.765,68.6,8939234
Portugal,1974,Europe,2.695,69.12,9059175
Portugal,1975,Europe,2.75,68.84,9182303
Portugal,1976,Europe,2.807,69.1,9310263
Portugal,1977,Europe,2.682,70.34,9438170
Portugal,1978,Europe,2.45,70.8,9556397
Portugal,1979,Europe,2.315,71.61,9663303
Portugal,1980,Europe,2.245,71.66,9763622
Portugal,1981,Europe,2.131,71.89,9837588
Portugal,1982,Europe,2.07,72.7,9885845
Portugal,1983,Europe,1.955,72.65,9925257
Portugal,1984,Europe,1.895,72.93,9956893
Portugal,1985,Europe,1.729,73.22,9979475
Portugal,1986,Europe,1.663,73.65,9993097
Portugal,1987,Europe,1.62,74.06,10001990
Portugal,1988,Europe,1.608,74.09,10004588
Portugal,1989,Europe,1.572,74.67,10001380
Portugal,1990,Europe,1.555,74.3,9989526
Portugal,1991,Europe,1.557,74.24,9969181
Portugal,1992,Europe,1.536,74.87,9960345
Portugal,1993,Europe,1.513,74.76,9972341
Portugal,1994,Europe,1.445,75.73,9998487
Portugal,1995,Europe,1.411,75.55,10031756
Portugal,1996,Europe,1.441,75.48,10067655
Portugal,1997,Europe,1.469,75.92,10110548
Portugal,1998,Europe,1.473,76.12,10159524
Portugal,1999,Europe,1.502,76.32,10214877
Portugal,2000,Europe,1.538,76.83,10283196
Portugal,2001,Europe,1.455,77.15,10354329
Portugal,2002,Europe,1.46,77.37,10413045
Portugal,2003,Europe,1.437,77.58,10454246
Portugal,2004,Europe,1.405,78.43,10481386
Portugal,2005,Europe,1.408,78.32,10502993
Portugal,2006,Europe,1.372,79.09,10524123
Portugal,2007,Europe,1.352,79.31,10546822
Portugal,2008,Europe,1.383,79.6,10564086
Portugal,2009,Europe,1.349,79.83,10576265
Portugal,2010,Europe,1.381,80.11,10578659
Portugal,2011,Europe,1.343,80.58,10557050
Portugal,2012,Europe,1.277,80.56,10513155
Portugal,2013,Europe,1.213,80.9,10458287
Portugal,2014,Europe,1.23,81.31,10406203
Portugal,2015,Europe,1.302,81.32,10370264
Portugal,2016,Europe,1.356,81.36,10346377
Portugal,2017,Europe,1.377,81.66,10330838
Portugal,2018,Europe,1.411,81.59,10325355
Portugal,2019,Europe,1.421,81.96,10343218
Portugal,2020,Europe,1.405,81.37,10370519
Portugal,2021,Europe,1.328,81.4,10390957
Portugal,2022,Europe,1.453,81.19,10417074
Portugal,2023,Europe,1.508,82.36,10430735
Portugal,2024,Europe,1.531,82.55,10425291
Portugal,2025,Europe,1.554,82.72,10411831
Paraguay,1950,Americas,6.49,58.05,1504351
Paraguay,1951,Americas,6.493,58.26,1537946
Paraguay,1952,Americas,6.499,58.37,1572608
Paraguay,1953,Americas,6.503,58.49,1608308
Paraguay,1954,Americas,6.506,58.62,1644932
Paraguay,1955,Americas,6.509,58.81,1682293
Paraguay,1956,Americas,6.51,59.02,1720418
Paraguay,1957,Americas,6.511,59.27,1759490
Paraguay,1958,Americas,6.509,59.56,1799653
Paraguay,1959,Americas,6.506,59.88,1840972
Paraguay,1960,Americas,6.5,60.2,1883517
Paraguay,1961,Americas,6.489,60.52,1927401
Paraguay,1962,Americas,6.472,60.82,1973136
Paraguay,1963,Americas,6.447,61.1,2021913
Paraguay,1964,Americas,6.421,61.37,2073121
Paraguay,1965,Americas,6.345,61.61,2125179
Paraguay,1966,Americas,6.231,61.83,2177590
Paraguay,1967,Americas,6.097,62.02,2229992
Paraguay,1968,Americas,5.972,62.21,2282394
Paraguay,1969,Americas,5.837,62.38,2334998
Paraguay,1970,Americas,5.718,62.55,2388030
Paraguay,1971,Americas,5.591,62.73,2442540
Paraguay,1972,Americas,5.458,62.89,2499885
Paraguay,1973,Americas,5.351,63.06,2561103
Paraguay,1974,Americas,5.272,63.23,2625622
Paraguay,1975,Americas,5.177,63.44,2691649
Paraguay,1976,Americas,5.117,63.65,2758844
Paraguay,1977,Americas,5.078,63.86,2827876
Paraguay,1978,Americas,5.036,64.08,2899268
Paraguay,1979,Americas,5.062,64.3,2973967
Paraguay,1980,Americas,5.102,64.55,3053239
Paraguay,1981,Americas,5.153,64.81,3137611
Paraguay,1982,Americas,5.126,65.08,3226195
Paraguay,1983,Americas,5.087,65.29,3318075
Paraguay,1984,Americas,5.037,65.61,3412939
Paraguay,1985,Americas,4.974,65.89,3510678
Paraguay,1986,Americas,4.929,66.17,3611474
Paraguay,1987,Americas,4.847,66.45,3714892
Paraguay,1988,Americas,4.774,66.71,3820551
Paraguay,1989,Americas,4.681,66.92,3927802
Paraguay,1990,Americas,4.565,67.34,4035752
Paraguay,1991,Americas,4.481,67.68,4144370
Paraguay,1992,Americas,4.402,67.96,4253608
Paraguay,1993,Americas,4.282,68.23,4362706
Paraguay,1994,Americas,4.196,68.5,4471423
Paraguay,1995,Americas,4.108,68.78,4579803
Paraguay,1996,Americas,4.014,69.05,4687540
Paraguay,1997,Americas,3.911,69.28,4794415
Paraguay,1998,Americas,3.798,69.51,4900028
Paraguay,1999,Americas,3.67,69.77,5003139
Paraguay,2000,Americas,3.508,70.03,5100875
Paraguay,2001,Americas,3.361,70.28,5187690
Paraguay,2002,Americas,3.233,70.54,5261334
Paraguay,2003,Americas,3.123,70.8,5326437
Paraguay,2004,Americas,3.053,71.05,5388181
Paraguay,2005,Americas,2.973,71.32,5448100
Paraguay,2006,Americas,2.889,71.58,5505145
Paraguay,2007,Americas,2.823,71.82,5559385
Paraguay,2008,Americas,2.792,72.05,5613577
Paraguay,2009,Americas,2.757,72.28,5671243
Paraguay,2010,Americas,2.695,72.55,5737973
Paraguay,2011,Americas,2.667,72.79,5814632
Paraguay,2012,Americas,2.658,73.11,5897011
Paraguay,2013,Americas,2.636,73.29,5982447
Paraguay,2014,Americas,2.646,73.42,6069819
Paraguay,2015,Americas,2.645,73.45,6159106
Paraguay,2016,Americas,2.624,73.49,6249129
Paraguay,2017,Americas,2.591,73.45,6338658
Paraguay,2018,Americas,2.561,73.63,6427382
Paraguay,2019,Americas,2.525,73.67,6515059
Paraguay,2020,Americas,2.497,72.72,6603741
Paraguay,2021,Americas,2.469,68.11,6684184
Paraguay,2022,Americas,2.444,72.32,6760460
Paraguay,2023,Americas,2.422,73.84,6844150
Paraguay,2024,Americas,2.398,73.98,6929152
Paraguay,2025,Americas,2.375,74.11,7013079
Palestine,1950,Asia,7.838,45.75,944632
Palestine,1951,Asia,7.841,46.03,952949
Palestine,1952,Asia,7.836,46.3,962311
Palestine,1953,Asia,7.828,46.58,972669
Palestine,1954,Asia,7.829,46.89,984023
Palestine,1955,Asia,7.819,47.21,996392
Palestine,1956,Asia,7.815,47.57,1009756
Palestine,1957,Asia,7.809,47.95,1024139
Palestine,1958,Asia,7.806,48.37,1039533
Palestine,1959,Asia,7.805,48.81,1055901
Palestine,1960,Asia,7.793,49.3,1073080
Palestine,1961,Asia,7.786,49.82,1090936
Palestine,1962,Asia,7.792,50.37,1109345
Palestine,1963,Asia,7.781,50.96,1127471
Palestine,1964,Asia,7.775,51.55,1140674
Palestine,1965,Asia,7.775,52.17,1147310
Palestine,1966,Asia,7.753,52.8,1146403
Palestine,1967,Asia,7.738,50.94,1135820
Palestine,1968,Asia,7.706,54.09,1121753
Palestine,1969,Asia,7.681,54.73,1113086
Palestine,1970,Asia,7.651,55.36,1116285
Palestine,1971,Asia,7.614,56.0,1134114
Palestine,1972,Asia,7.586,56.67,1164753
Palestine,1973,Asia,7.554,57.62,1202261
Palestine,1974,Asia,7.519,57.95,1241133
Palestine,1975,Asia,7.48,58.66,1279321
Palestine,1976,Asia,7.438,59.39,1316398
Palestine,1977,Asia,7.384,60.09,1352720
Palestine,1978,Asia,7.33,60.77,1389501
Palestine,1979,Asia,7.283,61.5,1428122
Palestine,1980,Asia,7.179,62.19,1469058
Palestine,1981,Asia,7.133,62.84,1512710
Palestine,1982,Asia,7.089,63.47,1560995
Palestine,1983,Asia,7.042,64.13,1618780
Palestine,1984,Asia,6.996,64.73,1688613
Palestine,1985,Asia,6.943,65.26,1745262
Palestine,1986,Asia,6.911,65.74,1789315
Palestine,1987,Asia,6.888,66.29,1876764
Palestine,1988,Asia,6.866,66.71,1977311
Palestine,1989,Asia,6.836,67.14,2055617
Palestine,1990,Asia,6.809,67.8,2139065
Palestine,1991,Asia,6.751,68.22,2228955
Palestine,1992,Asia,6.65,68.48,2324698
Palestine,1993,Asia,6.501,68.76,2425066
Palestine,1994,Asia,6.334,69.33,2529164
Palestine,1995,Asia,6.161,69.58,2636554
Palestine,1996,Asia,5.988,69.98,2746830
Palestine,1997,Asia,5.817,70.33,2859581
Palestine,1998,Asia,5.693,70.56,2962895
Palestine,1999,Asia,5.583,70.79,3056256
Palestine,2000,Asia,5.457,70.3,3151800
Palestine,2001,Asia,5.342,69.75,3242286
Palestine,2002,Asia,5.216,70.88,3322369
Palestine,2003,Asia,5.062,70.97,3398071
Palestine,2004,Asia,4.971,71.09,3475178
Palestine,2005,Asia,4.867,72.0,3557406
Palestine,2006,Asia,4.739,71.83,3645096
Palestine,2007,Asia,4.627,72.06,3736694
Palestine,2008,Asia,4.509,72.2,3829039
Palestine,2009,Asia,4.44,72.31,3921245
Palestine,2010,Asia,4.434,73.3,4016918
Palestine,2011,Asia,4.305,73.56,4115912
Palestine,2012,Asia,4.154,73.72,4215318
Palestine,2013,Asia,4.049,74.14,4315263
Palestine,2014,Asia,3.995,72.78,4415887
Palestine,2015,Asia,3.977,74.58,4521564
Palestine,2016,Asia,3.887,74.92,4632743
Palestine,2017,Asia,3.771,75.22,4742747
Palestine,2018,Asia,3.674,75.38,4850593
Palestine,2019,Asia,3.591,75.81,4957773
Palestine,2020,Asia,3.511,75.0,5069692
Palestine,2021,Asia,3.442,73.89,5185341
Palestine,2022,Asia,3.375,76.66,5305274
Palestine,2023,Asia,3.311,65.17,5409201
Palestine,2024,Asia,3.261,69.21,5495447
Palestine,2025,Asia,3.212,73.1,5589632
Qatar,1950,Asia,6.544,50.76,24304
Qatar,1951,Asia,6.543,51.46,25091
Qatar,1952,Asia,6.55,52.14,25911
Qatar,1953,Asia,6.539,52.83,26763
Qatar,1954,Asia,6.546,53.52,27641
Qatar,1955,Asia,6.538,54.21,28558
Qatar,1956,Asia,6.538,54.91,29549
Qatar,1957,Asia,6.531,55.61,30656
Qatar,1958,Asia,6.53,56.33,31991
Qatar,1959,Asia,6.532,57.05,33678
Qatar,1960,Asia,6.531,57.77,36025
Qatar,1961,Asia,6.526,58.5,39701
Qatar,1962,Asia,6.53,59.23,44651
Qatar,1963,Asia,6.527,59.96,50396
Qatar,1964,Asia,6.525,60.7,56882
Qatar,1965,Asia,6.527,61.44,64082
Qatar,1966,Asia,6.521,62.17,72207
Qatar,1967,Asia,6.462,62.88,81455
Qatar,1968,Asia,6.392,63.58,91762
Qatar,1969,Asia,6.311,64.25,103042
Qatar,1970,Asia,6.228,64.89,116370
Qatar,1971,Asia,6.145,65.49,131356
Qatar,1972,Asia,6.073,66.07,146518
Qatar,1973,Asia,6.008,66.63,161854
Qatar,1974,Asia,5.935,67.17,177372
Qatar,1975,Asia,5.861,67.68,193103
Qatar,1976,Asia,5.782,68.17,209067
Qatar,1977,Asia,5.691,68.64,225298
Qatar,1978,Asia,5.577,69.08,241820
Qatar,1979,Asia,5.461,69.51,258678
Qatar,1980,Asia,5.329,69.92,275923
Qatar,1981,Asia,5.196,70.31,293561
Qatar,1982,Asia,5.044,70.7,311544
Qatar,1983,Asia,4.898,71.09,329720
Qatar,1984,Asia,4.756,71.47,347894
Qatar,1985,Asia,4.642,71.83,365950
Qatar,1986,Asia,4.565,72.18,382426
Qatar,1987,Asia,4.539,72.52,397012
Qatar,1988,Asia,4.515,72.84,411273
Qatar,1989,Asia,4.412,73.13,425658
Qatar,1990,Asia,4.23,73.41,440184
Qatar,1991,Asia,3.988,73.65,454860
Qatar,1992,Asia,3.852,73.88,469657
Qatar,1993,Asia,3.765,74.07,484553
Qatar,1994,Asia,3.665,74.25,499469
Qatar,1995,Asia,3.557,74.4,514334
Qatar,1996,Asia,3.444,74.56,529024
Qatar,1997,Asia,3.327,74.71,550511
Qatar,1998,Asia,3.211,74.87,580543
Qatar,1999,Asia,3.117,75.05,612510
Qatar,2000,Asia,3.073,75.25,644993
Qatar,2001,Asia,3.08,75.49,677934
Qatar,2002,Asia,3.011,75.77,711215
Qatar,2003,Asia,2.925,76.1,744690
Qatar,2004,Asia,2.794,76.48,773341
Qatar,2005,Asia,2.635,76.91,825419
Qatar,2006,Asia,2.509,77.32,972841
Qatar,2007,Asia,2.438,77.74,1208601
Qatar,2008,Asia,2.369,78.26,1426942
Qatar,2009,Asia,2.254,78.84,1586052
Qatar,2010,Asia,2.137,79.44,1709238
Qatar,2011,Asia,2.07,79.99,1810960
Qatar,2012,Asia,2.04,80.5,1907122
Qatar,2013,Asia,2.032,80.97,2032650
Qatar,2014,Asia,2.03,81.39,2218378
Qatar,2015,Asia,1.976,81.78,2427340
Qatar,2016,Asia,1.856,82.15,2599382
Qatar,2017,Asia,1.834,82.46,2706716
Qatar,2018,Asia,1.756,82.71,2761144
Qatar,2019,Asia,1.731,82.94,2797927
Qatar,2020,Asia,1.675,80.41,2803375
Qatar,2021,Asia,1.605,81.08,2814988
Qatar,2022,Asia,1.739,81.86,2892466
Qatar,2023,Asia,1.729,82.37,2979086
Qatar,2024,Asia,1.703,82.52,3048429
Qatar,2025,Asia,1.678,82.68,3115891
Romania,1950,Europe,3.076,60.51,16397275
Romania,1951,Europe,3.052,61.16,16625608
Romania,1952,Europe,3.016,61.83,16846051
Romania,1953,Europe,2.992,62.47,17057702
Romania,1954,Europe,2.993,62.95,17266659
Romania,1955,Europe,3.011,63.25,17475271
Romania,1956,Europe,2.883,63.63,17691497
Romania,1957,Europe,2.711,63.99,17887291
Romania,1958,Europe,2.571,64.41,18046126
Romania,1959,Europe,2.422,64.93,18187698
Romania,1960,Europe,2.318,65.61,18313498
Romania,1961,Europe,2.156,66.42,18422521
Romania,1962,Europe,2.023,67.21,18511674
Romania,1963,Europe,1.987,67.81,18587433
Romania,1964,Europe,1.95,68.35,18655407
Romania,1965,Europe,1.903,68.39,18713060
Romania,1966,Europe,1.874,68.23,18776261
Romania,1967,Europe,3.588,68.08,18998561
Romania,1968,Europe,3.535,67.95,19361050
Romania,1969,Europe,3.112,67.24,19701809
Romania,1970,Europe,2.812,67.93,20011626
Romania,1971,Europe,2.598,68.41,20293487
Romania,1972,Europe,2.479,68.98,20555577
Romania,1973,Europe,2.394,68.7,20798323
Romania,1974,Europe,2.66,69.52,21033562
Romania,1975,Europe,2.595,69.6,21268070
Romania,1976,Europe,2.549,69.9,21497684
Romania,1977,Europe,2.566,69.47,21700176
Romania,1978,Europe,2.522,69.78,21868064
Romania,1979,Europe,2.49,69.46,22019627
Romania,1980,Europe,2.435,69.25,22154776
Romania,1981,Europe,2.354,69.51,22272788
Romania,1982,Europe,2.174,69.8,22374447
Romania,1983,Europe,2.077,69.82,22459213
Romania,1984,Europe,2.251,69.91,22534002
Romania,1985,Europe,2.309,69.41,22605815
Romania,1986,Europe,2.385,69.72,22674739
Romania,1987,Europe,2.38,69.05,22745589
Romania,1988,Europe,2.307,69.39,22815435
Romania,1989,Europe,2.204,69.55,22887645
Romania,1990,Europe,1.837,69.84,22939530
Romania,1991,Europe,1.6,70.05,22947416
Romania,1992,Europe,1.51,69.51,22912389
Romania,1993,Europe,1.437,69.51,22842257
Romania,1994,Europe,1.4,69.33,22756247
Romania,1995,Europe,1.337,69.32,22657722
Romania,1996,Europe,1.301,68.82,22541915
Romania,1997,Europe,1.317,69.09,22411511
Romania,1998,Europe,1.316,69.89,22284901
Romania,1999,Europe,1.304,70.58,22166156
Romania,2000,Europe,1.303,71.16,22046264
Romania,2001,Europe,1.272,71.12,21919916
Romania,2002,Europe,1.27,70.83,21770020
Romania,2003,Europe,1.298,70.82,21593448
Romania,2004,Europe,1.335,71.1,21403215
Romania,2005,Europe,1.394,71.58,21213395
Romania,2006,Europe,1.421,72.17,21035732
Romania,2007,Europe,1.449,72.79,20870714
Romania,2008,Europe,1.581,73.22,20718745
Romania,2009,Europe,1.636,73.46,20576922
Romania,2010,Europe,1.574,73.58,20432575
Romania,2011,Europe,1.475,74.29,20282009
Romania,2012,Europe,1.51,74.31,20158451
Romania,2013,Europe,1.466,74.92,20062913
Romania,2014,Europe,1.56,74.77,19968179
Romania,2015,Europe,1.621,74.74,19871018
Romania,2016,Europe,1.692,75.02,19777049
Romania,2017,Europe,1.77,75.02,19689405
Romania,2018,Europe,1.753,75.1,19597874
Romania,2019,Europe,1.711,75.33,19501542
Romania,2020,Europe,1.726,74.05,19392467
Romania,2021,Europe,1.718,72.74,19248159
Romania,2022,Europe,1.717,75.26,19166776
Romania,2023,Europe,1.713,75.94,19118482
Romania,2024,Europe,1.731,76.09,19015096
Romania,2025,Europe,1.749,76.25,18908655
Russia,1992,Europe,1.566,67.84,148915993
Russia,1993,Europe,1.393,65.04,148135419
Russia,1994,Europe,1.398,63.82,148200734
Russia,1995,Europe,1.352,63.99,148291406
Russia,1996,Europe,1.289,65.45,148084580
Russia,1997,Europe,1.243,66.59,147853769
Russia,1998,Europe,1.242,66.92,147635543
Russia,1999,Europe,1.183,65.59,147241973
Russia,2000,Europe,1.19,65.0,146717784
Russia,2001,Europe,1.221,65.02,146117290
Russia,2002,Europe,1.287,64.73,145939502
Russia,2003,Europe,1.334,64.72,145794230
Russia,2004,Europe,1.345,65.15,145180091
Russia,2005,Europe,1.299,65.22,144597886
Russia,2006,Europe,1.315,66.55,144102948
Russia,2007,Europe,1.428,67.47,143859767
Russia,2008,Europe,1.517,67.86,143811837
Russia,2009,Europe,1.559,68.66,143869128
Russia,2010,Europe,1.585,68.15,143934468
Russia,2011,Europe,1.601,69.72,144043751
Russia,2012,Europe,1.708,70.12,144291025
Russia,2013,Europe,1.725,70.64,144604105
Russia,2014,Europe,1.766,70.8,144925639
Russia,2015,Europe,1.79,71.34,145307612
Russia,2016,Europe,1.773,71.91,145778668
Russia,2017,Europe,1.627,72.84,146186798
Russia,2018,Europe,1.581,72.94,146430146
Russia,2019,Europe,1.504,73.07,146533063
Russia,2020,Europe,1.505,71.17,146371295
Russia,2021,Europe,1.505,69.81,145836172
Russia,2022,Europe,1.452,72.52,145579889
Russia,2023,Europe,1.449,73.15,145440502
Russia,2024,Europe,1.427,73.34,144820421
Russia,2025,Europe,1.406,73.52,143997393
Rwanda,1950,Africa,8.152,43.18,2157101
Rwanda,1951,Africa,8.156,43.47,2236039
Rwanda,1952,Africa,8.178,43.77,2316516
Rwanda,1953,Africa,8.198,44.09,2398364
Rwanda,1954,Africa,8.217,44.43,2482131
Rwanda,1955,Africa,8.214,44.79,2568303
Rwanda,1956,Africa,8.231,45.18,2656814
Rwanda,1957,Africa,8.256,45.61,2747877
Rwanda,1958,Africa,8.27,46.05,2840135
Rwanda,1959,Africa,8.288,46.55,2932401
Rwanda,1960,Africa,8.283,47.02,3022300
Rwanda,1961,Africa,8.279,47.46,3106786
Rwanda,1962,Africa,8.271,47.8,3186019
Rwanda,1963,Africa,8.269,44.0,3258901
Rwanda,1964,Africa,8.266,48.13,3334835
Rwanda,1965,Africa,8.249,48.2,3423216
Rwanda,1966,Africa,8.23,48.08,3521626
Rwanda,1967,Africa,8.211,47.99,3629585
Rwanda,1968,Africa,8.187,47.73,3744013
Rwanda,1969,Africa,8.176,47.44,3861274
Rwanda,1970,Africa,8.145,47.12,3980673
Rwanda,1971,Africa,8.092,46.76,4100049
Rwanda,1972,Africa,8.089,46.34,4220335
Rwanda,1973,Africa,8.092,45.94,4345045
Rwanda,1974,Africa,8.102,45.57,4474235
Rwanda,1975,Africa,8.096,45.32,4607728
Rwanda,1976,Africa,8.122,45.31,4745962
Rwanda,1977,Africa,8.138,45.58,4888248
Rwanda,1978,Africa,8.157,46.16,5035172
Rwanda,1979,Africa,8.13,47.09,5189550
Rwanda,1980,Africa,8.115,48.12,5353263
Rwanda,1981,Africa,8.102,49.22,5527236
Rwanda,1982,Africa,8.064,50.19,5711555
Rwanda,1983,Africa,8.001,50.94,5905311
Rwanda,1984,Africa,7.913,51.45,6107628
Rwanda,1985,Africa,7.786,51.7,6317230
Rwanda,1986,Africa,7.612,51.71,6531887
Rwanda,1987,Africa,7.426,51.47,6749494
Rwanda,1988,Africa,7.234,50.91,6968075
Rwanda,1989,Africa,7.029,49.48,7184709
Rwanda,1990,Africa,6.803,47.76,7375313
Rwanda,1991,Africa,6.622,46.24,7526964
Rwanda,1992,Africa,6.539,44.4,7683266
Rwanda,1993,Africa,6.479,42.94,7981142
Rwanda,1994,Africa,6.415,12.16,6792358
Rwanda,1995,Africa,6.345,41.52,5674118
Rwanda,1996,Africa,6.289,42.49,6708767
Rwanda,1997,Africa,6.235,41.98,7755237
Rwanda,1998,Africa,6.171,43.1,8081688
Rwanda,1999,Africa,6.059,45.75,8147917
Rwanda,2000,Africa,5.967,47.8,8213936
Rwanda,2001,Africa,5.893,49.49,8287091
Rwanda,2002,Africa,5.816,51.26,8400185
Rwanda,2003,Africa,5.737,53.53,8586878
Rwanda,2004,Africa,5.64,55.52,8816849
Rwanda,2005,Africa,5.5,56.97,9054532
Rwanda,2006,Africa,5.335,58.34,9299251
Rwanda,2007,Africa,5.141,59.5,9549940
Rwanda,2008,Africa,4.922,60.64,9804268
Rwanda,2009,Africa,4.707,61.81,10060438
Rwanda,2010,Africa,4.522,62.8,10317560
Rwanda,2011,Africa,4.332,63.48,10573742
Rwanda,2012,Africa,4.201,64.19,10829904
Rwanda,2013,Africa,4.136,64.65,11093340
Rwanda,2014,Africa,4.117,65.09,11364758
Rwanda,2015,Africa,4.108,65.42,11640026
Rwanda,2016,Africa,4.106,65.73,11919183
Rwanda,2017,Africa,4.084,66.14,12202062
Rwanda,2018,Africa,4.047,66.35,12488000
Rwanda,2019,Africa,3.985,66.69,12776102
Rwanda,2020,Africa,3.913,66.95,13065838
Rwanda,2021,Africa,3.841,66.85,13355260
Rwanda,2022,Africa,3.778,67.53,13651025
Rwanda,2023,Africa,3.698,67.78,13954473
Rwanda,2024,Africa,3.654,68.02,14256573
Rwanda,2025,Africa,3.611,68.24,14569349
Saudi Arabia,1950,Asia,7.577,40.02,1703280
Saudi Arabia,1951,Asia,7.575,40.55,1763610
Saudi Arabia,1952,Asia,7.576,41.07,1826521
Saudi Arabia,1953,Asia,7.588,41.58,1892173
Saudi Arabia,1954,Asia,7.587,42.09,1960632
Saudi Arabia,1955,Asia,7.592,42.6,2031965
Saudi Arabia,1956,Asia,7.587,43.13,2106234
Saudi Arabia,1957,Asia,7.595,43.66,2183545
Saudi Arabia,1958,Asia,7.603,44.2,2264105
Saudi Arabia,1959,Asia,7.616,44.75,2348014
Saudi Arabia,1960,Asia,7.626,45.31,2435410
Saudi Arabia,1961,Asia,7.634,45.88,2526350
Saudi Arabia,1962,Asia,7.636,46.47,2620915
Saudi Arabia,1963,Asia,7.654,47.09,2719347
Saudi Arabia,1964,Asia,7.672,47.73,2821970
Saudi Arabia,1965,Asia,7.658,48.44,2928780
Saudi Arabia,1966,Asia,7.655,49.19,3039891
Saudi Arabia,1967,Asia,7.658,49.99,3157247
Saudi Arabia,1968,Asia,7.627,50.86,3282707
Saudi Arabia,1969,Asia,7.597,51.77,3417123
Saudi Arabia,1970,Asia,7.583,52.73,3562475
Saudi Arabia,1971,Asia,7.556,53.73,3724039
Saudi Arabia,1972,Asia,7.539,54.74,3905729
Saudi Arabia,1973,Asia,7.484,55.77,4106346
Saudi Arabia,1974,Asia,7.426,56.78,4323639
Saudi Arabia,1975,Asia,7.37,57.78,4556289
Saudi Arabia,1976,Asia,7.33,58.78,4807936
Saudi Arabia,1977,Asia,7.295,59.75,5083043
Saudi Arabia,1978,Asia,7.263,60.69,5381901
Saudi Arabia,1979,Asia,7.227,61.52,5703704
Saudi Arabia,1980,Asia,7.145,62.44,6047997
Saudi Arabia,1981,Asia,7.067,63.25,6420554
Saudi Arabia,1982,Asia,6.979,64.01,6824484
Saudi Arabia,1983,Asia,6.875,64.72,7252947
Saudi Arabia,1984,Asia,6.776,65.39,7697312
Saudi Arabia,1985,Asia,6.649,66.03,8151782
Saudi Arabia,1986,Asia,6.517,66.65,8628639
Saudi Arabia,1987,Asia,6.343,67.24,9130207
Saudi Arabia,1988,Asia,6.15,67.81,9629172
Saudi Arabia,1989,Asia,5.975,68.36,10128397
Saudi Arabia,1990,Asia,5.804,68.87,10640697
Saudi Arabia,1991,Asia,5.644,69.34,11160752
Saudi Arabia,1992,Asia,5.489,69.8,11686682
Saudi Arabia,1993,Asia,5.326,70.21,12215864
Saudi Arabia,1994,Asia,5.161,70.59,12750037
Saudi Arabia,1995,Asia,4.986,70.94,13289246
Saudi Arabia,1996,Asia,4.812,71.29,13831002
Saudi Arabia,1997,Asia,4.656,71.62,14374948
Saudi Arabia,1998,Asia,4.524,71.96,14922188
Saudi Arabia,1999,Asia,4.354,72.29,15472076
Saudi Arabia,2000,Asia,4.206,72.61,16177733
Saudi Arabia,2001,Asia,3.964,72.95,17041405
Saudi Arabia,2002,Asia,3.709,73.3,17910909
Saudi Arabia,2003,Asia,3.465,73.66,18786771
Saudi Arabia,2004,Asia,3.264,74.03,19669486
Saudi Arabia,2005,Asia,3.161,74.4,20559886
Saudi Arabia,2006,Asia,3.176,74.76,21459141
Saudi Arabia,2007,Asia,3.185,75.07,22368313
Saudi Arabia,2008,Asia,3.074,75.3,23287884
Saudi Arabia,2009,Asia,2.95,75.45,24217656
Saudi Arabia,2010,Asia,2.81,75.62,25157134
Saudi Arabia,2011,Asia,2.8,75.81,26105636
Saudi Arabia,2012,Asia,2.78,76.09,27062447
Saudi Arabia,2013,Asia,2.67,76.52,28026825
Saudi Arabia,2014,Asia,2.68,77.12,28998127
Saudi Arabia,2015,Asia,2.63,77.78,29974944
Saudi Arabia,2016,Asia,2.65,78.35,30717804
Saudi Arabia,2017,Asia,2.67,78.72,30782400
Saudi Arabia,2018,Asia,2.67,78.75,30365119
Saudi Arabia,2019,Asia,2.49,78.31,30472809
Saudi Arabia,2020,Asia,2.27,77.6,30991206
Saudi Arabia,2021,Asia,2.17,77.09,31328374
Saudi Arabia,2022,Asia,2.14,77.31,32175351
Saudi Arabia,2023,Asia,2.28,78.73,33264289
Saudi Arabia,2024,Asia,2.246,78.98,33962751
Saudi Arabia,2025,Asia,2.212,79.19,34566327
Senegal,1950,Africa,6.787,36.5,2555376
Senegal,1951,Africa,6.788,36.91,2619643
Senegal,1952,Africa,6.792,37.37,2687011
Senegal,1953,Africa,6.801,37.78,2757571
Senegal,1954,Africa,6.815,38.17,2831393
Senegal,1955,Africa,6.834,38.54,2908512
Senegal,1956,Africa,6.858,38.88,2988938
Senegal,1957,Africa,6.887,39.12,3072374
Senegal,1958,Africa,6.92,39.4,3158762
Senegal,1959,Africa,6.957,39.53,3248325
Senegal,1960,Africa,6.996,39.67,3340900
Senegal,1961,Africa,7.038,39.72,3436379
Senegal,1962,Africa,7.079,39.74,3534688
Senegal,1963,Africa,7.12,39.74,3635876
Senegal,1964,Africa,7.157,39.76,3740540
Senegal,1965,Africa,7.19,39.76,3849793
Senegal,1966,Africa,7.217,39.85,3964305
Senegal,1967,Africa,7.237,39.99,4083872
Senegal,1968,Africa,7.251,40.15,4207593
Senegal,1969,Africa,7.259,40.4,4334979
Senegal,1970,Africa,7.262,40.79,4466330
Senegal,1971,Africa,7.261,41.24,4601869
Senegal,1972,Africa,7.258,41.77,4741632
Senegal,1973,Africa,7.255,42.43,4885181
Senegal,1974,Africa,7.252,43.1,5029446
Senegal,1975,Africa,7.252,43.94,5170812
Senegal,1976,Africa,7.258,44.81,5308567
Senegal,1977,Africa,7.268,45.71,5439555
Senegal,1978,Africa,7.279,46.6,5568099
Senegal,1979,Africa,7.29,47.48,5702899
Senegal,1980,Africa,7.292,48.29,5845640
Senegal,1981,Africa,7.279,49.08,5997165
Senegal,1982,Africa,7.245,49.86,6156963
Senegal,1983,Africa,7.189,50.81,6324507
Senegal,1984,Africa,7.111,51.69,6499366
Senegal,1985,Africa,7.013,52.59,6683296
Senegal,1986,Africa,6.902,53.72,6878199
Senegal,1987,Africa,6.785,54.63,7081535
Senegal,1988,Africa,6.577,55.55,7289622
Senegal,1989,Africa,6.479,56.21,7502213
Senegal,1990,Africa,6.396,56.67,7720524
Senegal,1991,Africa,6.267,57.04,7943091
Senegal,1992,Africa,6.149,57.29,8168396
Senegal,1993,Africa,6.049,57.35,8396289
Senegal,1994,Africa,5.915,57.48,8624077
Senegal,1995,Africa,5.819,57.34,8848112
Senegal,1996,Africa,5.723,57.13,9067018
Senegal,1997,Africa,5.639,57.11,9283505
Senegal,1998,Africa,5.581,57.08,9502951
Senegal,1999,Africa,5.573,57.31,9730897
Senegal,2000,Africa,5.498,57.62,9968262
Senegal,2001,Africa,5.397,58.16,10212941
Senegal,2002,Africa,5.301,58.91,10466216
Senegal,2003,Africa,5.246,59.47,10721176
Senegal,2004,Africa,5.192,60.31,10975711
Senegal,2005,Africa,5.133,60.98,11235473
Senegal,2006,Africa,5.064,61.8,11500094
Senegal,2007,Africa,5.018,62.65,11770348
Senegal,2008,Africa,5.024,63.2,12048963
Senegal,2009,Africa,5.025,63.75,12337390
Senegal,2010,Africa,5.055,64.22,12635418
Senegal,2011,Africa,5.099,64.8,12958902
Senegal,2012,Africa,5.129,65.23,13310499
Senegal,2013,Africa,5.049,65.64,13710857
Senegal,2014,Africa,4.884,66.0,14152103
Senegal,2015,Africa,4.751,66.45,14593335
Senegal,2016,Africa,4.648,66.72,15034517
Senegal,2017,Africa,4.489,67.06,15475001
Senegal,2018,Africa,4.294,67.38,15914495
Senegal,2019,Africa,4.1,67.67,16352926
Senegal,2020,Africa,4.003,67.5,16789217
Senegal,2021,Africa,3.936,66.87,17220866
Senegal,2022,Africa,3.864,67.79,17651099
Senegal,2023,Africa,3.818,68.68,18077573
Senegal,2024,Africa,3.761,68.92,18501988
Senegal,2025,Africa,3.704,69.16,18931969
Singapore,1950,Asia,6.225,54.09,1013318
Singapore,1951,Asia,6.253,55.26,1068050
Singapore,1952,Asia,6.286,56.43,1126098
Singapore,1953,Asia,6.321,57.47,1187531
Singapore,1954,Asia,6.346,59.42,1252286
Singapore,1955,Asia,6.375,61.21,1320233
Singapore,1956,Asia,6.444,62.62,1390957
Singapore,1957,Asia,6.404,63.39,1458281
Singapore,1958,Asia,6.316,64.03,1515731
Singapore,1959,Asia,6.121,64.79,1567757
Singapore,1960,Asia,5.765,65.3,1619328
Singapore,1961,Asia,5.418,65.69,1670469
Singapore,1962,Asia,5.216,66.09,1721183
Singapore,1963,Asia,5.159,66.49,1771517
Singapore,1964,Asia,4.971,66.71,1821468
Singapore,1965,Asia,4.667,66.94,1870828
Singapore,1966,Asia,4.452,67.24,1919088
Singapore,1967,Asia,3.914,67.33,1965686
Singapore,1968,Asia,3.528,67.66,2010102
Singapore,1969,Asia,3.222,68.08,2052163
Singapore,1970,Asia,3.068,68.5,2091568
Singapore,1971,Asia,3.02,68.8,2128445
Singapore,1972,Asia,3.031,68.96,2164344
Singapore,1973,Asia,2.782,69.36,2200145
Singapore,1974,Asia,2.351,69.71,2235079
Singapore,1975,Asia,2.08,70.23,2268532
Singapore,1976,Asia,2.09,70.57,2300749
Singapore,1977,Asia,1.826,70.88,2331547
Singapore,1978,Asia,1.787,71.16,2360611
Singapore,1979,Asia,1.789,71.36,2388159
Singapore,1980,Asia,1.739,71.53,2437496
Singapore,1981,Asia,1.711,71.75,2531801
Singapore,1982,Asia,1.672,72.02,2627420
Singapore,1983,Asia,1.54,72.42,2685982
Singapore,1984,Asia,1.54,72.6,2720930
Singapore,1985,Asia,1.533,73.12,2735032
Singapore,1986,Asia,1.347,73.56,2744656
Singapore,1987,Asia,1.487,74.03,2781625
Singapore,1988,Asia,1.75,74.05,2849043
Singapore,1989,Asia,1.527,74.33,2938656
Singapore,1990,Asia,1.583,74.6,3039593
Singapore,1991,Asia,1.495,75.06,3136294
Singapore,1992,Asia,1.485,75.33,3226461
Singapore,1993,Asia,1.498,75.53,3317892
Singapore,1994,Asia,1.471,75.63,3417818
Singapore,1995,Asia,1.443,75.72,3533624
Singapore,1996,Asia,1.424,76.05,3664566
Singapore,1997,Asia,1.372,76.39,3796629
Singapore,1998,Asia,1.261,76.85,3901418
Singapore,1999,Asia,1.239,77.27,3966562
Singapore,2000,Asia,1.342,77.75,4035251
Singapore,2001,Asia,1.186,78.27,4116169
Singapore,2002,Asia,1.172,78.74,4146898
Singapore,2003,Asia,1.081,79.18,4138241
Singapore,2004,Asia,1.071,79.66,4172767
Singapore,2005,Asia,1.072,80.27,4268363
Singapore,2006,Asia,1.068,80.64,4407064
Singapore,2007,Asia,1.069,80.89,4596516
Singapore,2008,Asia,1.044,81.1,4806742
Singapore,2009,Asia,1.002,81.43,4968574
Singapore,2010,Asia,0.934,81.65,5077020
Singapore,2011,Asia,0.964,81.94,5182242
Singapore,2012,Asia,1.027,82.21,5293345
Singapore,2013,Asia,0.949,82.47,5385589
Singapore,2014,Asia,1.003,82.61,5457899
Singapore,2015,Asia,0.977,82.75,5525343
Singapore,2016,Asia,0.943,82.9,5577936
Singapore,2017,Asia,0.936,83.09,5604087
Singapore,2018,Asia,0.948,83.38,5634366
Singapore,2019,Asia,0.942,83.66,5669562
Singapore,2020,Asia,0.942,83.66,5620151
Singapore,2021,Asia,0.944,83.48,5546291
Singapore,2022,Asia,0.943,82.92,5649888
Singapore,2023,Asia,0.943,83.74,5789092
Singapore,2024,Asia,0.937,83.86,5832387
Singapore,2025,Asia,0.93,84.0,5870749
Sierra Leone,1950,Africa,6.09,28.93,1999628
Sierra Leone,1951,Africa,6.069,29.29,2023289
Sierra Leone,1952,Africa,6.034,29.74,2047201
Sierra Leone,1953,Africa,6.003,30.12,2070818
Sierra Leone,1954,Africa,6.048,30.52,2095066
Sierra Leone,1955,Africa,6.073,30.93,2120895
Sierra Leone,1956,Africa,6.1,31.32,2147980
Sierra Leone,1957,Africa,6.115,31.77,2176254
Sierra Leone,1958,Africa,6.129,32.14,2204841
Sierra Leone,1959,Africa,6.146,32.56,2235024
Sierra Leone,1960,Africa,6.175,33.09,2268361
Sierra Leone,1961,Africa,6.205,33.63,2304229
Sierra Leone,1962,Africa,6.222,34.16,2342241
Sierra Leone,1963,Africa,6.261,34.7,2382262
Sierra Leone,1964,Africa,6.294,35.3,2424393
Sierra Leone,1965,Africa,6.311,35.93,2468669
Sierra Leone,1966,Africa,6.345,36.64,2514641
Sierra Leone,1967,Africa,6.383,37.28,2562394
Sierra Leone,1968,Africa,6.385,37.76,2611535
Sierra Leone,1969,Africa,6.393,38.23,2661367
Sierra Leone,1970,Africa,6.411,38.62,2712287
Sierra Leone,1971,Africa,6.429,39.1,2763230
Sierra Leone,1972,Africa,6.447,39.51,2814397
Sierra Leone,1973,Africa,6.473,39.96,2866959
Sierra Leone,1974,Africa,6.534,40.41,2920466
Sierra Leone,1975,Africa,6.546,40.99,2974659
Sierra Leone,1976,Africa,6.553,41.42,3028822
Sierra Leone,1977,Africa,6.568,41.83,3085359
Sierra Leone,1978,Africa,6.591,42.19,3145522
Sierra Leone,1979,Africa,6.582,42.53,3207502
Sierra Leone,1980,Africa,6.562,42.84,3272097
Sierra Leone,1981,Africa,6.554,43.09,3338944
Sierra Leone,1982,Africa,6.563,43.3,3408188
Sierra Leone,1983,Africa,6.573,43.45,3481644
Sierra Leone,1984,Africa,6.592,43.56,3558762
Sierra Leone,1985,Africa,6.592,43.56,3638444
Sierra Leone,1986,Africa,6.597,43.5,3728381
Sierra Leone,1987,Africa,6.609,43.75,3829720
Sierra Leone,1988,Africa,6.588,43.77,3934517
Sierra Leone,1989,Africa,6.571,43.74,4034038
Sierra Leone,1990,Africa,6.567,43.72,4196834
Sierra Leone,1991,Africa,6.553,43.29,4246268
Sierra Leone,1992,Africa,6.555,43.45,4166368
Sierra Leone,1993,Africa,6.569,43.43,4157128
Sierra Leone,1994,Africa,6.557,42.81,4173111
Sierra Leone,1995,Africa,6.555,42.58,4179178
Sierra Leone,1996,Africa,6.552,43.53,4199215
Sierra Leone,1997,Africa,6.531,43.65,4253710
Sierra Leone,1998,Africa,6.495,42.71,4295783
Sierra Leone,1999,Africa,6.423,41.96,4318047
Sierra Leone,2000,Africa,6.355,44.83,4423615
Sierra Leone,2001,Africa,6.305,45.45,4692715
Sierra Leone,2002,Africa,6.23,46.17,4971435
Sierra Leone,2003,Africa,6.087,46.78,5177686
Sierra Leone,2004,Africa,5.919,47.48,5355715
Sierra Leone,2005,Africa,5.807,48.31,5501707
Sierra Leone,2006,Africa,5.737,49.55,5624464
Sierra Leone,2007,Africa,5.643,50.02,5749353
Sierra Leone,2008,Africa,5.563,50.69,5894728
Sierra Leone,2009,Africa,5.448,51.31,6055655
Sierra Leone,2010,Africa,5.327,51.93,6222715
Sierra Leone,2011,Africa,5.209,52.59,6387258
Sierra Leone,2012,Africa,5.064,53.16,6551078
Sierra Leone,2013,Africa,4.873,54.05,6714057
Sierra Leone,2014,Africa,4.703,54.28,6876385
Sierra Leone,2015,Africa,4.548,55.45,7037660
Sierra Leone,2016,Africa,4.466,56.94,7205339
Sierra Leone,2017,Africa,4.389,57.76,7379300
Sierra Leone,2018,Africa,4.294,59.06,7554568
Sierra Leone,2019,Africa,4.192,59.59,7731994
Sierra Leone,2020,Africa,4.08,59.69,7912557
Sierra Leone,2021,Africa,3.978,60.26,8094603
Sierra Leone,2022,Africa,3.876,61.27,8276809
Sierra Leone,2023,Africa,3.791,61.79,8460523
Sierra Leone,2024,Africa,3.734,61.96,8642029
Sierra Leone,2025,Africa,3.678,62.15,8819796
El Salvador,1950,Americas,6.296,44.2,2183513
El Salvador,1951,Americas,6.319,43.81,2235309
El Salvador,1952,Americas,6.363,44.75,2287960
El Salvador,1953,Americas,6.394,44.99,2341981
El Salvador,1954,Americas,6.43,45.51,2397832
El Salvador,1955,Americas,6.475,46.03,2456598
El Salvador,1956,Americas,6.499,46.56,2518179
El Salvador,1957,Americas,6.536,47.12,2582514
El Salvador,1958,Americas,6.564,47.69,2648670
El Salvador,1959,Americas,6.591,47.97,2717539
El Salvador,1960,Americas,6.618,48.29,2791448
El Salvador,1961,Americas,6.644,48.63,2870022
El Salvador,1962,Americas,6.675,49.0,2949211
El Salvador,1963,Americas,6.69,49.38,3028678
El Salvador,1964,Americas,6.684,49.75,3111893
El Salvador,1965,Americas,6.636,50.21,3199474
El Salvador,1966,Americas,6.565,50.67,3290962
El Salvador,1967,Americas,6.487,50.84,3385192
El Salvador,1968,Americas,6.386,50.84,3480775
El Salvador,1969,Americas,6.278,51.28,3576488
El Salvador,1970,Americas,6.178,51.36,3668799
El Salvador,1971,Americas,6.13,51.66,3757531
El Salvador,1972,Americas,6.032,51.96,3846835
El Salvador,1973,Americas,5.929,52.78,3938073
El Salvador,1974,Americas,5.822,52.89,4029675
El Salvador,1975,Americas,5.705,53.42,4120451
El Salvador,1976,Americas,5.59,54.38,4210312
El Salvador,1977,Americas,5.473,54.05,4301259
El Salvador,1978,Americas,5.357,54.71,4394126
El Salvador,1979,Americas,5.234,53.8,4480389
El Salvador,1980,Americas,5.107,48.59,4540377
El Salvador,1981,Americas,4.986,50.89,4570602
El Salvador,1982,Americas,4.826,53.34,4622478
El Salvador,1983,Americas,4.65,54.37,4707368
El Salvador,1984,Americas,4.478,56.57,4798003
El Salvador,1985,Americas,4.316,58.03,4894703
El Salvador,1986,Americas,4.194,59.33,4992772
El Salvador,1987,Americas,4.175,59.4,5092443
El Salvador,1988,Americas,4.103,59.98,5195828
El Salvador,1989,Americas,4.033,61.25,5298977
El Salvador,1990,Americas,3.964,61.98,5399728
El Salvador,1991,Americas,3.889,62.54,5495081
El Salvador,1992,Americas,3.802,62.94,5585611
El Salvador,1993,Americas,3.691,64.0,5659959
El Salvador,1994,Americas,3.613,64.47,5714138
El Salvador,1995,Americas,3.568,64.9,5762135
El Salvador,1996,Americas,3.482,65.48,5805286
El Salvador,1997,Americas,3.377,66.25,5844578
El Salvador,1998,Americas,3.342,66.66,5880786
El Salvador,1999,Americas,3.217,67.28,5913908
El Salvador,2000,Americas,3.076,67.71,5943363
El Salvador,2001,Americas,2.93,67.97,5968058
El Salvador,2002,Americas,2.775,68.53,5986629
El Salvador,2003,Americas,2.636,68.79,5998597
El Salvador,2004,Americas,2.516,69.3,6004673
El Salvador,2005,Americas,2.44,69.34,6005583
El Salvador,2006,Americas,2.395,69.61,6002321
El Salvador,2007,Americas,2.354,69.82,6009820
El Salvador,2008,Americas,2.291,70.14,6029302
El Salvador,2009,Americas,2.261,70.36,6048284
El Salvador,2010,Americas,2.239,70.91,6068253
El Salvador,2011,Americas,2.224,71.19,6090128
El Salvador,2012,Americas,2.187,71.42,6113977
El Salvador,2013,Americas,2.154,71.22,6138845
El Salvador,2014,Americas,2.126,71.14,6162952
El Salvador,2015,Americas,2.067,70.95,6183675
El Salvador,2016,Americas,1.965,70.91,6200808
El Salvador,2017,Americas,1.896,71.01,6213538
El Salvador,2018,Americas,1.849,71.38,6219803
El Salvador,2019,Americas,1.838,71.72,6222316
El Salvador,2020,Americas,1.819,70.24,6234679
El Salvador,2021,Americas,1.803,69.94,6255780
El Salvador,2022,Americas,1.785,71.97,6280316
El Salvador,2023,Americas,1.775,72.1,6309629
El Salvador,2024,Americas,1.748,72.3,6338197
El Salvador,2025,Americas,1.722,72.52,6365506
Serbia,1992,Europe,1.573,71.63,7859811
Serbia,1993,Europe,1.544,71.88,7849723
Serbia,1994,Europe,1.505,72.3,7837157
Serbia,1995,Europe,1.468,72.73,7823281
Serbia,1996,Europe,1.436,72.92,7807720
Serbia,1997,Europe,1.398,72.95,7789186
Serbia,1998,Europe,1.37,72.3,7765929
Serbia,1999,Europe,1.354,69.99,7734367
Serbia,2000,Europe,1.353,72.33,7694608
Serbia,2001,Europe,1.355,72.28,7651927
Serbia,2002,Europe,1.363,72.6,7616741
Serbia,2003,Europe,1.37,72.72,7590946
Serbia,2004,Europe,1.361,72.87,7565843
Serbia,2005,Europe,1.336,73.11,7539139
Serbia,2006,Europe,1.319,73.39,7511395
Serbia,2007,Europe,1.316,73.72,7482996
Serbia,2008,Europe,1.331,73.9,7454285
Serbia,2009,Europe,1.362,74.11,7425346
Serbia,2010,Europe,1.399,74.38,7395872
Serbia,2011,Europe,1.404,74.72,7364858
Serbia,2012,Europe,1.444,75.09,7324624
Serbia,2013,Europe,1.431,75.35,7276183
Serbia,2014,Europe,1.46,75.48,7227203
Serbia,2015,Europe,1.46,75.65,7177257
Serbia,2016,Europe,1.462,75.74,7126083
Serbia,2017,Europe,1.483,75.79,7073507
Serbia,2018,Europe,1.487,76.04,7020014
Serbia,2019,Europe,1.513,76.06,6966155
Serbia,2020,Europe,1.485,74.51,6907814
Serbia,2021,Europe,1.517,72.85,6835429
Serbia,2022,Europe,1.519,75.48,6791215
Serbia,2023,Europe,1.5,76.77,6773204
Serbia,2024,Europe,1.505,76.94,6736217
Serbia,2025,Europe,1.509,77.14,6689038
Sao Tome and Principe,1950,Africa,6.227,39.13,60895
Sao Tome and Principe,1951,Africa,6.218,39.12,61783
Sao Tome and Principe,1952,Africa,6.202,39.14,62611
Sao Tome and Principe,1953,Africa,6.191,39.12,63348
Sao Tome and Principe,1954,Africa,6.185,39.16,64004
Sao Tome and Principe,1955,Africa,6.184,39.28,64618
Sao Tome and Principe,1956,Africa,6.187,39.54,65241
Sao Tome and Principe,1957,Africa,6.195,40.1,65886
Sao Tome and Principe,1958,Africa,6.208,40.96,66575
Sao Tome and Principe,1959,Africa,6.223,42.11,67306
Sao Tome and Principe,1960,Africa,6.242,43.56,68028
Sao Tome and Principe,1961,Africa,6.263,45.19,68724
Sao Tome and Principe,1962,Africa,6.284,46.84,69422
Sao Tome and Principe,1963,Africa,6.306,48.4,70133
Sao Tome and Principe,1964,Africa,6.327,49.74,70881
Sao Tome and Principe,1965,Africa,6.349,51.07,71691
Sao Tome and Principe,1966,Africa,6.371,52.31,72594
Sao Tome and Principe,1967,Africa,6.394,53.45,73610
Sao Tome and Principe,1968,Africa,6.419,54.49,74783
Sao Tome and Principe,1969,Africa,6.444,55.4,76096
Sao Tome and Principe,1970,Africa,6.468,56.27,77639
Sao Tome and Principe,1971,Africa,6.49,56.97,79351
Sao Tome and Principe,1972,Africa,6.51,57.45,81061
Sao Tome and Principe,1973,Africa,6.525,57.9,82816
Sao Tome and Principe,1974,Africa,6.534,58.26,84685
Sao Tome and Principe,1975,Africa,6.534,58.56,86722
Sao Tome and Principe,1976,Africa,6.524,58.78,88939
Sao Tome and Principe,1977,Africa,6.504,58.98,91316
Sao Tome and Principe,1978,Africa,6.473,59.14,93809
Sao Tome and Principe,1979,Africa,6.434,59.27,96266
Sao Tome and Principe,1980,Africa,6.386,59.36,98563
Sao Tome and Principe,1981,Africa,6.333,59.43,100629
Sao Tome and Principe,1982,Africa,6.276,59.53,102528
Sao Tome and Principe,1983,Africa,6.217,59.68,104397
Sao Tome and Principe,1984,Africa,6.158,59.89,106410
Sao Tome and Principe,1985,Africa,6.101,60.14,108669
Sao Tome and Principe,1986,Africa,6.046,57.6,111163
Sao Tome and Principe,1987,Africa,5.992,60.66,113934
Sao Tome and Principe,1988,Africa,5.938,60.81,116955
Sao Tome and Principe,1989,Africa,5.884,59.73,119990
Sao Tome and Principe,1990,Africa,5.828,60.71,122993
Sao Tome and Principe,1991,Africa,5.769,60.79,125711
Sao Tome and Principe,1992,Africa,5.704,60.71,128127
Sao Tome and Principe,1993,Africa,5.635,60.62,130478
Sao Tome and Principe,1994,Africa,5.562,60.55,132745
Sao Tome and Principe,1995,Africa,5.554,60.54,134905
Sao Tome and Principe,1996,Africa,5.474,60.58,136974
Sao Tome and Principe,1997,Africa,5.396,60.65,138935
Sao Tome and Principe,1998,Africa,5.304,60.78,140765
Sao Tome and Principe,1999,Africa,5.228,60.98,142459
Sao Tome and Principe,2000,Africa,5.157,61.21,144029
Sao Tome and Principe,2001,Africa,5.097,61.5,146386
Sao Tome and Principe,2002,Africa,5.062,61.83,149932
Sao Tome and Principe,2003,Africa,5.013,62.16,153824
Sao Tome and Principe,2004,Africa,4.962,62.56,157721
Sao Tome and Principe,2005,Africa,4.939,62.43,161650
Sao Tome and Principe,2006,Africa,4.933,63.04,165651
Sao Tome and Principe,2007,Africa,4.957,63.34,169709
Sao Tome and Principe,2008,Africa,4.906,63.45,173808
Sao Tome and Principe,2009,Africa,4.838,63.67,177866
Sao Tome and Principe,2010,Africa,4.769,63.87,181810
Sao Tome and Principe,2011,Africa,4.718,64.12,185665
Sao Tome and Principe,2012,Africa,4.664,64.5,189452
Sao Tome and Principe,2013,Africa,4.584,64.93,193158
Sao Tome and Principe,2014,Africa,4.485,65.48,196780
Sao Tome and Principe,2015,Africa,4.354,66.02,200308
Sao Tome and Principe,2016,Africa,4.203,66.56,203702
Sao Tome and Principe,2017,Africa,4.069,67.07,206986
Sao Tome and Principe,2018,Africa,3.977,67.6,210198
Sao Tome and Principe,2019,Africa,3.9,68.04,213405
Sao Tome and Principe,2020,Africa,3.827,67.98,217450
Sao Tome and Principe,2021,Africa,3.759,68.03,221975
Sao Tome and Principe,2022,Africa,3.695,69.24,226313
Sao Tome and Principe,2023,Africa,3.644,69.72,230882
Sao Tome and Principe,2024,Africa,3.589,69.91,235548
Sao Tome and Principe,2025,Africa,3.535,70.08,240263
Slovakia,1993,Europe,1.859,71.88,5326363
Slovakia,1994,Europe,1.666,72.33,5343230
Slovakia,1995,Europe,1.523,72.25,5354287
Slovakia,1996,Europe,1.469,72.74,5362430
Slovakia,1997,Europe,1.428,72.69,5369781
Slovakia,1998,Europe,1.376,72.57,5374801
Slovakia,1999,Europe,1.331,72.96,5378105
Slovakia,2000,Europe,1.293,73.14,5380001
Slovakia,2001,Europe,1.202,73.57,5379439
Slovakia,2002,Europe,1.185,73.77,5377685
Slovakia,2003,Europe,1.204,73.82,5376197
Slovakia,2004,Europe,1.246,74.22,5376038
Slovakia,2005,Europe,1.262,74.16,5376697
Slovakia,2006,Europe,1.254,74.42,5376847
Slovakia,2007,Europe,1.27,74.5,5376993
Slovakia,2008,Europe,1.342,74.86,5379127
Slovakia,2009,Europe,1.433,75.22,5385074
Slovakia,2010,Europe,1.43,75.5,5391857
Slovakia,2011,Europe,1.445,76.02,5398105
Slovakia,2012,Europe,1.394,76.18,5404877
Slovakia,2013,Europe,1.396,76.51,5410422
Slovakia,2014,Europe,1.422,76.85,5415238
Slovakia,2015,Europe,1.403,76.65,5420278
Slovakia,2016,Europe,1.478,77.22,5427262
Slovakia,2017,Europe,1.521,77.22,5435702
Slovakia,2018,Europe,1.545,77.27,5443229
Slovakia,2019,Europe,1.566,77.69,5450627
Slovakia,2020,Europe,1.591,76.86,5455028
Slovakia,2021,Europe,1.631,74.59,5442766
Slovakia,2022,Europe,1.56,77.04,5473195
Slovakia,2023,Europe,1.56,78.34,5518057
Slovakia,2024,Europe,1.576,78.49,5506759
Slovakia,2025,Europe,1.592,78.65,5474874
Slovenia,1992,Europe,1.334,73.42,1995862
Slovenia,1993,Europe,1.329,73.58,1990815
Slovenia,1994,Europe,1.315,73.91,1988262
Slovenia,1995,Europe,1.288,74.42,1988098
Slovenia,1996,Europe,1.279,74.8,1986792
Slovenia,1997,Europe,1.247,74.99,1984404
Slovenia,1998,Europe,1.231,75.14,1980071
Slovenia,1999,Europe,1.212,75.45,1981198
Slovenia,2000,Europe,1.253,75.83,1986817
Slovenia,2001,Europe,1.208,76.18,1989684
Slovenia,2002,Europe,1.21,76.32,1991571
Slovenia,2003,Europe,1.203,76.32,1992499
Slovenia,2004,Europe,1.248,76.93,1993548
Slovenia,2005,Europe,1.263,77.5,1996915
Slovenia,2006,Europe,1.317,77.82,2003116
Slovenia,2007,Europe,1.386,78.28,2014159
Slovenia,2008,Europe,1.529,78.59,2025090
Slovenia,2009,Europe,1.538,79.03,2035610
Slovenia,2010,Europe,1.579,79.3,2044611
Slovenia,2011,Europe,1.57,79.59,2048805
Slovenia,2012,Europe,1.587,79.77,2053322
Slovenia,2013,Europe,1.553,80.09,2056452
Slovenia,2014,Europe,1.581,80.25,2058395
Slovenia,2015,Europe,1.576,80.5,2059946
Slovenia,2016,Europe,1.587,80.51,2061379
Slovenia,2017,Europe,1.622,80.62,2062410
Slovenia,2018,Europe,1.606,80.86,2069484
Slovenia,2019,Europe,1.611,81.01,2083438
Slovenia,2020,Europe,1.594,80.36,2102421
Slovenia,2021,Europe,1.64,80.43,2113495
Slovenia,2022,Europe,1.568,80.79,2115231
Slovenia,2023,Europe,1.576,81.6,2118394
Slovenia,2024,Europe,1.575,81.78,2118692
Slovenia,2025,Europe,1.575,81.94,2117070
Sweden,1950,Europe,2.286,71.14,7016565
Sweden,1951,Europe,2.212,71.36,7072885
Sweden,1952,Europe,2.232,71.84,7124674
Sweden,1953,Europe,2.253,71.9,7171426
Sweden,1954,Europe,2.182,72.35,7213463
Sweden,1955,Europe,2.248,72.59,7262328
Sweden,1956,Europe,2.286,72.66,7315521
Sweden,1957,Europe,2.28,72.49,7366882
Sweden,1958,Europe,2.25,73.15,7414351
Sweden,1959,Europe,2.226,73.37,7453562
Sweden,1960,Europe,2.17,73.04,7484597
Sweden,1961,Europe,2.202,73.49,7519996
Sweden,1962,Europe,2.236,73.35,7561517
Sweden,1963,Europe,2.315,73.53,7604207
Sweden,1964,Europe,2.448,73.7,7661190
Sweden,1965,Europe,2.401,73.87,7733011
Sweden,1966,Europe,2.356,74.1,7805585
Sweden,1967,Europe,2.266,74.15,7866403
Sweden,1968,Europe,2.074,74.0,7912123
Sweden,1969,Europe,1.931,74.11,7968013
Sweden,1970,Europe,1.921,74.66,8042783
Sweden,1971,Europe,1.957,74.6,8098104
Sweden,1972,Europe,1.91,74.7,8122426
Sweden,1973,Europe,1.868,74.86,8137166
Sweden,1974,Europe,1.867,74.97,8160636
Sweden,1975,Europe,1.767,74.98,8192641
Sweden,1976,Europe,1.682,74.97,8222392
Sweden,1977,Europe,1.64,75.39,8251699
Sweden,1978,Europe,1.601,75.48,8275793
Sweden,1979,Europe,1.65,75.52,8293749
Sweden,1980,Europe,1.672,75.74,8310470
Sweden,1981,Europe,1.633,76.04,8320460
Sweden,1982,Europe,1.618,76.35,8325179
Sweden,1983,Europe,1.613,76.58,8328915
Sweden,1984,Europe,1.655,76.84,8336482
Sweden,1985,Europe,1.734,76.69,8350249
Sweden,1986,Europe,1.795,76.95,8369681
Sweden,1987,Europe,1.844,77.11,8397651
Sweden,1988,Europe,1.956,77.0,8436358
Sweden,1989,Europe,2.015,77.65,8492821
Sweden,1990,Europe,2.121,77.59,8558571
Sweden,1991,Europe,2.109,77.73,8616955
Sweden,1992,Europe,2.078,78.07,8667576
Sweden,1993,Europe,1.987,78.14,8718038
Sweden,1994,Europe,1.878,78.75,8780190
Sweden,1995,Europe,1.73,78.82,8826298
Sweden,1996,Europe,1.6,79.05,8840330
Sweden,1997,Europe,1.527,79.27,8845525
Sweden,1998,Europe,1.506,79.42,8850606
Sweden,1999,Europe,1.501,79.51,8857691
Sweden,2000,Europe,1.542,79.74,8872099
Sweden,2001,Europe,1.569,79.84,8896018
Sweden,2002,Europe,1.648,79.94,8925045
Sweden,2003,Europe,1.712,80.19,8958434
Sweden,2004,Europe,1.751,80.55,8993805
Sweden,2005,Europe,1.772,80.62,9029771
Sweden,2006,Europe,1.848,80.83,9080628
Sweden,2007,Europe,1.877,80.97,9148280
Sweden,2008,Europe,1.905,81.14,9219903
Sweden,2009,Europe,1.932,81.36,9298738
Sweden,2010,Europe,1.973,81.52,9378234
Sweden,2011,Europe,1.902,81.76,9449263
Sweden,2012,Europe,1.9,81.73,9519477
Sweden,2013,Europe,1.885,81.94,9600620
Sweden,2014,Europe,1.876,82.22,9696438
Sweden,2015,Europe,1.847,82.18,9799483
Sweden,2016,Europe,1.846,82.34,9923281
Sweden,2017,Europe,1.785,82.44,10057864
Sweden,2018,Europe,1.754,82.53,10175400
Sweden,2019,Europe,1.709,83.05,10279120
Sweden,2020,Europe,1.671,82.43,10353682
Sweden,2021,Europe,1.668,83.02,10416134
Sweden,2022,Europe,1.538,83.05,10487335
Sweden,2023,Europe,1.43,83.26,10551493
Sweden,2024,Europe,1.409,83.42,10606993
Sweden,2025,Europe,1.387,83.58,10656636
Eswatini,1950,Africa,6.732,43.44,271670
Eswatini,1951,Africa,6.721,43.74,278618
Eswatini,1952,Africa,6.702,44.01,285637
Eswatini,1953,Africa,6.689,44.28,292742
Eswatini,1954,Africa,6.682,44.59,299943
Eswatini,1955,Africa,6.682,44.85,307222
Eswatini,1956,Africa,6.687,45.11,314620
Eswatini,1957,Africa,6.697,45.43,322131
Eswatini,1958,Africa,6.712,45.75,329770
Eswatini,1959,Africa,6.731,46.09,337521
Eswatini,1960,Africa,6.752,46.39,345339
Eswatini,1961,Africa,6.774,46.75,353265
Eswatini,1962,Africa,6.794,47.15,361376
Eswatini,1963,Africa,6.804,47.47,369768
Eswatini,1964,Africa,6.789,47.92,378660
Eswatini,1965,Africa,6.794,48.43,388342
Eswatini,1966,Africa,6.802,48.99,398773
Eswatini,1967,Africa,6.766,49.53,409044
Eswatini,1968,Africa,6.761,50.08,419154
Eswatini,1969,Africa,6.761,50.64,429884
Eswatini,1970,Africa,6.749,51.21,441223
Eswatini,1971,Africa,6.739,51.78,453192
Eswatini,1972,Africa,6.722,52.35,465791
Eswatini,1973,Africa,6.715,52.99,479043
Eswatini,1974,Africa,6.71,53.66,493004
Eswatini,1975,Africa,6.707,54.4,507675
Eswatini,1976,Africa,6.701,55.17,523339
Eswatini,1977,Africa,6.676,55.97,540353
Eswatini,1978,Africa,6.647,56.78,558446
Eswatini,1979,Africa,6.607,57.54,577208
Eswatini,1980,Africa,6.574,58.23,596657
Eswatini,1981,Africa,6.539,58.79,616816
Eswatini,1982,Africa,6.491,59.47,637656
Eswatini,1983,Africa,6.432,58.42,658958
Eswatini,1984,Africa,6.36,60.44,680790
Eswatini,1985,Africa,6.282,61.16,706204
Eswatini,1986,Africa,6.106,61.6,734736
Eswatini,1987,Africa,5.902,61.9,763812
Eswatini,1988,Africa,5.693,61.93,799806
Eswatini,1989,Africa,5.479,61.67,837810
Eswatini,1990,Africa,5.295,61.17,872436
Eswatini,1991,Africa,5.132,60.39,908193
Eswatini,1992,Africa,4.981,59.28,943426
Eswatini,1993,Africa,4.815,58.09,971327
Eswatini,1994,Africa,4.662,56.64,971221
Eswatini,1995,Africa,4.523,55.08,970439
Eswatini,1996,Africa,4.378,53.3,989847
Eswatini,1997,Africa,4.235,51.7,1006647
Eswatini,1998,Africa,4.125,50.07,1019657
Eswatini,1999,Africa,4.089,48.81,1030785
Eswatini,2000,Africa,4.03,47.63,1041428
Eswatini,2001,Africa,3.944,46.34,1051066
Eswatini,2002,Africa,3.854,45.38,1059456
Eswatini,2003,Africa,3.796,44.63,1066706
Eswatini,2004,Africa,3.76,43.91,1073170
Eswatini,2005,Africa,3.704,43.96,1079022
Eswatini,2006,Africa,3.632,44.56,1084442
Eswatini,2007,Africa,3.58,45.16,1090713
Eswatini,2008,Africa,3.567,45.85,1098098
Eswatini,2009,Africa,3.504,46.91,1105158
Eswatini,2010,Africa,3.375,48.33,1111651
Eswatini,2011,Africa,3.317,49.06,1117845
Eswatini,2012,Africa,3.266,50.71,1123870
Eswatini,2013,Africa,3.237,52.11,1130000
Eswatini,2014,Africa,3.181,53.49,1136305
Eswatini,2015,Africa,3.122,54.94,1142822
Eswatini,2016,Africa,3.068,56.23,1149516
Eswatini,2017,Africa,3.018,57.57,1158198
Eswatini,2018,Africa,2.971,58.71,1168933
Eswatini,2019,Africa,2.925,59.85,1179885
Eswatini,2020,Africa,2.888,59.86,1192734
Eswatini,2021,Africa,2.841,58.23,1206598
Eswatini,2022,Africa,2.801,63.03,1218921
Eswatini,2023,Africa,2.753,64.12,1230507
Eswatini,2024,Africa,2.712,64.26,1242829
Eswatini,2025,Africa,2.671,64.4,1256178
Seychelles,1950,Africa,4.81,57.82,38306
Seychelles,1951,Africa,4.837,58.04,38702
Seychelles,1952,Africa,4.881,58.36,39010
Seychelles,1953,Africa,4.929,58.69,39334
Seychelles,1954,Africa,5.019,59.0,39703
Seychelles,1955,Africa,5.108,59.39,40126
Seychelles,1956,Africa,5.162,59.81,40617
Seychelles,1957,Africa,5.203,60.17,41198
Seychelles,1958,Africa,5.251,60.35,41823
Seychelles,1959,Africa,5.302,60.42,42487
Seychelles,1960,Africa,5.313,60.49,43249
Seychelles,1961,Africa,5.422,60.58,44133
Seychelles,1962,Africa,5.513,60.67,45088
Seychelles,1963,Africa,5.606,60.91,46099
Seychelles,1964,Africa,5.694,61.15,47164
Seychelles,1965,Africa,5.716,61.44,48295
Seychelles,1966,Africa,6.126,61.68,49476
Seychelles,1967,Africa,5.895,62.07,50686
Seychelles,1968,Africa,5.614,62.64,51904
Seychelles,1969,Africa,5.479,63.27,53104
Seychelles,1970,Africa,5.307,63.98,54276
Seychelles,1971,Africa,5.689,64.64,55534
Seychelles,1972,Africa,5.155,65.35,56913
Seychelles,1973,Africa,4.784,65.93,58320
Seychelles,1974,Africa,5.099,66.43,59765
Seychelles,1975,Africa,4.752,66.85,61236
Seychelles,1976,Africa,4.086,67.22,62762
Seychelles,1977,Africa,3.754,67.59,64117
Seychelles,1978,Africa,3.919,67.94,65008
Seychelles,1979,Africa,3.66,68.24,65625
Seychelles,1980,Africa,3.79,68.49,66281
Seychelles,1981,Africa,3.665,68.73,66974
Seychelles,1982,Africa,3.131,69.0,67666
Seychelles,1983,Africa,3.218,69.26,68379
Seychelles,1984,Africa,3.24,69.47,69103
Seychelles,1985,Africa,3.091,69.62,69837
Seychelles,1986,Africa,3.074,69.77,70582
Seychelles,1987,Africa,2.922,69.89,71358
Seychelles,1988,Africa,2.789,69.99,72229
Seychelles,1989,Africa,2.671,70.07,73142
Seychelles,1990,Africa,2.607,70.17,74000
Seychelles,1991,Africa,2.692,70.26,74838
Seychelles,1992,Africa,2.526,70.35,75630
Seychelles,1993,Africa,2.582,70.42,76420
Seychelles,1994,Africa,2.597,70.5,77279
Seychelles,1995,Africa,2.361,70.63,78144
Seychelles,1996,Africa,2.311,70.8,78901
Seychelles,1997,Africa,2.137,70.76,79670
Seychelles,1998,Africa,2.037,71.09,80738
Seychelles,1999,Africa,2.045,71.21,82033
Seychelles,2000,Africa,2.066,71.31,83339
Seychelles,2001,Africa,1.983,71.43,84621
Seychelles,2002,Africa,2.027,71.55,85878
Seychelles,2003,Africa,2.046,71.68,87056
Seychelles,2004,Africa,2.036,71.71,88175
Seychelles,2005,Africa,2.182,71.92,89288
Seychelles,2006,Africa,2.103,72.05,90391
Seychelles,2007,Africa,2.225,72.16,91483
Seychelles,2008,Africa,2.319,72.32,92563
Seychelles,2009,Africa,2.371,72.41,93644
Seychelles,2010,Africa,2.2,72.48,94993
Seychelles,2011,Africa,2.367,72.51,97041
Seychelles,2012,Africa,2.407,72.49,99565
Seychelles,2013,Africa,2.182,72.43,102108
Seychelles,2014,Africa,2.161,72.36,104663
Seychelles,2015,Africa,2.217,72.28,107247
Seychelles,2016,Africa,2.295,72.25,109836
Seychelles,2017,Africa,2.313,72.23,112443
Seychelles,2018,Africa,2.291,72.18,115053
Seychelles,2019,Africa,2.262,72.12,117662
Seychelles,2020,Africa,2.227,74.09,120299
Seychelles,2021,Africa,2.199,71.22,123000
Seychelles,2022,Africa,2.166,71.25,125533
Seychelles,2023,Africa,2.133,72.86,127961
Seychelles,2024,Africa,2.13,72.99,130436
Seychelles,2025,Africa,2.127,73.14,132796
Syria,1950,Asia,7.618,42.45,3612085
Syria,1951,Asia,7.629,43.45,3684867
Syria,1952,Asia,7.63,44.34,3765240
Syria,1953,Asia,7.626,45.33,3852829
Syria,1954,Asia,7.63,46.35,3947873
Syria,1955,Asia,7.634,47.4,4050600
Syria,1956,Asia,7.594,48.49,4160633
Syria,1957,Asia,7.557,49.58,4277735
Syria,1958,Asia,7.512,50.67,4401997
Syria,1959,Asia,7.506,51.72,4533776
Syria,1960,Asia,7.505,52.72,4673502
Syria,1961,Asia,7.502,53.65,4815459
Syria,1962,Asia,7.51,54.57,4959340
Syria,1963,Asia,7.511,55.39,5110471
Syria,1964,Asia,7.525,56.17,5269094
Syria,1965,Asia,7.532,56.9,5435268
Syria,1966,Asia,7.552,57.55,5609050
Syria,1967,Asia,7.556,58.05,5790195
Syria,1968,Asia,7.569,59.12,5978741
Syria,1969,Asia,7.586,59.84,6175173
Syria,1970,Asia,7.621,60.61,6380612
Syria,1971,Asia,7.6,61.33,6598098
Syria,1972,Asia,7.573,61.97,6826032
Syria,1973,Asia,7.548,60.83,7060328
Syria,1974,Asia,7.52,63.44,7302158
Syria,1975,Asia,7.486,64.19,7554368
Syria,1976,Asia,7.448,64.84,7817317
Syria,1977,Asia,7.418,65.4,8090507
Syria,1978,Asia,7.345,65.93,8372761
Syria,1979,Asia,7.247,66.24,8661911
Syria,1980,Asia,7.119,66.55,8957664
Syria,1981,Asia,6.974,64.6,9260187
Syria,1982,Asia,6.811,60.84,9572513
Syria,1983,Asia,6.692,67.35,9904814
Syria,1984,Asia,6.586,67.72,10258406
Syria,1985,Asia,6.484,68.05,10625673
Syria,1986,Asia,6.365,68.42,11002842
Syria,1987,Asia,6.201,68.8,11388916
Syria,1988,Asia,5.999,69.17,11782269
Syria,1989,Asia,5.777,69.49,12179070
Syria,1990,Asia,5.561,69.83,12579212
Syria,1991,Asia,5.342,70.08,12980824
Syria,1992,Asia,5.141,70.24,13385570
Syria,1993,Asia,4.994,70.31,13795687
Syria,1994,Asia,4.856,70.3,14208585
Syria,1995,Asia,4.697,70.21,14616804
Syria,1996,Asia,4.536,70.16,15018110
Syria,1997,Asia,4.371,70.16,15417539
Syria,1998,Asia,4.25,70.24,15820409
Syria,1999,Asia,4.144,70.51,16228064
Syria,2000,Asia,4.068,70.86,16637884
Syria,2001,Asia,3.976,71.3,17051337
Syria,2002,Asia,3.865,71.74,17468335
Syria,2003,Asia,3.763,72.19,17889297
Syria,2004,Asia,3.679,72.49,18336879
Syria,2005,Asia,3.605,72.8,18814092
Syria,2006,Asia,3.562,73.04,19637016
Syria,2007,Asia,3.538,73.26,20884136
Syria,2008,Asia,3.481,73.37,21636566
Syria,2009,Asia,3.415,73.5,21976971
Syria,2010,Asia,3.355,73.54,22482417
Syria,2011,Asia,3.285,72.26,22878104
Syria,2012,Asia,3.221,66.21,22759763
Syria,2013,Asia,3.165,65.15,21666921
Syria,2014,Asia,3.117,65.49,20273661
Syria,2015,Asia,3.067,63.27,19424615
Syria,2016,Asia,3.012,65.19,19193835
Syria,2017,Asia,2.972,65.65,19224671
Syria,2018,Asia,2.932,67.37,19577849
Syria,2019,Asia,2.878,70.97,20353536
Syria,2020,Asia,2.837,71.94,21049431
Syria,2021,Asia,2.798,72.42,21628837
Syria,2022,Asia,2.746,72.79,22462170
Syria,2023,Asia,2.712,72.12,23594623
Syria,2024,Asia,2.671,72.56,24672758
Syria,2025,Asia,2.631,72.99,25620419
Chad,1950,Africa,6.062,35.23,2525457
Chad,1951,Africa,6.071,35.45,2570410
Chad,1952,Africa,6.09,35.85,2616313
Chad,1953,Africa,6.109,36.28,2663776
Chad,1954,Africa,6.129,36.79,2713010
Chad,1955,Africa,6.149,37.35,2764252
Chad,1956,Africa,6.169,37.92,2817660
Chad,1957,Africa,6.19,38.33,2873095
Chad,1958,Africa,6.21,38.74,2930371
Chad,1959,Africa,6.23,38.96,2989326
Chad,1960,Africa,6.25,39.22,3049843
Chad,1961,Africa,6.268,39.42,3111956
Chad,1962,Africa,6.285,39.61,3175599
Chad,1963,Africa,6.301,39.89,3240909
Chad,1964,Africa,6.318,40.12,3307482
Chad,1965,Africa,6.337,40.05,3374220
Chad,1966,Africa,6.362,40.09,3440907
Chad,1967,Africa,6.393,40.39,3508513
Chad,1968,Africa,6.432,40.7,3578228
Chad,1969,Africa,6.477,41.02,3651121
Chad,1970,Africa,6.528,41.39,3727834
Chad,1971,Africa,6.582,40.87,3807326
Chad,1972,Africa,6.85,41.92,3893253
Chad,1973,Africa,6.869,42.4,3985914
Chad,1974,Africa,6.864,42.6,4078363
Chad,1975,Africa,6.876,42.74,4167237
Chad,1976,Africa,6.893,42.69,4251299
Chad,1977,Africa,6.896,42.88,4331668
Chad,1978,Africa,6.891,43.02,4411370
Chad,1979,Africa,6.905,43.24,4505384
Chad,1980,Africa,6.908,43.45,4515461
Chad,1981,Africa,6.942,43.5,4520965
Chad,1982,Africa,6.961,43.91,4738486
Chad,1983,Africa,6.979,44.45,4979137
Chad,1984,Africa,7.015,44.73,5045152
Chad,1985,Africa,7.037,45.31,5096274
Chad,1986,Africa,7.067,45.6,5251074
Chad,1987,Africa,7.105,43.07,5438311
Chad,1988,Africa,7.154,46.35,5625601
Chad,1989,Africa,7.186,46.43,5819588
Chad,1990,Africa,7.219,45.07,5982838
Chad,1991,Africa,7.261,46.6,6205688
Chad,1992,Africa,7.296,46.78,6474651
Chad,1993,Africa,7.337,47.0,6629147
Chad,1994,Africa,7.31,47.08,6783456
Chad,1995,Africa,7.29,47.45,7089063
Chad,1996,Africa,7.292,47.55,7410107
Chad,1997,Africa,7.274,47.76,7670371
Chad,1998,Africa,7.266,47.8,7938841
Chad,1999,Africa,7.262,47.93,8222710
Chad,2000,Africa,7.249,47.94,8512092
Chad,2001,Africa,7.231,48.31,8804122
Chad,2002,Africa,7.201,48.36,9116195
Chad,2003,Africa,7.179,48.61,9487830
Chad,2004,Africa,7.16,48.69,9920036
Chad,2005,Africa,7.134,48.86,10328094
Chad,2006,Africa,7.118,48.75,10706426
Chad,2007,Africa,7.092,49.21,11081667
Chad,2008,Africa,7.063,49.5,11476299
Chad,2009,Africa,7.021,49.83,11893753
Chad,2010,Africa,6.99,50.11,12312580
Chad,2011,Africa,6.948,50.43,12755004
Chad,2012,Africa,6.905,50.77,13211006
Chad,2013,Africa,6.839,51.05,13691081
Chad,2014,Africa,6.781,51.14,14188680
Chad,2015,Africa,6.706,51.32,14647626
Chad,2016,Africa,6.623,51.6,15114652
Chad,2017,Africa,6.537,51.88,15622756
Chad,2018,Africa,6.464,52.45,16156535
Chad,2019,Africa,6.412,52.99,16685223
Chad,2020,Africa,6.346,53.08,17224686
Chad,2021,Africa,6.255,53.14,17828274
Chad,2022,Africa,6.215,54.53,18455319
Chad,2023,Africa,6.12,55.07,19319075
Chad,2024,Africa,6.051,55.24,20299131
Chad,2025,Africa,5.982,55.43,21003701
Togo,1950,Africa,6.598,41.93,1399596
Togo,1951,Africa,6.62,42.07,1424396
Togo,1952,Africa,6.642,42.2,1449922
Togo,1953,Africa,6.652,42.31,1476069
Togo,1954,Africa,6.661,42.49,1502761
Togo,1955,Africa,6.665,42.66,1529948
Togo,1956,Africa,6.691,42.76,1557633
Togo,1957,Africa,6.711,42.94,1585871
Togo,1958,Africa,6.732,43.13,1614630
Togo,1959,Africa,6.765,43.32,1643753
Togo,1960,Africa,6.797,43.54,1673110
Togo,1961,Africa,6.821,43.75,1702713
Togo,1962,Africa,6.857,44.0,1732956
Togo,1963,Africa,6.893,44.27,1765060
Togo,1964,Africa,6.916,44.6,1799407
Togo,1965,Africa,6.937,44.92,1835587
Togo,1966,Africa,6.956,45.23,1873490
Togo,1967,Africa,6.959,45.62,1912768
Togo,1968,Africa,6.97,46.02,1953523
Togo,1969,Africa,7.015,46.35,2043417
Togo,1970,Africa,7.035,46.78,2149480
Togo,1971,Africa,7.064,47.23,2219828
Togo,1972,Africa,7.069,47.69,2283857
Togo,1973,Africa,7.081,48.14,2344511
Togo,1974,Africa,7.09,48.59,2404290
Togo,1975,Africa,7.088,49.05,2463792
Togo,1976,Africa,7.063,49.51,2523483
Togo,1977,Africa,7.025,50.16,2583984
Togo,1978,Africa,6.983,50.9,2646505
Togo,1979,Africa,6.935,51.52,2714356
Togo,1980,Africa,6.876,52.15,2791409
Togo,1981,Africa,6.809,52.78,2879439
Togo,1982,Africa,6.725,53.27,2961651
Togo,1983,Africa,6.633,53.77,3033081
Togo,1984,Africa,6.542,54.1,3105744
Togo,1985,Africa,6.457,54.37,3194544
Togo,1986,Africa,6.382,54.62,3296341
Togo,1987,Africa,6.304,54.83,3397614
Togo,1988,Africa,6.228,54.91,3501544
Togo,1989,Africa,6.149,54.74,3606911
Togo,1990,Africa,6.067,54.57,3714023
Togo,1991,Africa,5.987,54.26,3822637
Togo,1992,Africa,5.886,54.08,3932581
Togo,1993,Africa,5.782,53.86,3887976
Togo,1994,Africa,5.672,53.73,3904183
Togo,1995,Africa,5.565,53.71,4110452
Togo,1996,Africa,5.459,53.83,4291129
Togo,1997,Africa,5.363,53.85,4438798
Togo,1998,Africa,5.288,53.96,4551633
Togo,1999,Africa,5.226,54.32,4665757
Togo,2000,Africa,5.165,54.59,4783721
Togo,2001,Africa,5.128,54.76,4904135
Togo,2002,Africa,5.092,55.04,5027128
Togo,2003,Africa,5.048,55.31,5154113
Togo,2004,Africa,4.995,55.61,5281320
Togo,2005,Africa,5.038,55.93,5413151
Togo,2006,Africa,5.076,56.15,5569659
Togo,2007,Africa,5.102,56.4,5748437
Togo,2008,Africa,5.1,56.66,5936140
Togo,2009,Africa,5.104,56.94,6130944
Togo,2010,Africa,5.087,57.24,6325791
Togo,2011,Africa,4.984,57.62,6500577
Togo,2012,Africa,4.854,57.95,6653719
Togo,2013,Africa,4.754,58.36,6798851
Togo,2014,Africa,4.702,58.78,6937647
Togo,2015,Africa,4.662,59.23,7071500
Togo,2016,Africa,4.634,59.68,7200883
Togo,2017,Africa,4.576,60.15,7324379
Togo,2018,Africa,4.513,60.61,7458205
Togo,2019,Africa,4.45,61.06,7619916
Togo,2020,Africa,4.386,61.14,7788058
Togo,2021,Africa,4.324,61.34,7936185
Togo,2022,Africa,4.253,62.29,8068616
Togo,2023,Africa,4.192,62.74,8223853
Togo,2024,Africa,4.139,62.94,8406554
Togo,2025,Africa,4.087,63.14,8591630
Thailand,1950,Asia,6.359,45.19,20428401
Thailand,1951,Asia,6.384,45.92,20965188
Thailand,1952,Asia,6.396,46.5,21527583
Thailand,1953,Asia,6.416,47.07,22109323
Thailand,1954,Asia,6.408,47.62,22713340
Thailand,1955,Asia,6.391,48.13,23343179
Thailand,1956,Asia,6.373,48.64,23997266
Thailand,1957,Asia,6.355,49.13,24674831
Thailand,1958,Asia,6.345,49.55,25367008
Thailand,1959,Asia,6.332,50.13,26088018
Thailand,1960,Asia,6.325,50.61,26851751
Thailand,1961,Asia,6.324,51.06,27650335
Thailand,1962,Asia,6.331,51.44,28481048
Thailand,1963,Asia,6.342,51.99,29342315
Thailand,1964,Asia,6.309,52.54,30232136
Thailand,1965,Asia,6.258,53.13,31149337
Thailand,1966,Asia,6.182,53.73,32086073
Thailand,1967,Asia,6.077,54.32,33037797
Thailand,1968,Asia,5.928,54.98,34002562
Thailand,1969,Asia,5.704,55.7,34973784
Thailand,1970,Asia,5.452,56.47,35954411
Thailand,1971,Asia,5.253,57.1,36937392
Thailand,1972,Asia,5.077,57.75,37933932
Thailand,1973,Asia,4.845,58.32,38947791
Thailand,1974,Asia,4.598,59.03,39952896
Thailand,1975,Asia,4.364,59.71,40939999
Thailand,1976,Asia,4.119,60.37,41896511
Thailand,1977,Asia,3.865,60.91,42843973
Thailand,1978,Asia,3.617,61.27,43788976
Thailand,1979,Asia,3.451,61.7,44718436
Thailand,1980,Asia,3.293,62.19,45650031
Thailand,1981,Asia,3.127,62.86,46575851
Thailand,1982,Asia,2.943,63.6,47494577
Thailand,1983,Asia,2.755,64.5,48423309
Thailand,1984,Asia,2.582,65.55,49351711
Thailand,1985,Asia,2.45,66.54,50270754
Thailand,1986,Asia,2.358,67.31,51177832
Thailand,1987,Asia,2.255,67.83,52074109
Thailand,1988,Asia,2.171,68.19,52969595
Thailand,1989,Asia,2.136,68.56,53848955
Thailand,1990,Asia,2.065,68.92,54738329
Thailand,1991,Asia,2.036,69.13,55637436
Thailand,1992,Asia,2.008,69.35,56528832
Thailand,1993,Asia,1.967,69.57,57408198
Thailand,1994,Asia,1.928,69.66,58260855
Thailand,1995,Asia,1.888,69.76,59098231
Thailand,1996,Asia,1.865,69.94,59920059
Thailand,1997,Asia,1.845,70.36,60724588
Thailand,1998,Asia,1.815,70.7,61522632
Thailand,1999,Asia,1.768,70.98,62299039
Thailand,2000,Asia,1.734,71.2,63007815
Thailand,2001,Asia,1.711,71.52,63651137
Thailand,2002,Asia,1.688,71.78,64266433
Thailand,2003,Asia,1.673,72.1,64868164
Thailand,2004,Asia,1.665,72.1,65452049
Thailand,2005,Asia,1.644,72.89,66017415
Thailand,2006,Asia,1.631,73.34,66567685
Thailand,2007,Asia,1.616,73.78,67102388
Thailand,2008,Asia,1.587,74.22,67619835
Thailand,2009,Asia,1.565,74.67,68121077
Thailand,2010,Asia,1.562,75.01,68579443
Thailand,2011,Asia,1.571,75.3,69007212
Thailand,2012,Asia,1.563,75.59,69436091
Thailand,2013,Asia,1.526,75.96,69845112
Thailand,2014,Asia,1.484,76.28,70216362
Thailand,2015,Asia,1.451,76.56,70540787
Thailand,2016,Asia,1.4,76.77,70859835
Thailand,2017,Asia,1.363,76.99,71160183
Thailand,2018,Asia,1.323,77.19,71376081
Thailand,2019,Asia,1.285,77.2,71522264
Thailand,2020,Asia,1.259,77.33,71641484
Thailand,2021,Asia,1.234,77.61,71727338
Thailand,2022,Asia,1.221,75.29,71735321
Thailand,2023,Asia,1.212,76.41,71702436
Thailand,2024,Asia,1.194,76.56,71668010
Thailand,2025,Asia,1.176,76.83,71619866
Tajikistan,1992,Asia,5.056,57.09,5649397
Tajikistan,1993,Asia,4.921,55.51,5725001
Tajikistan,1994,Asia,4.792,60.09,5825371
Tajikistan,1995,Asia,4.664,61.39,5948588
Tajikistan,1996,Asia,3.94,60.81,6066524
Tajikistan,1997,Asia,4.06,61.93,6139829
Tajikistan,1998,Asia,4.07,62.4,6176403
Tajikistan,1999,Asia,3.85,63.11,6208373
Tajikistan,2000,Asia,3.49,63.54,6284737
Tajikistan,2001,Asia,3.49,64.2,6407376
Tajikistan,2002,Asia,3.47,64.9,6531674
Tajikistan,2003,Asia,3.42,65.87,6658575
Tajikistan,2004,Asia,3.507,66.6,6790555
Tajikistan,2005,Asia,3.398,66.53,6924722
Tajikistan,2006,Asia,3.341,67.0,7057566
Tajikistan,2007,Asia,3.367,67.41,7194479
Tajikistan,2008,Asia,3.388,67.92,7338402
Tajikistan,2009,Asia,3.43,68.25,7490232
Tajikistan,2010,Asia,3.457,68.37,7652144
Tajikistan,2011,Asia,3.456,68.7,7824788
Tajikistan,2012,Asia,3.421,69.13,8014087
Tajikistan,2013,Asia,3.433,69.58,8216733
Tajikistan,2014,Asia,3.459,69.7,8425559
Tajikistan,2015,Asia,3.459,69.67,8643839
Tajikistan,2016,Asia,3.384,69.98,8865623
Tajikistan,2017,Asia,3.29,70.52,9085942
Tajikistan,2018,Asia,3.294,70.74,9307345
Tajikistan,2019,Asia,3.281,70.96,9529970
Tajikistan,2020,Asia,3.211,68.61,9749312
Tajikistan,2021,Asia,3.17,69.59,9966912
Tajikistan,2022,Asia,3.127,71.56,10182228
Tajikistan,2023,Asia,3.072,71.79,10389807
Tajikistan,2024,Asia,3.032,71.93,10590930
Tajikistan,2025,Asia,2.992,72.05,10786738
Turkmenistan,1992,Asia,3.957,63.75,3944689
Turkmenistan,1993,Asia,3.778,63.59,4032415
Turkmenistan,1994,Asia,3.623,63.52,4116662
Turkmenistan,1995,Asia,3.491,63.51,4191207
Turkmenistan,1996,Asia,3.292,63.54,4263818
Turkmenistan,1997,Asia,3.18,63.67,4336732
Turkmenistan,1998,Asia,3.075,63.97,4410511
Turkmenistan,1999,Asia,2.976,64.47,4492174
Turkmenistan,2000,Asia,2.9,64.93,4582675
Turkmenistan,2001,Asia,2.814,65.33,4675416
Turkmenistan,2002,Asia,2.71,65.59,4769473
Turkmenistan,2003,Asia,2.667,65.85,4863871
Turkmenistan,2004,Asia,2.674,66.06,4958091
Turkmenistan,2005,Asia,2.706,66.28,5052260
Turkmenistan,2006,Asia,2.724,66.57,5147103
Turkmenistan,2007,Asia,2.734,67.02,5244047
Turkmenistan,2008,Asia,2.75,67.58,5345033
Turkmenistan,2009,Asia,2.794,68.16,5451597
Turkmenistan,2010,Asia,2.848,68.61,5564356
Turkmenistan,2011,Asia,2.9,68.87,5683413
Turkmenistan,2012,Asia,2.955,68.96,5808548
Turkmenistan,2013,Asia,3.007,68.97,5939348
Turkmenistan,2014,Asia,3.023,69.0,6075286
Turkmenistan,2015,Asia,3.033,69.06,6215773
Turkmenistan,2016,Asia,2.99,69.14,6360041
Turkmenistan,2017,Asia,2.934,69.19,6507065
Turkmenistan,2018,Asia,2.875,69.27,6655523
Turkmenistan,2019,Asia,2.834,69.41,6803943
Turkmenistan,2020,Asia,2.793,68.85,6949915
Turkmenistan,2021,Asia,2.754,69.35,7092042
Turkmenistan,2022,Asia,2.728,69.91,7230197
Turkmenistan,2023,Asia,2.69,70.07,7364437
Turkmenistan,2024,Asia,2.655,70.2,7494494
Turkmenistan,2025,Asia,2.621,70.33,7618852
Trinidad and Tobago,1950,Americas,5.182,56.98,648778
Trinidad and Tobago,1951,Americas,5.214,57.33,665740
Trinidad and Tobago,1952,Americas,5.244,57.68,683442
Trinidad and Tobago,1953,Americas,5.279,58.25,701870
Trinidad and Tobago,1954,Americas,5.343,59.08,721160
Trinidad and Tobago,1955,Americas,5.349,59.72,741247
Trinidad and Tobago,1956,Americas,5.266,60.34,761692
Trinidad and Tobago,1957,Americas,5.279,60.75,782511
Trinidad and Tobago,1958,Americas,5.298,61.42,803842
Trinidad and Tobago,1959,Americas,5.348,61.89,825021
Trinidad and Tobago,1960,Americas,5.405,62.51,844952
Trinidad and Tobago,1961,Americas,5.405,62.97,863152
Trinidad and Tobago,1962,Americas,5.358,63.43,880205
Trinidad and Tobago,1963,Americas,5.242,63.63,896812
Trinidad and Tobago,1964,Americas,5.081,63.98,912972
Trinidad and Tobago,1965,Americas,4.88,64.19,928433
Trinidad and Tobago,1966,Americas,4.62,64.32,942947
Trinidad and Tobago,1967,Americas,4.35,64.47,956429
Trinidad and Tobago,1968,Americas,4.106,64.63,969006
Trinidad and Tobago,1969,Americas,3.856,64.75,980713
Trinidad and Tobago,1970,Americas,3.709,64.87,991480
Trinidad and Tobago,1971,Americas,3.612,64.93,1002588
Trinidad and Tobago,1972,Americas,3.551,65.18,1014927
Trinidad and Tobago,1973,Americas,3.466,65.41,1027860
Trinidad and Tobago,1974,Americas,3.319,65.51,1040768
Trinidad and Tobago,1975,Americas,3.214,65.65,1053468
Trinidad and Tobago,1976,Americas,3.138,66.03,1066314
Trinidad and Tobago,1977,Americas,3.121,66.17,1079560
Trinidad and Tobago,1978,Americas,3.129,66.2,1093393
Trinidad and Tobago,1979,Americas,3.126,66.42,1107652
Trinidad and Tobago,1980,Americas,3.145,66.51,1121750
Trinidad and Tobago,1981,Americas,3.133,66.46,1135140
Trinidad and Tobago,1982,Americas,3.108,66.38,1147932
Trinidad and Tobago,1983,Americas,3.07,66.44,1160537
Trinidad and Tobago,1984,Americas,3.017,66.56,1172985
Trinidad and Tobago,1985,Americas,2.988,66.75,1187370
Trinidad and Tobago,1986,Americas,2.903,66.9,1203132
Trinidad and Tobago,1987,Americas,2.775,67.14,1217367
Trinidad and Tobago,1988,Americas,2.646,67.38,1230071
Trinidad and Tobago,1989,Americas,2.526,67.52,1241606
Trinidad and Tobago,1990,Americas,2.394,67.59,1252215
Trinidad and Tobago,1991,Americas,2.29,67.78,1262174
Trinidad and Tobago,1992,Americas,2.213,67.78,1271681
Trinidad and Tobago,1993,Americas,2.129,67.83,1280474
Trinidad and Tobago,1994,Americas,2.064,67.84,1288353
Trinidad and Tobago,1995,Americas,1.967,68.0,1295167
Trinidad and Tobago,1996,Americas,1.894,68.04,1300937
Trinidad and Tobago,1997,Americas,1.831,68.14,1305838
Trinidad and Tobago,1998,Americas,1.784,68.33,1310226
Trinidad and Tobago,1999,Americas,1.76,68.51,1314711
Trinidad and Tobago,2000,Americas,1.732,68.63,1319781
Trinidad and Tobago,2001,Americas,1.705,68.87,1325573
Trinidad and Tobago,2002,Americas,1.672,69.23,1332017
Trinidad and Tobago,2003,Americas,1.648,69.45,1338718
Trinidad and Tobago,2004,Americas,1.627,69.88,1345386
Trinidad and Tobago,2005,Americas,1.625,70.19,1352040
Trinidad and Tobago,2006,Americas,1.624,70.44,1358706
Trinidad and Tobago,2007,Americas,1.622,70.8,1365381
Trinidad and Tobago,2008,Americas,1.617,71.12,1372090
Trinidad and Tobago,2009,Americas,1.618,71.4,1379056
Trinidad and Tobago,2010,Americas,1.614,71.81,1386657
Trinidad and Tobago,2011,Americas,1.611,72.23,1394990
Trinidad and Tobago,2012,Americas,1.609,72.51,1403814
Trinidad and Tobago,2013,Americas,1.603,72.78,1412658
Trinidad and Tobago,2014,Americas,1.602,72.9,1421135
Trinidad and Tobago,2015,Americas,1.598,72.88,1429190
Trinidad and Tobago,2016,Americas,1.601,72.94,1437031
Trinidad and Tobago,2017,Americas,1.594,72.98,1445265
Trinidad and Tobago,2018,Americas,1.588,72.66,1470522
Trinidad and Tobago,2019,Americas,1.578,72.84,1484898
Trinidad and Tobago,2020,Americas,1.572,72.64,1481026
Trinidad and Tobago,2021,Americas,1.559,71.11,1487715
Trinidad and Tobago,2022,Americas,1.544,73.33,1495923
Trinidad and Tobago,2023,Americas,1.532,73.49,1502938
Trinidad and Tobago,2024,Americas,1.524,73.62,1507778
Trinidad and Tobago,2025,Americas,1.517,73.75,1511164
Tunisia,1950,Africa,6.68,38.22,3608997
Tunisia,1951,Africa,6.739,38.72,3682102
Tunisia,1952,Africa,6.804,39.31,3758189
Tunisia,1953,Africa,6.866,39.75,3837404
Tunisia,1954,Africa,6.93,40.0,3919526
Tunisia,1955,Africa,6.973,40.76,4005135
Tunisia,1956,Africa,7.016,41.34,4082608
Tunisia,1957,Africa,7.063,42.08,4136609
Tunisia,1958,Africa,7.106,42.7,4177717
Tunisia,1959,Africa,7.15,43.36,4220907
Tunisia,1960,Africa,7.157,44.05,4267299
Tunisia,1961,Africa,7.159,44.26,4316281
Tunisia,1962,Africa,7.168,45.56,4369139
Tunisia,1963,Africa,7.17,46.41,4427131
Tunisia,1964,Africa,7.166,47.27,4489875
Tunisia,1965,Africa,7.113,48.2,4561390
Tunisia,1966,Africa,7.055,49.16,4652294
Tunisia,1967,Africa,6.952,50.16,4760975
Tunisia,1968,Africa,6.806,51.34,4879909
Tunisia,1969,Africa,6.623,52.3,5004694
Tunisia,1970,Africa,6.426,53.79,5131394
Tunisia,1971,Africa,6.29,54.91,5261660
Tunisia,1972,Africa,6.187,56.09,5396564
Tunisia,1973,Africa,6.12,57.12,5537244
Tunisia,1974,Africa,6.048,58.25,5684686
Tunisia,1975,Africa,5.972,59.31,5839266
Tunisia,1976,Africa,5.873,60.31,5996993
Tunisia,1977,Africa,5.681,61.26,6155927
Tunisia,1978,Africa,5.401,62.15,6309393
Tunisia,1979,Africa,5.184,62.93,6456418
Tunisia,1980,Africa,5.033,63.67,6606194
Tunisia,1981,Africa,5.023,64.37,6758291
Tunisia,1982,Africa,4.89,65.01,6908649
Tunisia,1983,Africa,4.771,65.7,7053797
Tunisia,1984,Africa,4.664,66.29,7220050
Tunisia,1985,Africa,4.521,66.88,7409907
Tunisia,1986,Africa,4.361,67.43,7600300
Tunisia,1987,Africa,4.104,68.01,7789990
Tunisia,1988,Africa,3.833,68.46,7974447
Tunisia,1989,Africa,3.569,68.83,8151665
Tunisia,1990,Africa,3.441,69.09,8324509
Tunisia,1991,Africa,3.31,69.4,8501826
Tunisia,1992,Africa,3.189,69.68,8682509
Tunisia,1993,Africa,3.058,69.99,8857916
Tunisia,1994,Africa,2.874,70.36,9018447
Tunisia,1995,Africa,2.67,70.78,9161263
Tunisia,1996,Africa,2.488,71.25,9294433
Tunisia,1997,Africa,2.338,71.67,9421273
Tunisia,1998,Africa,2.197,72.07,9541669
Tunisia,1999,Africa,2.082,72.34,9655966
Tunisia,2000,Africa,2.025,72.6,9764940
Tunisia,2001,Africa,1.975,72.82,9869679
Tunisia,2002,Africa,1.941,73.07,9971521
Tunisia,2003,Africa,1.956,73.3,10071638
Tunisia,2004,Africa,1.95,73.52,10166170
Tunisia,2005,Africa,1.953,73.71,10255474
Tunisia,2006,Africa,1.952,73.89,10346408
Tunisia,2007,Africa,1.957,74.04,10441705
Tunisia,2008,Africa,1.975,74.19,10542637
Tunisia,2009,Africa,2.004,74.32,10650682
Tunisia,2010,Africa,2.075,74.44,10765984
Tunisia,2011,Africa,2.189,74.47,10886041
Tunisia,2012,Africa,2.277,74.6,11009649
Tunisia,2013,Africa,2.31,74.67,11141365
Tunisia,2014,Africa,2.316,74.78,11274295
Tunisia,2015,Africa,2.306,74.88,11402270
Tunisia,2016,Africa,2.275,75.01,11528676
Tunisia,2017,Africa,2.205,75.18,11650504
Tunisia,2018,Africa,2.133,75.37,11765515
Tunisia,2019,Africa,2.1,75.6,11875084
Tunisia,2020,Africa,2.0,75.0,11974058
Tunisia,2021,Africa,1.8,72.89,12048625
Tunisia,2022,Africa,1.847,76.05,12119338
Tunisia,2023,Africa,1.832,76.51,12200434
Tunisia,2024,Africa,1.805,76.71,12277103
Tunisia,2025,Africa,1.777,76.9,12348576
Turkey,1950,Asia,6.468,47.29,21021142
Turkey,1951,Asia,6.468,47.6,21643878
Turkey,1952,Asia,6.47,48.12,22290093
Turkey,1953,Asia,6.477,48.2,22958552
Turkey,1954,Asia,6.468,48.8,23636110
Turkey,1955,Asia,6.463,49.06,24310513
Turkey,1956,Asia,6.463,49.47,25057603
Turkey,1957,Asia,6.454,49.23,25880920
Turkey,1958,Asia,6.434,49.23,26704966
Turkey,1959,Asia,6.416,50.14,27526336
Turkey,1960,Asia,6.383,50.8,28329895
Turkey,1961,Asia,6.419,51.56,29119235
Turkey,1962,Asia,6.382,52.35,29916149
Turkey,1963,Asia,6.339,53.12,30726846
Turkey,1964,Asia,6.291,53.6,31543074
Turkey,1965,Asia,6.22,54.1,32345213
Turkey,1966,Asia,6.152,54.57,33177679
Turkey,1967,Asia,6.057,55.18,34050420
Turkey,1968,Asia,5.962,55.64,34921681
Turkey,1969,Asia,5.872,56.18,35787778
Turkey,1970,Asia,5.775,56.7,36638458
Turkey,1971,Asia,5.671,57.22,37518610
Turkey,1972,Asia,5.548,57.97,38430215
Turkey,1973,Asia,5.41,58.45,39329533
Turkey,1974,Asia,5.243,59.02,40210234
Turkey,1975,Asia,5.087,59.51,41053123
Turkey,1976,Asia,4.931,60.01,41899990
Turkey,1977,Asia,4.784,60.85,42773301
Turkey,1978,Asia,4.691,61.61,43645306
Turkey,1979,Asia,4.579,62.16,44510430
Turkey,1980,Asia,4.453,62.74,45408818
Turkey,1981,Asia,4.351,63.19,46321190
Turkey,1982,Asia,4.205,63.74,47322104
Turkey,1983,Asia,4.056,64.27,48447413
Turkey,1984,Asia,3.911,64.81,49574065
Turkey,1985,Asia,3.779,65.34,50687118
Turkey,1986,Asia,3.658,65.87,51777768
Turkey,1987,Asia,3.542,66.38,52843671
Turkey,1988,Asia,3.445,66.9,53909628
Turkey,1989,Asia,3.336,67.36,54976719
Turkey,1990,Asia,3.107,67.83,56015627
Turkey,1991,Asia,3.003,68.29,57009892
Turkey,1992,Asia,2.939,68.6,57990121
Turkey,1993,Asia,2.916,69.02,58999164
Turkey,1994,Asia,2.874,69.4,60033832
Turkey,1995,Asia,2.835,69.73,61024501
Turkey,1996,Asia,2.779,70.25,61951134
Turkey,1997,Asia,2.744,70.67,62852968
Turkey,1998,Asia,2.707,71.14,63734385
Turkey,1999,Asia,2.63,70.75,64591916
Turkey,2000,Asia,2.487,71.93,65425957
Turkey,2001,Asia,2.392,72.27,66245125
Turkey,2002,Asia,2.268,72.61,67048792
Turkey,2003,Asia,2.202,72.91,67831735
Turkey,2004,Asia,2.197,73.22,68592621
Turkey,2005,Asia,2.197,73.51,69329557
Turkey,2006,Asia,2.193,73.8,70045351
Turkey,2007,Asia,2.183,74.13,70750593
Turkey,2008,Asia,2.167,74.38,71562343
Turkey,2009,Asia,2.145,74.68,72464846
Turkey,2010,Asia,2.08,74.96,73346766
Turkey,2011,Asia,2.047,74.82,74215203
Turkey,2012,Asia,2.109,75.55,75197196
Turkey,2013,Asia,2.107,76.17,76403032
Turkey,2014,Asia,2.186,76.45,78036154
Turkey,2015,Asia,2.157,76.54,80014222
Turkey,2016,Asia,2.115,76.59,81652087
Turkey,2017,Asia,2.082,77.04,83083667
Turkey,2018,Asia,2.004,77.45,84415966
Turkey,2019,Asia,1.886,77.74,85357670
Turkey,2020,Asia,1.768,76.53,86091691
Turkey,2021,Asia,1.708,75.72,86686254
Turkey,2022,Asia,1.625,77.59,87058469
Turkey,2023,Asia,1.625,77.16,87270502
Turkey,2024,Asia,1.601,77.42,87473800
Turkey,2025,Asia,1.577,77.82,87685427
Taiwan,1950,Asia,6.481,56.59,7596535
Taiwan,1951,Asia,6.637,57.19,7862806
Taiwan,1952,Asia,6.687,57.91,8148997
Taiwan,1953,Asia,6.681,58.56,8451375
Taiwan,1954,Asia,6.656,58.93,8767773
Taiwan,1955,Asia,6.586,59.8,9104136
Taiwan,1956,Asia,6.489,60.31,9465707
Taiwan,1957,Asia,6.334,60.95,9850527
Taiwan,1958,Asia,6.154,61.04,10246160
Taiwan,1959,Asia,5.942,61.61,10644179
Taiwan,1960,Asia,5.787,62.54,11046263
Taiwan,1961,Asia,5.666,62.98,11453506
Taiwan,1962,Asia,5.535,63.8,11866670
Taiwan,1963,Asia,5.387,64.47,12285726
Taiwan,1964,Asia,5.202,64.88,12706682
Taiwan,1965,Asia,4.994,65.73,13124808
Taiwan,1966,Asia,4.778,66.09,13537706
Taiwan,1967,Asia,4.534,66.67,13901473
Taiwan,1968,Asia,4.37,66.8,14215584
Taiwan,1969,Asia,4.184,67.72,14523608
Taiwan,1970,Asia,3.976,69.04,14815755
Taiwan,1971,Asia,3.723,69.36,15121137
Taiwan,1972,Asia,3.436,69.63,15450618
Taiwan,1973,Asia,3.249,69.8,15772691
Taiwan,1974,Asia,3.089,70.31,16082315
Taiwan,1975,Asia,2.973,70.88,16365267
Taiwan,1976,Asia,3.004,71.16,16671501
Taiwan,1977,Asia,2.738,71.26,17020095
Taiwan,1978,Asia,2.68,71.73,17373729
Taiwan,1979,Asia,2.645,71.71,17735789
Taiwan,1980,Asia,2.53,71.96,18086521
Taiwan,1981,Asia,2.453,72.02,18412829
Taiwan,1982,Asia,2.327,72.4,18723986
Taiwan,1983,Asia,2.179,72.4,19022629
Taiwan,1984,Asia,2.046,72.99,19306762
Taiwan,1985,Asia,1.884,73.3,19571695
Taiwan,1986,Asia,1.72,73.32,19805981
Taiwan,1987,Asia,1.715,73.61,20015820
Taiwan,1988,Asia,1.803,73.4,20223658
Taiwan,1989,Asia,1.743,73.67,20418913
Taiwan,1990,Asia,1.787,73.94,20594907
Taiwan,1991,Asia,1.746,74.29,20781752
Taiwan,1992,Asia,1.744,74.31,20982088
Taiwan,1993,Asia,1.767,74.56,21174678
Taiwan,1994,Asia,1.771,74.7,21357145
Taiwan,1995,Asia,1.782,74.62,21534497
Taiwan,1996,Asia,1.779,74.92,21709270
Taiwan,1997,Asia,1.736,75.32,21885332
Taiwan,1998,Asia,1.541,75.47,22049226
Taiwan,1999,Asia,1.533,75.62,22203788
Taiwan,2000,Asia,1.472,76.14,22332873
Taiwan,2001,Asia,1.404,76.48,22446254
Taiwan,2002,Asia,1.327,76.87,22566898
Taiwan,2003,Asia,1.248,77.04,22664130
Taiwan,2004,Asia,1.185,77.17,22745432
Taiwan,2005,Asia,1.133,77.13,22824932
Taiwan,2006,Asia,1.118,77.84,22914644
Taiwan,2007,Asia,1.102,78.05,23006921
Taiwan,2008,Asia,1.062,78.3,23086238
Taiwan,2009,Asia,1.005,78.7,23164353
Taiwan,2010,Asia,0.916,79.04,23224049
Taiwan,2011,Asia,1.059,78.88,23273078
Taiwan,2012,Asia,1.188,79.18,23345963
Taiwan,2013,Asia,1.13,79.6,23416870
Taiwan,2014,Asia,1.162,79.47,23472811
Taiwan,2015,Asia,1.185,79.88,23529260
Taiwan,2016,Asia,1.171,79.7,23586140
Taiwan,2017,Asia,1.121,80.06,23632950
Taiwan,2018,Asia,1.075,80.43,23659308
Taiwan,2019,Asia,1.045,80.6,23674137
Taiwan,2020,Asia,0.99,81.11,23663461
Taiwan,2021,Asia,0.975,80.78,23558330
Taiwan,2022,Asia,0.87,80.16,23420107
Taiwan,2023,Asia,0.87,80.56,23317145
Taiwan,2024,Asia,0.857,80.75,23213964
Taiwan,2025,Asia,0.844,80.94,23112797
Tanzania,1950,Africa,6.182,41.03,7625152
Tanzania,1951,Africa,6.204,41.18,7812973
Tanzania,1952,Africa,6.229,41.36,8009083
Tanzania,1953,Africa,6.248,41.51,8213117
Tanzania,1954,Africa,6.267,41.66,8424792
Tanzania,1955,Africa,6.305,41.83,8644856
Tanzania,1956,Africa,6.364,41.99,8874780
Tanzania,1957,Africa,6.437,42.15,9115792
Tanzania,1958,Africa,6.475,42.31,9367596
Tanzania,1959,Africa,6.501,42.45,9629269
Tanzania,1960,Africa,6.536,42.6,9901422
Tanzania,1961,Africa,6.562,42.84,10187889
Tanzania,1962,Africa,6.605,43.22,10487756
Tanzania,1963,Africa,6.647,43.62,10799530
Tanzania,1964,Africa,6.68,44.08,11127827
Tanzania,1965,Africa,6.727,44.54,11470726
Tanzania,1966,Africa,6.804,44.94,11827462
Tanzania,1967,Africa,6.864,45.16,12200114
Tanzania,1968,Africa,6.9,45.63,12602077
Tanzania,1969,Africa,6.954,46.04,13036701
Tanzania,1970,Africa,7.001,46.49,13492674
Tanzania,1971,Africa,7.044,46.97,13971453
Tanzania,1972,Africa,7.052,47.44,14479311
Tanzania,1973,Africa,7.062,47.91,15010099
Tanzania,1974,Africa,7.123,48.42,15561633
Tanzania,1975,Africa,7.101,48.92,16138364
Tanzania,1976,Africa,7.086,49.46,16736216
Tanzania,1977,Africa,7.072,49.97,17352936
Tanzania,1978,Africa,7.06,50.35,17976569
Tanzania,1979,Africa,7.043,50.79,18592045
Tanzania,1980,Africa,6.991,51.27,19189769
Tanzania,1981,Africa,6.93,51.7,19784713
Tanzania,1982,Africa,6.868,51.99,20398574
Tanzania,1983,Africa,6.805,52.18,21079877
Tanzania,1984,Africa,6.715,52.15,21779064
Tanzania,1985,Africa,6.598,52.18,22501696
Tanzania,1986,Africa,6.488,52.21,23258959
Tanzania,1987,Africa,6.406,52.18,24030376
Tanzania,1988,Africa,6.379,52.22,24769690
Tanzania,1989,Africa,6.303,52.09,25438759
Tanzania,1990,Africa,6.201,51.98,26110210
Tanzania,1991,Africa,6.135,51.84,26780440
Tanzania,1992,Africa,6.078,51.43,27457599
Tanzania,1993,Africa,5.997,51.22,28332691
Tanzania,1994,Africa,5.894,51.08,29442357
Tanzania,1995,Africa,5.822,51.01,30383496
Tanzania,1996,Africa,5.826,51.13,30945761
Tanzania,1997,Africa,5.836,51.25,31578093
Tanzania,1998,Africa,5.811,51.81,32420461
Tanzania,1999,Africa,5.747,52.4,33300335
Tanzania,2000,Africa,5.67,53.24,34260142
Tanzania,2001,Africa,5.617,54.12,35198303
Tanzania,2002,Africa,5.57,54.94,36121301
Tanzania,2003,Africa,5.578,55.93,37089555
Tanzania,2004,Africa,5.597,56.84,38109666
Tanzania,2005,Africa,5.579,57.67,39182083
Tanzania,2006,Africa,5.511,58.51,40294900
Tanzania,2007,Africa,5.403,59.26,41435508
Tanzania,2008,Africa,5.324,59.9,42570728
Tanzania,2009,Africa,5.26,60.49,43633975
Tanzania,2010,Africa,5.225,61.13,44758491
Tanzania,2011,Africa,5.141,61.62,46029371
Tanzania,2012,Africa,5.137,62.29,47374261
Tanzania,2013,Africa,5.156,62.79,48824134
Tanzania,2014,Africa,5.122,63.36,50351506
Tanzania,2015,Africa,5.025,63.93,52020958
Tanzania,2016,Africa,5.006,64.4,53824012
Tanzania,2017,Africa,4.988,64.96,55652888
Tanzania,2018,Africa,4.932,65.49,57437134
Tanzania,2019,Africa,4.866,66.01,59174889
Tanzania,2020,Africa,4.801,66.77,60972803
Tanzania,2021,Africa,4.734,66.13,62830410
Tanzania,2022,Africa,4.671,66.88,64711822
Tanzania,2023,Africa,4.606,67.0,66617607
Tanzania,2024,Africa,4.552,67.21,68560162
Tanzania,2025,Africa,4.499,67.42,70545863
Uganda,1950,Africa,6.657,39.71,5750917
Uganda,1951,Africa,6.649,40.22,5911173
Uganda,1952,Africa,6.673,40.75,6077045
Uganda,1953,Africa,6.697,41.3,6249442
Uganda,1954,Africa,6.724,41.84,6428381
Uganda,1955,Africa,6.743,42.42,6613776
Uganda,1956,Africa,6.762,43.02,6805457
Uganda,1957,Africa,6.796,43.65,7003888
Uganda,1958,Africa,6.839,44.31,7209760
Uganda,1959,Africa,6.883,44.95,7423432
Uganda,1960,Africa,6.905,45.63,7640975
Uganda,1961,Africa,6.927,46.27,7862221
Uganda,1962,Africa,6.959,46.82,8092231
Uganda,1963,Africa,6.984,47.38,8333660
Uganda,1964,Africa,7.012,47.85,8586366
Uganda,1965,Africa,7.042,48.3,8849209
Uganda,1966,Africa,7.066,48.46,9122864
Uganda,1967,Africa,7.102,49.01,9408922
Uganda,1968,Africa,7.13,49.28,9708633
Uganda,1969,Africa,7.115,49.51,10014863
Uganda,1970,Africa,7.149,49.62,10321608
Uganda,1971,Africa,7.181,47.15,10618207
Uganda,1972,Africa,7.185,47.16,10885795
Uganda,1973,Africa,7.193,46.99,11144237
Uganda,1974,Africa,7.192,46.86,11424845
Uganda,1975,Africa,7.201,46.52,11725240
Uganda,1976,Africa,7.194,46.17,12037302
Uganda,1977,Africa,7.183,45.84,12359671
Uganda,1978,Africa,7.163,45.6,12692122
Uganda,1979,Africa,7.142,45.38,13002167
Uganda,1980,Africa,7.113,43.45,13275751
Uganda,1981,Africa,7.118,43.46,13556457
Uganda,1982,Africa,7.11,43.31,13873637
Uganda,1983,Africa,7.068,43.49,14221891
Uganda,1984,Africa,7.024,43.71,14607679
Uganda,1985,Africa,7.037,45.5,15023679
Uganda,1986,Africa,7.083,45.65,15467581
Uganda,1987,Africa,7.12,47.36,15954165
Uganda,1988,Africa,7.102,47.48,16470485
Uganda,1989,Africa,7.045,47.49,17010704
Uganda,1990,Africa,7.014,47.56,17569895
Uganda,1991,Africa,6.943,47.55,18155901
Uganda,1992,Africa,6.913,47.67,18785037
Uganda,1993,Africa,6.886,47.68,19445161
Uganda,1994,Africa,6.899,47.67,20108804
Uganda,1995,Africa,6.871,47.71,20665673
Uganda,1996,Africa,6.835,47.76,21231553
Uganda,1997,Africa,6.856,48.03,21856044
Uganda,1998,Africa,6.837,48.26,22515809
Uganda,1999,Africa,6.825,48.98,23257279
Uganda,2000,Africa,6.788,49.64,24000158
Uganda,2001,Africa,6.757,50.58,24745678
Uganda,2002,Africa,6.735,51.44,25532872
Uganda,2003,Africa,6.671,52.41,26352124
Uganda,2004,Africa,6.612,53.7,27154513
Uganda,2005,Africa,6.525,54.93,27963287
Uganda,2006,Africa,6.429,56.12,28794005
Uganda,2007,Africa,6.326,57.25,29653437
Uganda,2008,Africa,6.202,58.25,30539547
Uganda,2009,Africa,6.124,59.16,31451147
Uganda,2010,Africa,6.019,59.96,32390801
Uganda,2011,Africa,5.885,60.79,33354541
Uganda,2012,Africa,5.729,61.58,34337436
Uganda,2013,Africa,5.563,62.35,35337050
Uganda,2014,Africa,5.408,63.06,36395542
Uganda,2015,Africa,5.251,63.83,37531444
Uganda,2016,Africa,5.112,64.49,38799153
Uganda,2017,Africa,4.987,65.17,40177384
Uganda,2018,Africa,4.867,65.78,41565839
Uganda,2019,Africa,4.744,66.35,42999636
Uganda,2020,Africa,4.621,66.41,44457148
Uganda,2021,Africa,4.51,66.45,45910931
Uganda,2022,Africa,4.388,67.67,47312718
Uganda,2023,Africa,4.283,68.25,48656606
Uganda,2024,Africa,4.219,68.49,50015091
Uganda,2025,Africa,4.155,68.71,51384893
Ukraine,1992,Europe,1.674,68.95,52323675
Ukraine,1993,Europe,1.564,68.29,52350122
Ukraine,1994,Europe,1.471,67.53,52076000
Ukraine,1995,Europe,1.399,67.11,51665535
Ukraine,1996,Europe,1.333,67.1,51226111
Ukraine,1997,Europe,1.271,67.66,50786881
Ukraine,1998,Europe,1.206,67.99,50379728
Ukraine,1999,Europe,1.127,68.0,49976445
Ukraine,2000,Europe,1.108,67.79,49556654
Ukraine,2001,Europe,1.092,67.67,49106854
Ukraine,2002,Europe,1.127,67.7,48677280
Ukraine,2003,Europe,1.173,67.64,48315133
Ukraine,2004,Europe,1.215,67.47,47979502
Ukraine,2005,Europe,1.221,67.52,47585558
Ukraine,2006,Europe,1.297,67.49,47278691
Ukraine,2007,Europe,1.343,67.72,47062802
Ukraine,2008,Europe,1.444,68.26,46819168
Ukraine,2009,Europe,1.47,69.16,46623731
Ukraine,2010,Europe,1.436,70.19,46455997
Ukraine,2011,Europe,1.464,70.71,46307854
Ukraine,2012,Europe,1.528,71.09,46210051
Ukraine,2013,Europe,1.515,71.47,46126760
Ukraine,2014,Europe,1.466,71.8,45972379
Ukraine,2015,Europe,1.387,72.69,45784904
Ukraine,2016,Europe,1.391,73.39,45616831
Ukraine,2017,Europe,1.3,73.99,45436037
Ukraine,2018,Europe,1.233,73.57,45208903
Ukraine,2019,Europe,1.218,73.92,44957451
Ukraine,2020,Europe,1.208,73.28,44680008
Ukraine,2021,Europe,1.148,71.63,44298642
Ukraine,2022,Europe,0.897,72.66,41048768
Ukraine,2023,Europe,0.977,73.42,37732833
Ukraine,2024,Europe,0.962,74.69,37860221
Ukraine,2025,Europe,0.948,74.86,38980380
Uruguay,1950,Americas,2.692,65.57,2234414
Uruguay,1951,Americas,2.701,65.84,2256416
Uruguay,1952,Americas,2.719,66.06,2281110
Uruguay,1953,Americas,2.739,66.26,2308051
Uruguay,1954,Americas,2.76,66.47,2336875
Uruguay,1955,Americas,2.757,66.69,2367035
Uruguay,1956,Americas,2.791,66.91,2398370
Uruguay,1957,Americas,2.802,67.12,2430772
Uruguay,1958,Americas,2.815,67.33,2463868
Uruguay,1959,Americas,2.816,67.53,2497153
Uruguay,1960,Americas,2.827,67.68,2529964
Uruguay,1961,Americas,2.846,67.81,2562047
Uruguay,1962,Americas,2.866,67.91,2593294
Uruguay,1963,Americas,2.884,68.02,2623767
Uruguay,1964,Americas,2.863,68.11,2653182
Uruguay,1965,Americas,2.84,68.2,2681172
Uruguay,1966,Americas,2.819,68.3,2707655
Uruguay,1967,Americas,2.784,68.41,2732283
Uruguay,1968,Americas,2.771,68.51,2754605
Uruguay,1969,Americas,2.769,68.58,2773985
Uruguay,1970,Americas,2.772,68.73,2790811
Uruguay,1971,Americas,2.767,68.93,2806462
Uruguay,1972,Americas,2.782,69.17,2821648
Uruguay,1973,Americas,2.855,69.35,2837143
Uruguay,1974,Americas,2.957,69.52,2853947
Uruguay,1975,Americas,3.017,69.7,2872328
Uruguay,1976,Americas,3.005,69.89,2891395
Uruguay,1977,Americas,2.899,70.08,2909469
Uruguay,1978,Americas,2.829,70.27,2925714
Uruguay,1979,Americas,2.711,70.25,2939906
Uruguay,1980,Americas,2.59,70.5,2951956
Uruguay,1981,Americas,2.534,70.95,2963250
Uruguay,1982,Americas,2.512,71.53,2975490
Uruguay,1983,Americas,2.486,71.59,2988779
Uruguay,1984,Americas,2.471,71.71,3002495
Uruguay,1985,Americas,2.47,71.86,3017044
Uruguay,1986,Americas,2.47,72.19,3032846
Uruguay,1987,Americas,2.486,72.2,3049896
Uruguay,1988,Americas,2.503,72.41,3067957
Uruguay,1989,Americas,2.498,72.63,3086254
Uruguay,1990,Americas,2.477,72.99,3104404
Uruguay,1991,Americas,2.454,73.2,3122357
Uruguay,1992,Americas,2.432,73.19,3139704
Uruguay,1993,Americas,2.408,73.15,3156351
Uruguay,1994,Americas,2.425,73.16,3172839
Uruguay,1995,Americas,2.401,73.49,3189438
Uruguay,1996,Americas,2.364,73.81,3206329
Uruguay,1997,Americas,2.328,73.92,3223349
Uruguay,1998,Americas,2.271,74.03,3239286
Uruguay,1999,Americas,2.248,74.29,3254020
Uruguay,2000,Americas,2.196,74.69,3266212
Uruguay,2001,Americas,2.161,74.99,3274257
Uruguay,2002,Americas,2.16,74.98,3278868
Uruguay,2003,Americas,2.116,75.09,3281188
Uruguay,2004,Americas,2.093,75.32,3283157
Uruguay,2005,Americas,2.097,75.83,3285776
Uruguay,2006,Americas,2.07,75.89,3289508
Uruguay,2007,Americas,2.048,76.15,3295155
Uruguay,2008,Americas,2.03,76.28,3302184
Uruguay,2009,Americas,2.018,76.67,3310093
Uruguay,2010,Americas,2.011,76.69,3318581
Uruguay,2011,Americas,1.987,76.61,3326829
Uruguay,2012,Americas,2.012,76.69,3335406
Uruguay,2013,Americas,2.034,76.95,3345335
Uruguay,2014,Americas,2.026,77.19,3356343
Uruguay,2015,Americas,2.041,77.28,3368022
Uruguay,2016,Americas,1.966,77.35,3379279
Uruguay,2017,Americas,1.824,77.62,3388444
Uruguay,2018,Americas,1.681,77.53,3394538
Uruguay,2019,Americas,1.567,77.5,3397206
Uruguay,2020,Americas,1.497,78.38,3398966
Uruguay,2021,Americas,1.446,75.43,3396693
Uruguay,2022,Americas,1.425,76.47,3390913
Uruguay,2023,Americas,1.409,78.14,3388083
Uruguay,2024,Americas,1.388,78.29,3386583
Uruguay,2025,Americas,1.367,78.45,3384686
United States,1950,Americas,3.086,68.07,154202683
United States,1951,Americas,3.197,68.17,156481323
United States,1952,Americas,3.29,68.38,158794223
United States,1953,Americas,3.358,68.71,161168320
United States,1954,Americas,3.475,69.5,163636303
United States,1955,Americas,3.515,69.56,166200028
United States,1956,Americas,3.624,69.64,168824962
United States,1957,Americas,3.703,69.42,171499234
United States,1958,Americas,3.754,69.67,174215305
United States,1959,Americas,3.747,69.9,177145772
United States,1960,Americas,3.732,69.83,180274556
United States,1961,Americas,3.691,70.25,183489491
United States,1962,Americas,3.533,70.12,186724275
United States,1963,Americas,3.39,69.94,189825225
United States,1964,Americas,3.258,70.2,192819457
United States,1965,Americas,2.983,70.25,195653774
United States,1966,Americas,2.769,70.21,198265400
United States,1967,Americas,2.605,70.52,200699913
United States,1968,Americas,2.508,70.2,203011020
United States,1969,Americas,2.504,70.48,205300034
United States,1970,Americas,2.515,70.73,207796338
United States,1971,Americas,2.318,71.1,210426423
United States,1972,Americas,2.057,71.18,212842571
United States,1973,Americas,1.921,71.4,215006548
United States,1974,Americas,1.872,71.96,217076475
United States,1975,Americas,1.815,72.54,219129299
United States,1976,Americas,1.785,72.84,221168755
United States,1977,Americas,1.826,73.23,223259417
United States,1978,Americas,1.804,73.41,225396097
United States,1979,Americas,1.843,73.83,227575082
United States,1980,Americas,1.861,73.73,229858656
United States,1981,Americas,1.847,74.12,232201613
United States,1982,Americas,1.855,74.46,234583155
United States,1983,Americas,1.827,74.55,236986362
United States,1984,Americas,1.827,74.67,239353967
United States,1985,Americas,1.854,74.65,241690438
United States,1986,Americas,1.852,74.73,243953807
United States,1987,Americas,1.885,74.86,246161292
United States,1988,Americas,1.942,74.83,248393236
United States,1989,Americas,2.014,75.11,250675047
United States,1990,Americas,2.072,75.37,253373387
United States,1991,Americas,2.059,75.52,256471424
United States,1992,Americas,2.039,75.78,259606021
United States,1993,Americas,2.01,75.57,262633229
United States,1994,Americas,1.988,75.74,265474811
United States,1995,Americas,1.965,75.85,268205796
United States,1996,Americas,1.96,76.17,270860695
United States,1997,Americas,1.956,76.5,273468014
United States,1998,Americas,1.98,76.66,276119323
United States,1999,Americas,1.99,76.67,278785482
United States,2000,Americas,2.03,76.81,281484126
United States,2001,Americas,2.011,76.92,284279634
United States,2002,Americas,2.003,76.99,287084335
United States,2003,Americas,2.025,77.14,289908091
United States,2004,Americas,2.031,77.53,292786248
United States,2005,Americas,2.04,77.53,295716666
United States,2006,Americas,2.087,77.8,298730208
United States,2007,Americas,2.096,78.05,301844223
United States,2008,Americas,2.053,78.13,304970325
United States,2009,Americas,1.987,78.48,308023452
United States,2010,Americas,1.916,78.67,311062785
United States,2011,Americas,1.879,78.7,314105075
United States,2012,Americas,1.862,78.82,317115349
United States,2013,Americas,1.84,78.82,320110752
United States,2014,Americas,1.848,78.88,323115377
United States,2015,Americas,1.832,78.72,326126496
United States,2016,Americas,1.804,78.69,329179423
United States,2017,Americas,1.753,78.65,332204657
United States,2018,Americas,1.715,78.8,335056492
United States,2019,Americas,1.684,78.92,337790069
United States,2020,Americas,1.616,77.01,339436156
United States,2021,Americas,1.634,76.38,340161438
United States,2022,Americas,1.665,77.98,341534041
United States,2023,Americas,1.624,79.3,343477330
United States,2024,Americas,1.601,79.46,345426566
United States,2025,Americas,1.578,79.61,347275809
Uzbekistan,1992,Asia,4.056,65.24,21485095
Uzbekistan,1993,Asia,3.863,64.92,21987960
Uzbekistan,1994,Asia,3.66,64.68,22463295
Uzbekistan,1995,Asia,3.566,64.67,22917588
Uzbekistan,1996,Asia,3.393,64.78,23351981
Uzbekistan,1997,Asia,3.186,65.03,23758961
Uzbekistan,1998,Asia,2.985,65.17,24134930
Uzbekistan,1999,Asia,2.831,65.31,24476013
Uzbekistan,2000,Asia,2.696,65.46,24787052
Uzbekistan,2001,Asia,2.61,65.85,25090289
Uzbekistan,2002,Asia,2.575,66.38,25399987
Uzbekistan,2003,Asia,2.503,66.85,25711261
Uzbekistan,2004,Asia,2.496,67.2,26029350
Uzbekistan,2005,Asia,2.438,67.48,26356977
Uzbekistan,2006,Asia,2.461,67.91,26699046
Uzbekistan,2007,Asia,2.573,68.48,27076013
Uzbekistan,2008,Asia,2.635,69.03,27494780
Uzbekistan,2009,Asia,2.559,69.52,27939333
Uzbekistan,2010,Asia,2.442,69.84,28385509
Uzbekistan,2011,Asia,2.354,70.14,28823194
Uzbekistan,2012,Asia,2.337,70.41,29261908
Uzbekistan,2013,Asia,2.445,70.69,29724065
Uzbekistan,2014,Asia,2.546,70.97,30222994
Uzbekistan,2015,Asia,2.583,71.33,30749349
Uzbekistan,2016,Asia,2.564,71.58,31284565
Uzbekistan,2017,Asia,2.57,71.74,31819172
Uzbekistan,2018,Asia,2.713,72.0,32373489
Uzbekistan,2019,Asia,2.869,72.09,32964700
Uzbekistan,2020,Asia,3.062,71.46,33586373
Uzbekistan,2021,Asia,3.273,71.68,34243696
Uzbekistan,2022,Asia,3.396,72.15,34938953
Uzbekistan,2023,Asia,3.5,72.39,35652311
Uzbekistan,2024,Asia,3.552,72.53,36361859
Uzbekistan,2025,Asia,3.606,72.66,37053428
Venezuela,1950,Americas,6.635,51.14,5488858
Venezuela,1951,Americas,6.619,51.99,5732604
Venezuela,1952,Americas,6.612,52.69,5981378
Venezuela,1953,Americas,6.607,53.4,6234772
Venezuela,1954,Americas,6.602,54.1,6492813
Venezuela,1955,Americas,6.599,54.78,6755819
Venezuela,1956,Americas,6.596,55.51,7024324
Venezuela,1957,Americas,6.588,56.22,7299445
Venezuela,1958,Americas,6.567,56.94,7581981
Venezuela,1959,Americas,6.446,57.69,7869228
Venezuela,1960,Americas,6.382,58.38,8160087
Venezuela,1961,Americas,6.298,59.12,8455921
Venezuela,1962,Americas,6.231,59.67,8756880
Venezuela,1963,Americas,6.155,60.5,9064019
Venezuela,1964,Americas,6.071,61.17,9377715
Venezuela,1965,Americas,5.977,61.91,9697793
Venezuela,1966,Americas,5.87,62.89,10024858
Venezuela,1967,Americas,5.748,63.55,10358514
Venezuela,1968,Americas,5.614,63.91,10697538
Venezuela,1969,Americas,5.469,63.84,11040279
Venezuela,1970,Americas,5.321,64.82,11387795
Venezuela,1971,Americas,5.174,65.18,11741013
Venezuela,1972,Americas,5.035,65.56,12099184
Venezuela,1973,Americas,4.906,65.74,12463539
Venezuela,1974,Americas,4.791,66.22,12835356
Venezuela,1975,Americas,4.686,66.69,13215889
Venezuela,1976,Americas,4.589,67.27,13606286
Venezuela,1977,Americas,4.494,67.73,14006819
Venezuela,1978,Americas,4.397,68.11,14416680
Venezuela,1979,Americas,4.298,68.23,14834551
Venezuela,1980,Americas,4.2,68.18,15258225
Venezuela,1981,Americas,4.104,68.7,15687305
Venezuela,1982,Americas,4.014,68.98,16121876
Venezuela,1983,Americas,3.933,69.54,16562202
Venezuela,1984,Americas,3.861,69.67,17008838
Venezuela,1985,Americas,3.794,69.96,17461433
Venezuela,1986,Americas,3.73,70.53,17923542
Venezuela,1987,Americas,3.665,70.67,18394970
Venezuela,1988,Americas,3.597,70.76,18871021
Venezuela,1989,Americas,3.524,70.81,19348925
Venezuela,1990,Americas,3.448,70.96,19827005
Venezuela,1991,Americas,3.37,71.17,20304898
Venezuela,1992,Americas,3.292,71.18,20780946
Venezuela,1993,Americas,3.218,71.39,21254525
Venezuela,1994,Americas,3.147,71.28,21725186
Venezuela,1995,Americas,3.082,71.71,22193822
Venezuela,1996,Americas,3.022,71.92,22662117
Venezuela,1997,Americas,2.967,72.56,23131691
Venezuela,1998,Americas,2.912,72.45,23601341
Venezuela,1999,Americas,2.856,72.09,24066595
Venezuela,2000,Americas,2.79,72.39,24526707
Venezuela,2001,Americas,2.779,71.02,24979934
Venezuela,2002,Americas,2.739,72.82,25435674
Venezuela,2003,Americas,2.703,72.06,25892710
Venezuela,2004,Americas,2.639,72.75,26340843
Venezuela,2005,Americas,2.629,73.08,26785797
Venezuela,2006,Americas,2.595,72.97,27224691
Venezuela,2007,Americas,2.524,73.35,27649369
Venezuela,2008,Americas,2.475,72.58,28053694
Venezuela,2009,Americas,2.422,72.78,28438296
Venezuela,2010,Americas,2.396,73.09,28813101
Venezuela,2011,Americas,2.398,73.09,29185220
Venezuela,2012,Americas,2.379,73.09,29553829
Venezuela,2013,Americas,2.334,73.08,29912195
Venezuela,2014,Americas,2.296,72.84,30254080
Venezuela,2015,Americas,2.253,73.0,30573968
Venezuela,2016,Americas,2.217,72.0,30765719
Venezuela,2017,Americas,2.183,71.9,30565331
Venezuela,2018,Americas,2.151,72.64,29807591
Venezuela,2019,Americas,2.131,72.77,28938096
Venezuela,2020,Americas,2.116,72.37,28444080
Venezuela,2021,Americas,2.105,71.54,28237830
Venezuela,2022,Americas,2.088,72.57,28213015
Venezuela,2023,Americas,2.079,72.51,28300861
Venezuela,2024,Americas,2.056,72.67,28405544
Venezuela,2025,Americas,2.034,72.84,28516900
Vietnam,1976,Asia,5.461,63.67,47684927
Vietnam,1977,Asia,5.291,64.07,48954875
Vietnam,1978,Asia,5.104,64.53,50249551
Vietnam,1979,Asia,4.94,64.99,51378214
Vietnam,1980,Asia,4.795,65.34,52490098
Vietnam,1981,Asia,4.665,65.78,53738141
Vietnam,1982,Asia,4.593,66.21,55011292
Vietnam,1983,Asia,4.524,66.55,56337918
Vietnam,1984,Asia,4.412,66.93,57706071
Vietnam,1985,Asia,4.206,67.19,59060622
Vietnam,1986,Asia,3.955,67.55,60347044
Vietnam,1987,Asia,3.717,68.0,61584645
Vietnam,1988,Asia,3.623,68.58,62843234
Vietnam,1989,Asia,3.641,68.81,64147354
Vietnam,1990,Asia,3.602,69.03,65504551
Vietnam,1991,Asia,3.524,69.3,66891778
Vietnam,1992,Asia,3.353,69.62,68260336
Vietnam,1993,Asia,3.172,69.96,69586394
Vietnam,1994,Asia,2.941,70.38,70854393
Vietnam,1995,Asia,2.7,70.87,72049945
Vietnam,1996,Asia,2.468,71.3,73156456
Vietnam,1997,Asia,2.274,71.67,74226890
Vietnam,1998,Asia,2.098,72.28,75299665
Vietnam,1999,Asia,1.999,72.58,76287454
Vietnam,2000,Asia,2.028,72.75,77154016
Vietnam,2001,Asia,2.023,72.98,77969357
Vietnam,2002,Asia,2.006,73.14,78772227
Vietnam,2003,Asia,1.999,73.24,79563778
Vietnam,2004,Asia,1.968,73.06,80338977
Vietnam,2005,Asia,1.887,73.2,81088309
Vietnam,2006,Asia,1.873,73.29,82167901
Vietnam,2007,Asia,1.911,73.39,83633374
Vietnam,2008,Asia,1.933,73.45,85175789
Vietnam,2009,Asia,1.92,73.53,86460023
Vietnam,2010,Asia,1.906,73.61,87455148
Vietnam,2011,Asia,1.927,73.71,88468315
Vietnam,2012,Asia,1.967,73.76,89510355
Vietnam,2013,Asia,1.98,73.82,90573103
Vietnam,2014,Asia,2.09,73.89,91679582
Vietnam,2015,Asia,2.1,73.95,92823254
Vietnam,2016,Asia,2.0,73.98,94000115
Vietnam,2017,Asia,1.985,74.03,95176978
Vietnam,2018,Asia,1.88,74.1,96237319
Vietnam,2019,Asia,1.943,74.21,97173778
Vietnam,2020,Asia,1.957,75.38,98079196
Vietnam,2021,Asia,1.942,74.14,98935101
Vietnam,2022,Asia,1.927,74.5,99680656
Vietnam,2023,Asia,1.913,74.59,100352189
Vietnam,2024,Asia,1.894,74.74,100987685
Vietnam,2025,Asia,1.876,74.88,101598530
Yemen,1991,Asia,8.459,58.8,14430205
Yemen,1992,Asia,8.272,59.26,14989497
Yemen,1993,Asia,8.048,59.66,15563919
Yemen,1994,Asia,7.795,59.83,16149147
Yemen,1995,Asia,7.525,60.53,16740057
Yemen,1996,Asia,7.004,60.88,17313181
Yemen,1997,Asia,6.82,61.34,17873943
Yemen,1998,Asia,6.639,61.79,18446015
Yemen,1999,Asia,6.489,62.27,19029421
Yemen,2000,Asia,6.317,62.76,19624139
Yemen,2001,Asia,6.143,63.29,20226146
Yemen,2002,Asia,5.971,63.81,20835092
Yemen,2003,Asia,5.839,64.41,21456379
Yemen,2004,Asia,5.712,64.88,22095161
Yemen,2005,Asia,5.563,65.36,22790082
Yemen,2006,Asia,5.412,65.8,23543090
Yemen,2007,Asia,5.261,66.23,24318090
Yemen,2008,Asia,5.113,66.61,25111941
Yemen,2009,Asia,5.004,66.91,25927723
Yemen,2010,Asia,4.81,67.22,26754383
Yemen,2011,Asia,4.63,67.41,27582902
Yemen,2012,Asia,4.633,67.57,28433655
Yemen,2013,Asia,4.623,67.96,29312955
Yemen,2014,Asia,4.62,68.0,30226311
Yemen,2015,Asia,4.617,66.76,31159378
Yemen,2016,Asia,4.613,67.11,32109023
Yemen,2017,Asia,4.61,67.12,33090923
Yemen,2018,Asia,4.607,65.92,34085181
Yemen,2019,Asia,4.603,66.57,35111416
Yemen,2020,Asia,4.6,66.44,36134867
Yemen,2021,Asia,4.597,66.02,37140234
Yemen,2022,Asia,4.593,67.95,38222878
Yemen,2023,Asia,4.59,69.3,39390800
Yemen,2024,Asia,4.587,69.44,40583173
Yemen,2025,Asia,4.583,69.58,41773881
South Africa,1950,Africa,6.032,43.11,13038501
South Africa,1951,Africa,6.063,44.06,13309025
South Africa,1952,Africa,6.081,45.05,13595546
South Africa,1953,Africa,6.094,46.05,13892917
South Africa,1954,Africa,6.109,47.12,14203781
South Africa,1955,Africa,6.127,48.17,14533371
South Africa,1956,Africa,6.131,49.21,14880686
South Africa,1957,Africa,6.136,50.2,15244838
South Africa,1958,Africa,6.143,51.15,15620420
South Africa,1959,Africa,6.126,51.88,16014970
South Africa,1960,Africa,6.105,52.58,16440175
South Africa,1961,Africa,6.08,53.07,16908039
South Africa,1962,Africa,6.046,53.57,17418522
South Africa,1963,Africa,6.012,53.9,17954560
South Africa,1964,Africa,5.955,54.22,18511367
South Africa,1965,Africa,5.892,54.43,19089382
South Africa,1966,Africa,5.907,54.73,19690084
South Africa,1967,Africa,5.852,54.95,20314072
South Africa,1968,Africa,5.782,55.19,20957287
South Africa,1969,Africa,5.719,55.44,21614679
South Africa,1970,Africa,5.634,55.68,22279990
South Africa,1971,Africa,5.569,56.02,22942145
South Africa,1972,Africa,5.49,56.38,23609457
South Africa,1973,Africa,5.413,56.72,24294264
South Africa,1974,Africa,5.298,57.11,24989109
South Africa,1975,Africa,5.191,57.59,25690943
South Africa,1976,Africa,5.071,58.0,26395451
South Africa,1977,Africa,4.942,58.48,27118951
South Africa,1978,Africa,4.853,58.99,27869506
South Africa,1979,Africa,4.818,59.47,28634161
South Africa,1980,Africa,4.78,59.96,29518857
South Africa,1981,Africa,4.712,60.45,30541046
South Africa,1982,Africa,4.696,60.94,31615339
South Africa,1983,Africa,4.626,61.39,32739308
South Africa,1984,Africa,4.566,61.84,33892793
South Africa,1985,Africa,4.495,62.2,35042097
South Africa,1986,Africa,4.409,62.42,36180519
South Africa,1987,Africa,4.352,62.69,37326192
South Africa,1988,Africa,4.18,62.9,38480647
South Africa,1989,Africa,3.983,63.02,39628574
South Africa,1990,Africa,3.724,62.94,40746274
South Africa,1991,Africa,3.618,62.98,41687903
South Africa,1992,Africa,3.479,62.84,42443510
South Africa,1993,Africa,3.372,62.62,43297155
South Africa,1994,Africa,3.258,62.07,44004140
South Africa,1995,Africa,3.172,61.6,44541557
South Africa,1996,Africa,2.991,61.08,45123023
South Africa,1997,Africa,2.734,60.54,45666835
South Africa,1998,Africa,2.63,59.91,46223888
South Africa,1999,Africa,2.559,59.19,46730331
South Africa,2000,Africa,2.413,58.37,47159715
South Africa,2001,Africa,2.373,57.16,47566805
South Africa,2002,Africa,2.324,55.58,48019414
South Africa,2003,Africa,2.358,54.24,48500351
South Africa,2004,Africa,2.436,53.96,48991420
South Africa,2005,Africa,2.512,53.91,49490041
South Africa,2006,Africa,2.548,54.22,49998271
South Africa,2007,Africa,2.545,54.95,50528575
South Africa,2008,Africa,2.679,55.98,51114595
South Africa,2009,Africa,2.501,57.41,51728518
South Africa,2010,Africa,2.445,58.89,52344047
South Africa,2011,Africa,2.436,60.6,52995212
South Africa,2012,Africa,2.447,61.74,53782570
South Africa,2013,Africa,2.428,62.39,54678789
South Africa,2014,Africa,2.424,63.18,55594840
South Africa,2015,Africa,2.359,64.05,56723536
South Africa,2016,Africa,2.261,64.75,57259550
South Africa,2017,Africa,2.283,65.42,57635158
South Africa,2018,Africa,2.27,65.73,58613001
South Africa,2019,Africa,2.264,66.07,59587880
South Africa,2020,Africa,2.257,65.15,60562374
South Africa,2021,Africa,2.248,62.01,61502602
South Africa,2022,Africa,2.227,65.45,62378417
South Africa,2023,Africa,2.216,66.14,63212386
South Africa,2024,Africa,2.194,66.31,64007187
South Africa,2025,Africa,2.172,66.49,64747319
Zambia,1950,Africa,6.779,46.8,2321310
Zambia,1951,Africa,6.766,47.17,2393306
Zambia,1952,Africa,6.774,47.58,2467263
Zambia,1953,Africa,6.786,47.99,2543546
Zambia,1954,Africa,6.795,48.36,2622276
Zambia,1955,Africa,6.803,48.76,2703549
Zambia,1956,Africa,6.809,49.13,2787416
Zambia,1957,Africa,6.832,49.47,2874074
Zambia,1958,Africa,6.864,49.89,2963872
Zambia,1959,Africa,6.903,50.29,3057056
Zambia,1960,Africa,6.947,50.65,3153730
Zambia,1961,Africa,6.982,51.04,3254085
Zambia,1962,Africa,7.012,51.33,3358098
Zambia,1963,Africa,7.06,51.6,3465914
Zambia,1964,Africa,7.085,51.17,3577015
Zambia,1965,Africa,7.116,52.08,3692088
Zambia,1966,Africa,7.138,52.29,3812003
Zambia,1967,Africa,7.154,52.51,3936350
Zambia,1968,Africa,7.18,52.72,4065601
Zambia,1969,Africa,7.18,53.04,4197117
Zambia,1970,Africa,7.224,53.4,4321726
Zambia,1971,Africa,7.26,53.89,4442528
Zambia,1972,Africa,7.3,54.38,4569311
Zambia,1973,Africa,7.339,54.91,4702694
Zambia,1974,Africa,7.364,55.38,4842750
Zambia,1975,Africa,7.421,55.74,4990087
Zambia,1976,Africa,7.388,56.1,5143847
Zambia,1977,Africa,7.353,56.28,5302477
Zambia,1978,Africa,7.294,56.34,5465379
Zambia,1979,Africa,7.222,56.05,5631734
Zambia,1980,Africa,7.139,55.5,5802841
Zambia,1981,Africa,7.073,54.99,5983299
Zambia,1982,Africa,7.039,54.36,6178638
Zambia,1983,Africa,7.007,53.67,6381045
Zambia,1984,Africa,6.974,52.88,6580497
Zambia,1985,Africa,6.928,52.0,6780953
Zambia,1986,Africa,6.868,51.15,6986475
Zambia,1987,Africa,6.798,50.42,7191285
Zambia,1988,Africa,6.703,49.67,7391450
Zambia,1989,Africa,6.635,48.88,7589226
Zambia,1990,Africa,6.567,48.2,7786163
Zambia,1991,Africa,6.458,47.44,7981653
Zambia,1992,Africa,6.349,46.97,8176677
Zambia,1993,Africa,6.298,46.68,8373920
Zambia,1994,Africa,6.26,46.34,8576270
Zambia,1995,Africa,6.232,46.05,8785768
Zambia,1996,Africa,6.182,45.76,9004059
Zambia,1997,Africa,6.124,45.74,9237064
Zambia,1998,Africa,6.067,45.71,9482414
Zambia,1999,Africa,5.998,45.92,9740013
Zambia,2000,Africa,5.921,46.58,10017633
Zambia,2001,Africa,5.848,47.41,10325186
Zambia,2002,Africa,5.774,48.46,10647955
Zambia,2003,Africa,5.71,49.62,10983604
Zambia,2004,Africa,5.698,50.54,11338201
Zambia,2005,Africa,5.697,51.62,11718819
Zambia,2006,Africa,5.679,52.69,12129560
Zambia,2007,Africa,5.613,53.73,12565093
Zambia,2008,Africa,5.53,54.84,13021327
Zambia,2009,Africa,5.453,55.89,13490395
Zambia,2010,Africa,5.359,56.9,13965592
Zambia,2011,Africa,5.256,57.84,14437796
Zambia,2012,Africa,5.136,58.7,14913631
Zambia,2013,Africa,5.014,59.45,15399000
Zambia,2014,Africa,4.89,60.11,15895320
Zambia,2015,Africa,4.775,60.73,16399092
Zambia,2016,Africa,4.669,61.13,16914428
Zambia,2017,Africa,4.567,61.56,17441328
Zambia,2018,Africa,4.492,62.14,17973574
Zambia,2019,Africa,4.418,62.91,18513839
Zambia,2020,Africa,4.323,63.36,19059394
Zambia,2021,Africa,4.246,62.36,19603610
Zambia,2022,Africa,4.175,65.28,20152935
Zambia,2023,Africa,4.101,66.35,20723967
Zambia,2024,Africa,4.039,66.53,21314962
Zambia,2025,Africa,3.979,66.7,21913878
Zimbabwe,1950,Africa,7.041,49.42,2790908
Zimbabwe,1951,Africa,7.06,49.84,2880901
Zimbabwe,1952,Africa,7.069,50.24,2972913
Zimbabwe,1953,Africa,7.081,50.63,3067172
Zimbabwe,1954,Africa,7.091,51.02,3163884
Zimbabwe,1955,Africa,7.099,51.41,3263221
Zimbabwe,1956,Africa,7.121,51.8,3365533
Zimbabwe,1957,Africa,7.142,52.2,3471158
Zimbabwe,1958,Africa,7.159,52.58,3580185
Zimbabwe,1959,Africa,7.173,53.02,3692810
Zimbabwe,1960,Africa,7.195,53.49,3809392
Zimbabwe,1961,Africa,7.212,53.97,3930402
Zimbabwe,1962,Africa,7.231,54.45,4055968
Zimbabwe,1963,Africa,7.23,54.94,4185875
Zimbabwe,1964,Africa,7.23,55.43,4320004
Zimbabwe,1965,Africa,7.231,55.91,4458457
Zimbabwe,1966,Africa,7.196,56.36,4601223
Zimbabwe,1967,Africa,7.157,56.77,4748309
Zimbabwe,1968,Africa,7.114,57.15,4900440
Zimbabwe,1969,Africa,7.036,57.48,5058185
Zimbabwe,1970,Africa,6.982,57.76,5215919
Zimbabwe,1971,Africa,6.939,58.0,5374719
Zimbabwe,1972,Africa,6.942,58.17,5542444
Zimbabwe,1973,Africa,6.942,58.09,5720413
Zimbabwe,1974,Africa,6.879,58.19,5908337
Zimbabwe,1975,Africa,6.832,58.25,6098653
Zimbabwe,1976,Africa,6.771,57.63,6287107
Zimbabwe,1977,Africa,6.713,57.0,6449517
Zimbabwe,1978,Africa,6.658,54.73,6543573
Zimbabwe,1979,Africa,6.59,54.92,6647557
Zimbabwe,1980,Africa,6.517,59.06,7041304
Zimbabwe,1981,Africa,6.445,59.45,7498641
Zimbabwe,1982,Africa,6.333,59.86,7796503
Zimbabwe,1983,Africa,6.197,59.99,8098408
Zimbabwe,1984,Africa,6.044,60.62,8391494
Zimbabwe,1985,Africa,5.871,60.9,8686815
Zimbabwe,1986,Africa,5.688,60.98,8982579
Zimbabwe,1987,Africa,5.5,60.72,9284649
Zimbabwe,1988,Africa,5.279,60.24,9583099
Zimbabwe,1989,Africa,5.073,59.45,9864797
Zimbabwe,1990,Africa,4.876,58.32,10137287
Zimbabwe,1991,Africa,4.715,57.04,10404820
Zimbabwe,1992,Africa,4.567,55.6,10702697
Zimbabwe,1993,Africa,4.391,53.98,10860285
Zimbabwe,1994,Africa,4.284,52.54,10873146
Zimbabwe,1995,Africa,4.153,51.14,10974607
Zimbabwe,1996,Africa,4.11,48.98,11158364
Zimbabwe,1997,Africa,4.075,48.54,11369833
Zimbabwe,1998,Africa,4.067,47.55,11594299
Zimbabwe,1999,Africa,4.056,46.38,11783454
Zimbabwe,2000,Africa,4.009,46.03,11892055
Zimbabwe,2001,Africa,3.983,44.52,11971904
Zimbabwe,2002,Africa,3.925,45.94,12087661
Zimbabwe,2003,Africa,3.862,45.37,12232324
Zimbabwe,2004,Africa,3.776,46.04,12365901
Zimbabwe,2005,Africa,3.693,46.57,12483433
Zimbabwe,2006,Africa,3.635,47.06,12636442
Zimbabwe,2007,Africa,3.677,47.58,12804062
Zimbabwe,2008,Africa,3.783,48.46,12959154
Zimbabwe,2009,Africa,3.95,49.75,13142791
Zimbabwe,2010,Africa,4.04,51.92,13356551
Zimbabwe,2011,Africa,4.126,53.91,13595421
Zimbabwe,2012,Africa,4.134,55.39,13817887
Zimbabwe,2013,Africa,4.111,56.84,14013811
Zimbabwe,2014,Africa,4.011,58.11,14207367
Zimbabwe,2015,Africa,3.911,58.99,14399008
Zimbabwe,2016,Africa,3.828,59.76,14600297
Zimbabwe,2017,Africa,3.768,60.26,14812484
Zimbabwe,2018,Africa,3.744,60.91,15034457
Zimbabwe,2019,Africa,3.748,61.06,15271377
Zimbabwe,2020,Africa,3.754,61.53,15526887
Zimbabwe,2021,Africa,3.765,60.13,15797220
Zimbabwe,2022,Africa,3.767,62.36,16069061
Zimbabwe,2023,Africa,3.724,62.77,16340829
Zimbabwe,2024,Africa,3.693,63.06,16634366
Zimbabwe,2025,Africa,3.663,63.35,16950798
Czechoslovakia,1950,Europe,3.039,63.39,12382465
Czechoslovakia,1951,Europe,3.018,64.11,12522630
Czechoslovakia,1952,Europe,2.962,66.14,12669067
Czechoslovakia,1953,Europe,2.865,67.01,12812682
Czechoslovakia,1954,Europe,2.823,67.66,12949215
Czechoslovakia,1955,Europe,2.833,68.65,13086783
Czechoslovakia,1956,Europe,2.821,69.08,13226291
Czechoslovakia,1957,Europe,2.737,68.57,13355809
Czechoslovakia,1958,Europe,2.553,69.79,13472408
Czechoslovakia,1959,Europe,2.368,69.63,13573061
Czechoslovakia,1960,Europe,2.37,70.42,13666049
Czechoslovakia,1961,Europe,2.366,70.67,13758733
Czechoslovakia,1962,Europe,2.34,70.02,13833259
Czechoslovakia,1963,Europe,2.495,70.48,13905798
Czechoslovakia,1964,Europe,2.511,70.74,13992038
Czechoslovakia,1965,Europe,2.372,70.27,14071899
Czechoslovakia,1966,Europe,2.227,70.44,14138450
Czechoslovakia,1967,Europe,2.094,70.54,14195090
Czechoslovakia,1968,Europe,2.019,70.08,14241552
Czechoslovakia,1969,Europe,2.056,69.54,14282829
Czechoslovakia,1970,Europe,2.076,69.56,14327129
Czechoslovakia,1971,Europe,2.127,69.78,14383198
Czechoslovakia,1972,Europe,2.216,70.25,14457873
Czechoslovakia,1973,Europe,2.385,70.07,14549897
Czechoslovakia,1974,Europe,2.505,70.17,14656597
Czechoslovakia,1975,Europe,2.467,70.43,14769962
Czechoslovakia,1976,Europe,2.436,70.56,14881454
Czechoslovakia,1977,Europe,2.387,70.57,14987079
Czechoslovakia,1978,Europe,2.373,70.62,15086486
Czechoslovakia,1979,Europe,2.327,70.8,15179605
Czechoslovakia,1980,Europe,2.157,70.35,15252063
Czechoslovakia,1981,Europe,2.089,70.72,15304478
Czechoslovakia,1982,Europe,2.088,70.84,15350817
Czechoslovakia,1983,Europe,2.07,70.59,15389390
Czechoslovakia,1984,Europe,2.062,70.83,15423210
Czechoslovakia,1985,Europe,2.05,70.98,15456305
Czechoslovakia,1986,Europe,2.011,71.0,15484464
Czechoslovakia,1987,Europe,1.982,71.36,15509304
Czechoslovakia,1988,Europe,1.996,71.52,15535126
Czechoslovakia,1989,Europe,1.935,71.48,15555541
Czechoslovakia,1990,Europe,1.95,71.21,15568066
Czechoslovakia,1991,Europe,1.906,71.61,15589296
Czechoslovakia,1992,Europe,1.782,72.0,15618894
Yugoslavia,1950,Europe,3.516,54.93,15662163
Yugoslavia,1951,Europe,3.351,55.34,15852817
Yugoslavia,1952,Europe,3.348,56.87,16052487
Yugoslavia,1953,Europe,3.268,58.66,16272293
Yugoslavia,1954,Europe,3.183,59.62,16495205
Yugoslavia,1955,Europe,3.068,60.24,16708148
Yugoslavia,1956,Europe,2.947,61.01,16914832
Yugoslavia,1957,Europe,2.81,61.79,17115264
Yugoslavia,1958,Europe,2.741,62.96,17310832
Yugoslavia,1959,Europe,2.716,63.7,17503772
Yugoslavia,1960,Europe,2.685,64.27,17695968
Yugoslavia,1961,Europe,2.651,64.91,17894435
Yugoslavia,1962,Europe,2.612,65.31,18090460
Yugoslavia,1963,Europe,2.584,65.73,18280357
Yugoslavia,1964,Europe,2.554,66.27,18468610
Yugoslavia,1965,Europe,2.563,66.9,18652381
Yugoslavia,1966,Europe,2.526,67.54,18833738
Yugoslavia,1967,Europe,2.435,67.98,19011367
Yugoslavia,1968,Europe,2.363,68.03,19181838
Yugoslavia,1969,Europe,2.298,68.07,19342757
Yugoslavia,1970,Europe,2.231,68.21,19494109
Yugoslavia,1971,Europe,2.237,68.42,19643745
Yugoslavia,1972,Europe,2.221,68.78,19797234
Yugoslavia,1973,Europe,2.18,69.4,19951323
Yugoslavia,1974,Europe,2.142,69.98,20106235
Yugoslavia,1975,Europe,2.124,70.42,20263630
Yugoslavia,1976,Europe,2.098,70.69,20421843
Yugoslavia,1977,Europe,2.058,70.73,20576813
Yugoslavia,1978,Europe,2.027,70.7,20726091
Yugoslavia,1979,Europe,2.001,70.61,20869927
Yugoslavia,1980,Europe,1.979,70.68,21009562
Yugoslavia,1981,Europe,1.963,70.77,21139922
Yugoslavia,1982,Europe,1.957,70.72,21250478
Yugoslavia,1983,Europe,1.935,70.73,21348432
Yugoslavia,1984,Europe,1.911,70.89,21441438
Yugoslavia,1985,Europe,1.883,71.23,21525782
Yugoslavia,1986,Europe,1.847,71.44,21616115
Yugoslavia,1987,Europe,1.828,71.63,21699187
Yugoslavia,1988,Europe,1.8,71.8,21757748
Yugoslavia,1989,Europe,1.744,72.21,21804147
Yugoslavia,1990,Europe,1.722,72.16,21840527
Yugoslavia,1991,Europe,1.691,71.79,21829333
USSR,1950,Europe,3.055,56.73,181400996
USSR,1951,Europe,3.039,56.73,184145064
USSR,1952,Europe,3.016,58.3,186957275
USSR,1953,Europe,2.995,59.26,189850920
USSR,1954,Europe,3.008,60.23,192890721
USSR,1955,Europe,3.001,61.76,196099735
USSR,1956,Europe,2.985,64.57,199440201
USSR,1957,Europe,2.986,64.59,202936648
USSR,1958,Europe,2.985,65.73,206581857
USSR,1959,Europe,2.984,65.86,210147650
USSR,1960,Europe,2.981,66.63,213673592
USSR,1961,Europe,2.908,66.96,217264536
USSR,1962,Europe,2.816,67.01,220696257
USSR,1963,Europe,2.758,67.45,223938088
USSR,1964,Europe,2.665,67.83,226984812
USSR,1965,Europe,2.607,67.78,229779988
USSR,1966,Europe,2.619,67.86,232436897
USSR,1967,Europe,2.569,67.78,235000695
USSR,1968,Europe,2.534,67.71,237458208
USSR,1969,Europe,2.53,67.46,239820178
USSR,1970,Europe,2.56,67.54,241944983
USSR,1971,Europe,2.595,67.71,244072114
USSR,1972,Europe,2.606,67.72,246381197
USSR,1973,Europe,2.547,67.79,248657683
USSR,1974,Europe,2.551,67.66,250947624
USSR,1975,Europe,2.521,67.37,253335660
USSR,1976,Europe,2.501,67.28,255860735
USSR,1977,Europe,2.461,67.16,258479870
USSR,1978,Europe,2.421,67.14,261043781
USSR,1979,Europe,2.389,67.04,263352165
USSR,1980,Europe,2.372,67.06,265483689
USSR,1981,Europe,2.369,67.22,267670776
USSR,1982,Europe,2.413,67.62,269985288
USSR,1983,Europe,2.509,67.63,272555793
USSR,1984,Europe,2.496,67.45,275223958
USSR,1985,Europe,2.489,68.02,277862903
USSR,1986,Europe,2.569,69.13,280721586
USSR,1987,Europe,2.568,69.28,283735629
USSR,1988,Europe,2.487,68.97,286649707
USSR,1989,Europe,2.373,68.98,289122632
USSR,1990,Europe,2.281,68.62,291066478
USSR,1991,Europe,2.175,68.26,292664161
West Germany,1950,Europe,2.194,66.81,50958000
East Germany,1950,Europe,2.194,66.81,18388000
West Germany,1951,Europe,2.166,67.14,51242800
East Germany,1951,Europe,2.166,67.14,18276800
West Germany,1952,Europe,2.136,67.46,51527600
East Germany,1952,Europe,2.136,67.46,18165600
West Germany,1953,Europe,2.129,67.77,51812400
East Germany,1953,Europe,2.129,67.77,18054400
West Germany,1954,Europe,2.15,68.06,52097200
East Germany,1954,Europe,2.15,68.06,17943200
West Germany,1955,Europe,2.158,68.34,52382000
East Germany,1955,Europe,2.158,68.34,17832000
West Germany,1956,Europe,2.206,68.58,53097200
East Germany,1956,Europe,2.206,68.54,17703200
West Germany,1957,Europe,2.256,68.5,53812400
East Germany,1957,Europe,2.256,68.42,17574400
West Germany,1958,Europe,2.262,69.23,54527600
East Germany,1958,Europe,2.262,69.11,17445600
West Germany,1959,Europe,2.359,69.33,55242800
East Germany,1959,Europe,2.359,69.17,17316800
West Germany,1960,Europe,2.381,69.25,55958000
East Germany,1960,Europe,2.381,69.05,17188000
West Germany,1961,Europe,2.465,69.84,56625800
East Germany,1961,Europe,2.465,69.62,17160000
West Germany,1962,Europe,2.462,70.0,57293600
East Germany,1962,Europe,2.462,69.76,17132000
West Germany,1963,Europe,2.523,70.12,57961400
East Germany,1963,Europe,2.523,69.86,17104000
West Germany,1964,Europe,2.525,70.65,58629200
East Germany,1964,Europe,2.525,70.37,17076000
West Germany,1965,Europe,2.487,70.62,59297000
East Germany,1965,Europe,2.487,70.33,17048000
West Germany,1966,Europe,2.503,70.74,59637800
East Germany,1966,Europe,2.503,70.4,17049800
West Germany,1967,Europe,2.439,70.96,59978600
East Germany,1967,Europe,2.439,70.58,17051600
West Germany,1968,Europe,2.341,70.61,60319400
East Germany,1968,Europe,2.341,70.19,17053400
West Germany,1969,Europe,2.2,70.46,60660200
East Germany,1969,Europe,2.2,70.0,17055200
West Germany,1970,Europe,2.024,70.68,61001000
East Germany,1970,Europe,2.024,70.18,17057000
West Germany,1971,Europe,1.951,70.91,61129800
East Germany,1971,Europe,1.951,70.31,17009600
West Germany,1972,Europe,1.726,71.15,61258600
East Germany,1972,Europe,1.726,70.45,16962200
West Germany,1973,Europe,1.551,71.36,61387400
East Germany,1973,Europe,1.551,70.56,16914800
West Germany,1974,Europe,1.521,71.68,61516200
East Germany,1974,Europe,1.521,70.78,16867400
West Germany,1975,Europe,1.477,71.52,61645000
East Germany,1975,Europe,1.477,70.52,16820000
West Germany,1976,Europe,1.494,71.98,61647600
East Germany,1976,Europe,1.494,70.88,16804000
West Germany,1977,Europe,1.498,72.59,61650200
East Germany,1977,Europe,1.498,71.39,16788000
West Germany,1978,Europe,1.489,72.57,61652800
East Germany,1978,Europe,1.489,71.27,16772000
West Germany,1979,Europe,1.494,72.92,61655400
East Germany,1979,Europe,1.494,71.52,16756000
West Germany,1980,Europe,1.556,73.09,61658000
East Germany,1980,Europe,1.556,71.59,16740000
West Germany,1981,Europe,1.529,73.33,61530400
East Germany,1981,Europe,1.529,71.73,16720000
West Germany,1982,Europe,1.504,73.63,61402800
East Germany,1982,Europe,1.504,71.93,16700000
West Germany,1983,Europe,1.43,73.92,61275200
East Germany,1983,Europe,1.43,72.12,16680000
West Germany,1984,Europe,1.389,74.38,61147600
East Germany,1984,Europe,1.389,72.48,16660000
West Germany,1985,Europe,1.378,74.49,61020000
East Germany,1985,Europe,1.378,72.49,16640000
West Germany,1986,Europe,1.417,74.69,61561200
East Germany,1986,Europe,1.417,72.59,16517600
West Germany,1987,Europe,1.438,75.11,62102400
East Germany,1987,Europe,1.438,72.91,16395200
West Germany,1988,Europe,1.464,75.28,62643600
East Germany,1988,Europe,1.464,72.98,16272800
West Germany,1989,Europe,1.433,75.47,63184800
East Germany,1989,Europe,1.433,73.07,16150400
West Germany,1990,Europe,1.46,75.34,63726000
East Germany,1990,Europe,1.46,72.84,16028000
North Vietnam,1954,Asia,5.797,52.0,16100000
South Vietnam,1954,Asia,5.797,52.0,12000000
North Vietnam,1955,Asia,5.535,54.83,16100000
South Vietnam,1955,Asia,5.535,54.83,12000000
North Vietnam,1956,Asia,5.621,55.53,16220000
South Vietnam,1956,Asia,5.621,55.53,12400000
North Vietnam,1957,Asia,6.145,56.17,16340000
South Vietnam,1957,Asia,6.145,56.17,12800000
North Vietnam,1958,Asia,6.209,56.8,16460000
South Vietnam,1958,Asia,6.209,56.8,13200000
North Vietnam,1959,Asia,6.25,57.4,16580000
South Vietnam,1959,Asia,6.25,57.4,13600000
North Vietnam,1960,Asia,6.273,58.05,16700000
South Vietnam,1960,Asia,6.273,58.05,14000000
North Vietnam,1961,Asia,5.476,58.46,17100000
South Vietnam,1961,Asia,5.476,58.46,14460000
North Vietnam,1962,Asia,6.257,58.2,17500000
South Vietnam,1962,Asia,6.257,58.2,14920000
North Vietnam,1963,Asia,6.385,56.9,17900000
South Vietnam,1963,Asia,6.385,56.9,15380000
North Vietnam,1964,Asia,6.285,57.47,18300000
South Vietnam,1964,Asia,6.285,57.47,15840000
North Vietnam,1965,Asia,6.156,56.97,18700000
South Vietnam,1965,Asia,6.156,56.97,16300000
North Vietnam,1966,Asia,5.968,56.91,19280000
South Vietnam,1966,Asia,5.968,56.91,16700000
North Vietnam,1967,Asia,5.883,56.74,19860000
South Vietnam,1967,Asia,5.883,56.74,17100000
North Vietnam,1968,Asia,6.029,52.67,20440000
South Vietnam,1968,Asia,6.029,52.67,17500000
North Vietnam,1969,Asia,6.013,54.79,21020000
South Vietnam,1969,Asia,6.013,54.79,17900000
North Vietnam,1970,Asia,6.019,54.93,21600000
South Vietnam,1970,Asia,6.019,54.93,18300000
North Vietnam,1971,Asia,6.069,55.59,22080000
South Vietnam,1971,Asia,6.069,55.59,18560000
North Vietnam,1972,Asia,6.1,51.91,22560000
South Vietnam,1972,Asia,6.1,51.91,18820000
North Vietnam,1973,Asia,6.108,55.68,23040000
South Vietnam,1973,Asia,6.108,55.68,19080000
North Vietnam,1974,Asia,5.781,54.75,23520000
South Vietnam,1974,Asia,5.781,54.75,19340000
North Vietnam,1975,Asia,5.621,61.87,24000000
South Vietnam,1975,Asia,5.621,61.87,19600000
North Yemen,1970,Asia,8.234,40.57,4800000
South Yemen,1970,Asia,8.234,40.57,1500000
North Yemen,1971,Asia,8.26,41.76,4900000
South Yemen,1971,Asia,8.26,41.76,1540000
North Yemen,1972,Asia,8.273,42.69,5000000
South Yemen,1972,Asia,8.273,42.69,1580000
North Yemen,1973,Asia,8.29,43.6,5100000
South Yemen,1973,Asia,8.29,43.6,1620000
North Yemen,1974,Asia,8.326,44.54,5200000
South Yemen,1974,Asia,8.326,44.54,1660000
North Yemen,1975,Asia,8.373,45.48,5300000
South Yemen,1975,Asia,8.373,45.48,1700000
North Yemen,1976,Asia,8.423,46.44,5400000
South Yemen,1976,Asia,8.423,46.44,1740000
North Yemen,1977,Asia,8.466,47.44,5500000
South Yemen,1977,Asia,8.466,47.44,1780000
North Yemen,1978,Asia,8.501,48.48,5600000
South Yemen,1978,Asia,8.501,48.48,1820000
North Yemen,1979,Asia,8.671,49.53,5700000
South Yemen,1979,Asia,8.671,49.53,1860000
North Yemen,1980,Asia,8.71,50.61,5800000
South Yemen,1980,Asia,8.71,50.61,1900000
North Yemen,1981,Asia,8.752,51.68,5940000
South Yemen,1981,Asia,8.752,51.68,1960000
North Yemen,1982,Asia,8.793,52.37,6080000
South Yemen,1982,Asia,8.793,52.37,2020000
North Yemen,1983,Asia,8.828,53.62,6220000
South Yemen,1983,Asia,8.828,53.62,2080000
North Yemen,1984,Asia,8.853,54.59,6360000
South Yemen,1984,Asia,8.853,54.59,2140000
North Yemen,1985,Asia,8.864,55.42,6500000
South Yemen,1985,Asia,8.864,55.42,2200000
North Yemen,1986,Asia,8.858,54.0,6632200
South Yemen,1986,Asia,8.858,54.0,2277000
North Yemen,1987,Asia,8.833,56.83,6764400
South Yemen,1987,Asia,8.833,56.83,2354000
North Yemen,1988,Asia,8.786,57.43,6896600
South Yemen,1988,Asia,8.786,57.43,2431000
North Yemen,1989,Asia,8.713,58.02,7028800
South Yemen,1989,Asia,8.713,58.02,2508000
North Yemen,1990,Asia,8.606,58.53,7161000
South Yemen,1990,Asia,8.606,58.53,2585000
