pays,annee,region,fecondite,esperanceDeVie,population
Afghanistan,1950,Asie,7.248,28.16,7776180
Afghanistan,1951,Asie,7.26,28.58,7879343
Afghanistan,1952,Asie,7.26,29.01,7987784
Afghanistan,1953,Asie,7.266,29.45,8096703
Afghanistan,1954,Asie,7.254,29.7,8207954
Afghanistan,1955,Asie,7.262,30.37,8326981
Afghanistan,1956,Asie,7.269,30.83,8454303
Afghanistan,1957,Asie,7.264,31.34,8588340
Afghanistan,1958,Asie,7.269,31.84,8723412
Afghanistan,1959,Asie,7.276,32.34,8869270
Afghanistan,1960,Asie,7.282,32.8,9035048
Afghanistan,1961,Asie,7.284,33.29,9214082
Afghanistan,1962,Asie,7.292,33.76,9404410
Afghanistan,1963,Asie,7.302,34.2,9604491
Afghanistan,1964,Asie,7.304,34.67,9814317
Afghanistan,1965,Asie,7.305,35.12,10036003
Afghanistan,1966,Asie,7.32,35.58,10266397
Afghanistan,1967,Asie,7.339,36.04,10505961
Afghanistan,1968,Asie,7.363,36.51,10756924
Afghanistan,1969,Asie,7.389,36.98,11017417
Afghanistan,1970,Asie,7.4,37.46,11290134
Afghanistan,1971,Asie,7.432,37.93,11567672
Afghanistan,1972,Asie,7.453,38.42,11853698
Afghanistan,1973,Asie,7.487,38.95,12158000
Afghanistan,1974,Asie,7.526,39.47,12469127
Afghanistan,1975,Asie,7.542,39.99,12773966
Afghanistan,1976,Asie,7.561,40.52,13059861
Afghanistan,1977,Asie,7.591,41.08,13340758
Afghanistan,1978,Asie,7.599,40.09,13611444
Afghanistan,1979,Asie,7.612,38.84,13655575
Afghanistan,1980,Asie,7.643,39.26,13169313
Afghanistan,1981,Asie,7.617,39.41,11937586
Afghanistan,1982,Asie,7.6,36.06,10991380
Afghanistan,1983,Asie,7.57,36.52,10917985
Afghanistan,1984,Asie,7.554,31.47,11190222
Afghanistan,1985,Asie,7.55,32.13,11426855
Afghanistan,1986,Asie,7.553,38.4,11420074
Afghanistan,1987,Asie,7.548,38.83,11387822
Afghanistan,1988,Asie,7.551,43.24,11523299
Afghanistan,1989,Asie,7.559,44.5,11874089
Afghanistan,1990,Asie,7.576,45.12,12045664
Afghanistan,1991,Asie,7.631,45.52,12238879
Afghanistan,1992,Asie,7.703,46.57,13278983
Afghanistan,1993,Asie,7.761,51.02,14943175
Afghanistan,1994,Asie,7.767,50.97,16250800
Afghanistan,1995,Asie,7.767,52.1,17065837
Afghanistan,1996,Asie,7.757,52.83,17763266
Afghanistan,1997,Asie,7.732,53.21,18452100
Afghanistan,1998,Asie,7.693,52.49,19159996
Afghanistan,1999,Asie,7.641,54.53,19887792
Afghanistan,2000,Asie,7.566,55.01,20130334
Afghanistan,2001,Asie,7.453,55.51,20284303
Afghanistan,2002,Asie,7.32,56.23,21378123
Afghanistan,2003,Asie,7.174,57.17,22733053
Afghanistan,2004,Asie,7.018,57.81,23560656
Afghanistan,2005,Asie,6.858,58.25,24404575
Afghanistan,2006,Asie,6.686,58.55,25424100
Afghanistan,2007,Asie,6.508,58.96,25909852
Afghanistan,2008,Asie,6.392,59.71,26482631
Afghanistan,2009,Asie,6.295,60.25,27466102
Afghanistan,2010,Asie,6.195,60.7,28284088
Afghanistan,2011,Asie,6.094,61.25,29347708
Afghanistan,2012,Asie,5.985,61.73,30560036
Afghanistan,2013,Asie,5.879,62.19,31622709
Afghanistan,2014,Asie,5.77,62.26,32792528
Afghanistan,2015,Asie,5.652,62.27,33831767
Afghanistan,2016,Asie,5.542,62.65,34700613
Afghanistan,2017,Asie,5.433,62.41,35688941
Afghanistan,2018,Asie,5.327,62.44,36743040
Afghanistan,2019,Asie,5.238,62.94,37856125
Afghanistan,2020,Asie,5.145,61.45,39068977
Afghanistan,2021,Asie,5.039,60.42,40000410
Afghanistan,2022,Asie,4.932,65.62,40578847
Afghanistan,2023,Asie,4.84,66.03,41454762
Afghanistan,2024,Asie,4.767,66.29,42647502
Afghanistan,2025,Asie,4.696,66.54,43844116
Angola,1950,Afrique,5.771,35.87,4551869
Angola,1951,Afrique,5.831,36.05,4602567
Angola,1952,Afrique,5.948,36.22,4651693
Angola,1953,Afrique,6.06,36.43,4706357
Angola,1954,Afrique,6.166,36.62,4766716
Angola,1955,Afrique,6.267,36.85,4832775
Angola,1956,Afrique,6.363,37.08,4904275
Angola,1957,Afrique,6.455,37.27,4980650
Angola,1958,Afrique,6.542,37.48,5061137
Angola,1959,Afrique,6.626,37.69,5145107
Angola,1960,Afrique,6.708,37.93,5231664
Angola,1961,Afrique,6.79,36.9,5301584
Angola,1962,Afrique,6.872,37.17,5354315
Angola,1963,Afrique,6.954,37.42,5408334
Angola,1964,Afrique,7.036,37.7,5464186
Angola,1965,Afrique,7.116,37.97,5521982
Angola,1966,Afrique,7.194,38.26,5581391
Angola,1967,Afrique,7.267,38.62,5641810
Angola,1968,Afrique,7.332,38.97,5702706
Angola,1969,Afrique,7.388,39.33,5763693
Angola,1970,Afrique,7.434,39.69,5852790
Angola,1971,Afrique,7.467,40.08,5991114
Angola,1972,Afrique,7.488,40.47,6174269
Angola,1973,Afrique,7.498,40.87,6388534
Angola,1974,Afrique,7.5,41.26,6613368
Angola,1975,Afrique,7.494,40.82,6842952
Angola,1976,Afrique,7.485,40.81,7074668
Angola,1977,Afrique,7.475,41.22,7317837
Angola,1978,Afrique,7.467,41.57,7576742
Angola,1979,Afrique,7.461,41.91,7847207
Angola,1980,Afrique,7.459,42.24,8133867
Angola,1981,Afrique,7.459,42.56,8435605
Angola,1982,Afrique,7.461,42.86,8751653
Angola,1983,Afrique,7.462,41.97,9082985
Angola,1984,Afrique,7.459,42.24,9425921
Angola,1985,Afrique,7.451,42.49,9779125
Angola,1986,Afrique,7.435,42.74,10139459
Angola,1987,Afrique,7.409,40.79,10497863
Angola,1988,Afrique,7.373,41.47,10861299
Angola,1989,Afrique,7.328,41.7,11238562
Angola,1990,Afrique,7.272,41.85,11626361
Angola,1991,Afrique,7.208,43.81,12023532
Angola,1992,Afrique,7.138,42.27,12423717
Angola,1993,Afrique,7.065,42.19,12827136
Angola,1994,Afrique,6.99,43.57,13249763
Angola,1995,Afrique,6.918,46.14,13699780
Angola,1996,Afrique,6.851,46.42,14170973
Angola,1997,Afrique,6.789,46.69,14660419
Angola,1998,Afrique,6.732,45.45,15159378
Angola,1999,Afrique,6.683,45.81,15667235
Angola,2000,Afrique,6.639,46.5,16194873
Angola,2001,Afrique,6.601,47.03,16747204
Angola,2002,Afrique,6.567,47.87,17327701
Angola,2003,Afrique,6.533,50.22,17943718
Angola,2004,Afrique,6.499,51.12,18600426
Angola,2005,Afrique,6.461,52.13,19291160
Angola,2006,Afrique,6.419,52.97,20015281
Angola,2007,Afrique,6.372,54.2,20778570
Angola,2008,Afrique,6.32,55.28,21578656
Angola,2009,Afrique,6.26,56.23,22414775
Angola,2010,Afrique,6.194,57.24,23294822
Angola,2011,Afrique,6.12,58.09,24218358
Angola,2012,Afrique,6.039,58.92,25177398
Angola,2013,Afrique,5.953,59.7,26165616
Angola,2014,Afrique,5.864,60.4,27160767
Angola,2015,Afrique,5.774,61.04,28157802
Angola,2016,Afrique,5.686,61.62,29183072
Angola,2017,Afrique,5.6,62.12,30234836
Angola,2018,Afrique,5.519,62.62,31297160
Angola,2019,Afrique,5.442,63.05,32375633
Angola,2020,Afrique,5.371,63.12,33451139
Angola,2021,Afrique,5.304,62.96,34532427
Angola,2022,Afrique,5.209,64.25,35635028
Angola,2023,Afrique,5.124,64.62,36749909
Angola,2024,Afrique,5.048,64.81,37885854
Angola,2025,Afrique,4.973,64.98,39040034
Albanie,1950,Europe,6.169,44.52,1247854
Albanie,1951,Europe,6.198,45.27,1276365
Albanie,1952,Europe,6.239,46.28,1308368
Albanie,1953,Europe,6.341,47.37,1343581
Albanie,1954,Europe,6.432,48.42,1381088
Albanie,1955,Europe,6.541,49.58,1418855
Albanie,1956,Europe,6.437,50.85,1456823
Albanie,1957,Europe,6.334,52.26,1497954
Albanie,1958,Europe,6.391,53.74,1543982
Albanie,1959,Europe,6.397,55.13,1595021
Albanie,1960,Europe,6.383,56.41,1649393
Albanie,1961,Europe,6.273,57.49,1698801
Albanie,1962,Europe,6.106,58.49,1743739
Albanie,1963,Europe,5.927,59.48,1791289
Albanie,1964,Europe,5.714,60.4,1841445
Albanie,1965,Europe,5.474,61.27,1894317
Albanie,1966,Europe,5.325,62.15,1950049
Albanie,1967,Europe,5.31,62.98,2008524
Albanie,1968,Europe,5.317,63.79,2068848
Albanie,1969,Europe,5.287,64.54,2126885
Albanie,1970,Europe,5.158,65.23,2181226
Albanie,1971,Europe,5.083,65.9,2234995
Albanie,1972,Europe,4.979,66.53,2289265
Albanie,1973,Europe,4.829,67.11,2344108
Albanie,1974,Europe,4.7,67.63,2399397
Albanie,1975,Europe,4.566,68.12,2454861
Albanie,1976,Europe,4.374,68.57,2510579
Albanie,1977,Europe,4.204,68.99,2566603
Albanie,1978,Europe,3.996,69.37,2624620
Albanie,1979,Europe,3.782,69.62,2681393
Albanie,1980,Europe,3.59,69.9,2735424
Albanie,1981,Europe,3.468,70.14,2790413
Albanie,1982,Europe,3.416,70.42,2846910
Albanie,1983,Europe,3.319,70.7,2905128
Albanie,1984,Europe,3.282,70.98,2964961
Albanie,1985,Europe,3.214,71.28,3026245
Albanie,1986,Europe,3.141,71.67,3087658
Albanie,1987,Europe,3.106,71.98,3148843
Albanie,1988,Europe,3.069,72.22,3212924
Albanie,1989,Europe,3.03,72.46,3260369
Albanie,1990,Europe,3.014,72.71,3277965
Albanie,1991,Europe,2.956,73.0,3282608
Albanie,1992,Europe,2.885,73.3,3282506
Albanie,1993,Europe,2.811,73.64,3277831
Albanie,1994,Europe,2.798,73.84,3269417
Albanie,1995,Europe,2.762,74.02,3258573
Albanie,1996,Europe,2.666,74.11,3245680
Albanie,1997,Europe,2.535,73.38,3229665
Albanie,1998,Europe,2.425,74.36,3210134
Albanie,1999,Europe,2.313,74.57,3188598
Albanie,2000,Europe,2.217,74.83,3166147
Albanie,2001,Europe,2.141,75.08,3147943
Albanie,2002,Europe,2.002,75.3,3134095
Albanie,2003,Europe,2.006,75.56,3118093
Albanie,2004,Europe,1.889,75.95,3098662
Albanie,2005,Europe,1.787,76.43,3076156
Albanie,2006,Europe,1.686,76.99,3050805
Albanie,2007,Europe,1.633,77.69,3022887
Albanie,2008,Europe,1.616,78.25,2992933
Albanie,2009,Europe,1.638,78.51,2961487
Albanie,2010,Europe,1.653,78.41,2928731
Albanie,2011,Europe,1.677,78.3,2911499
Albanie,2012,Europe,1.719,78.08,2910003
Albanie,2013,Europe,1.741,78.0,2907571
Albanie,2014,Europe,1.721,78.03,2903748
Albanie,2015,Europe,1.631,78.36,2898634
Albanie,2016,Europe,1.555,78.64,2897868
Albanie,2017,Europe,1.486,78.9,2898245
Albanie,2018,Europe,1.415,79.24,2894229
Albanie,2019,Europe,1.395,79.47,2885011
Albanie,2020,Europe,1.371,77.82,2871950
Albanie,2021,Europe,1.365,76.84,2849641
Albanie,2022,Europe,1.355,78.77,2827614
Albanie,2023,Europe,1.348,79.6,2811660
Albanie,2024,Europe,1.328,79.78,2791756
Albanie,2025,Europe,1.308,79.95,2771507
Émirats arabes unis,1950,Asie,6.503,42.15,74532
Émirats arabes unis,1951,Asie,6.499,42.89,79554
Émirats arabes unis,1952,Asie,6.5,43.63,84780
Émirats arabes unis,1953,Asie,6.499,44.41,90166
Émirats arabes unis,1954,Asie,6.502,45.21,95670
Émirats arabes unis,1955,Asie,6.495,46.05,101272
Émirats arabes unis,1956,Asie,6.494,46.92,106976
Émirats arabes unis,1957,Asie,6.488,47.83,112797
Émirats arabes unis,1958,Asie,6.484,48.76,118776
Émirats arabes unis,1959,Asie,6.5,49.7,124949
Émirats arabes unis,1960,Asie,6.499,50.65,131348
Émirats arabes unis,1961,Asie,6.494,51.6,138002
Émirats arabes unis,1962,Asie,6.489,52.55,144963
Émirats arabes unis,1963,Asie,6.495,53.51,152223
Émirats arabes unis,1964,Asie,6.494,54.49,159702
Émirats arabes unis,1965,Asie,6.495,55.51,167121
Émirats arabes unis,1966,Asie,6.495,56.57,173988
Émirats arabes unis,1967,Asie,6.51,57.65,179708
Émirats arabes unis,1968,Asie,6.529,58.73,199432
Émirats arabes unis,1969,Asie,6.524,59.76,239676
Émirats arabes unis,1970,Asie,6.519,60.78,286553
Émirats arabes unis,1971,Asie,6.519,61.75,335042
Émirats arabes unis,1972,Asie,6.502,62.67,385025
Émirats arabes unis,1973,Asie,6.464,63.54,436407
Émirats arabes unis,1974,Asie,6.411,64.35,489098
Émirats arabes unis,1975,Asie,6.353,65.11,542868
Émirats arabes unis,1976,Asie,6.291,65.81,615871
Émirats arabes unis,1977,Asie,6.223,66.47,710216
Émirats arabes unis,1978,Asie,6.151,67.08,809285
Émirats arabes unis,1979,Asie,6.059,67.64,912016
Émirats arabes unis,1980,Asie,5.953,68.16,1015711
Émirats arabes unis,1981,Asie,5.814,68.62,1099864
Émirats arabes unis,1982,Asie,5.658,69.06,1166383
Émirats arabes unis,1983,Asie,5.482,69.45,1235309
Émirats arabes unis,1984,Asie,5.303,69.8,1306005
Émirats arabes unis,1985,Asie,5.125,70.12,1377918
Émirats arabes unis,1986,Asie,4.999,70.41,1467386
Émirats arabes unis,1987,Asie,4.883,70.62,1574258
Émirats arabes unis,1988,Asie,4.768,70.81,1681797
Émirats arabes unis,1989,Asie,4.65,70.96,1789858
Émirats arabes unis,1990,Asie,4.506,71.07,1898220
Émirats arabes unis,1991,Asie,4.251,71.14,2006630
Émirats arabes unis,1992,Asie,4.088,71.17,2114738
Émirats arabes unis,1993,Asie,3.819,71.16,2222098
Émirats arabes unis,1994,Asie,3.761,71.2,2328191
Émirats arabes unis,1995,Asie,3.278,71.39,2434667
Émirats arabes unis,1996,Asie,3.06,71.82,2597570
Émirats arabes unis,1997,Asie,2.825,72.56,2817410
Émirats arabes unis,1998,Asie,2.765,73.66,3040432
Émirats arabes unis,1999,Asie,2.793,74.98,3266011
Émirats arabes unis,2000,Asie,2.733,76.35,3493583
Émirats arabes unis,2001,Asie,2.622,77.62,3723596
Émirats arabes unis,2002,Asie,2.541,78.72,3956829
Émirats arabes unis,2003,Asie,2.491,79.6,4192465
Émirats arabes unis,2004,Asie,2.385,80.27,4428964
Émirats arabes unis,2005,Asie,2.232,80.78,4664797
Émirats arabes unis,2006,Asie,1.958,81.16,5009106
Émirats arabes unis,2007,Asie,1.792,81.44,5624640
Émirats arabes unis,2008,Asie,1.516,81.59,6302669
Émirats arabes unis,2009,Asie,1.582,81.68,6707063
Émirats arabes unis,2010,Asie,1.565,81.89,6938372
Émirats arabes unis,2011,Asie,1.539,81.9,7199436
Émirats arabes unis,2012,Asie,1.532,81.91,7497122
Émirats arabes unis,2013,Asie,1.527,81.95,7831851
Émirats arabes unis,2014,Asie,1.483,81.99,8236880
Émirats arabes unis,2015,Asie,1.417,82.08,8674633
Émirats arabes unis,2016,Asie,1.366,82.19,9030873
Émirats arabes unis,2017,Asie,1.35,82.39,9234330
Émirats arabes unis,2018,Asie,1.288,82.45,9346870
Émirats arabes unis,2019,Asie,1.247,82.6,9377855
Émirats arabes unis,2020,Asie,1.289,81.94,9448529
Émirats arabes unis,2021,Asie,1.162,79.08,9789055
Émirats arabes unis,2022,Asie,1.148,80.49,10242085
Émirats arabes unis,2023,Asie,1.2,82.91,10642089
Émirats arabes unis,2024,Asie,1.182,83.07,11027135
Émirats arabes unis,2025,Asie,1.164,83.23,11346006
Argentine,1950,Amériques,3.164,61.27,17018032
Argentine,1951,Amériques,3.161,61.71,17356467
Argentine,1952,Amériques,3.157,62.47,17698882
Argentine,1953,Amériques,3.152,62.46,18041299
Argentine,1954,Amériques,3.141,63.07,18381211
Argentine,1955,Amériques,3.139,62.7,18716036
Argentine,1956,Amériques,3.147,63.58,19049973
Argentine,1957,Amériques,3.137,63.22,19383045
Argentine,1958,Amériques,3.1,64.2,19714264
Argentine,1959,Amériques,3.141,64.1,20049604
Argentine,1960,Amériques,3.136,64.24,20386055
Argentine,1961,Amériques,3.12,64.63,20726280
Argentine,1962,Amériques,3.126,64.62,21072543
Argentine,1963,Amériques,3.109,64.86,21421702
Argentine,1964,Amériques,3.075,64.82,21769451
Argentine,1965,Amériques,3.005,65.05,22112634
Argentine,1966,Amériques,2.966,65.4,22453898
Argentine,1967,Amériques,2.982,65.47,22799063
Argentine,1968,Amériques,3.011,65.23,23150580
Argentine,1969,Amériques,3.049,65.08,23508716
Argentine,1970,Amériques,3.085,65.65,23878330
Argentine,1971,Amériques,3.108,65.62,24257212
Argentine,1972,Amériques,3.135,65.95,24644332
Argentine,1973,Amériques,3.17,66.19,25046007
Argentine,1974,Amériques,3.216,66.41,25461352
Argentine,1975,Amériques,3.271,66.97,25874106
Argentine,1976,Amériques,3.317,67.03,26282282
Argentine,1977,Amériques,3.359,67.59,26701815
Argentine,1978,Amériques,3.359,68.0,27132162
Argentine,1979,Amériques,3.339,68.43,27568894
Argentine,1980,Amériques,3.301,68.58,28011597
Argentine,1981,Amériques,3.253,68.86,28463956
Argentine,1982,Amériques,3.204,68.97,28924268
Argentine,1983,Amériques,3.148,69.29,29391334
Argentine,1984,Amériques,3.116,69.35,29863090
Argentine,1985,Amériques,3.066,69.88,30336448
Argentine,1986,Amériques,3.054,70.28,30811982
Argentine,1987,Amériques,3.037,70.7,31291764
Argentine,1988,Amériques,3.046,71.1,31780534
Argentine,1989,Amériques,3.022,71.5,32270958
Argentine,1990,Amériques,3.034,71.61,32755907
Argentine,1991,Amériques,3.012,72.02,33230293
Argentine,1992,Amériques,2.987,72.1,33693532
Argentine,1993,Amériques,2.966,72.3,34152719
Argentine,1994,Amériques,2.935,72.73,34613492
Argentine,1995,Amériques,2.864,72.86,35070016
Argentine,1996,Amériques,2.781,73.06,35513795
Argentine,1997,Amériques,2.706,73.41,35947790
Argentine,1998,Amériques,2.662,73.41,36372862
Argentine,1999,Amériques,2.643,73.68,36794687
Argentine,2000,Amériques,2.591,73.91,37213986
Argentine,2001,Amériques,2.531,74.15,37624817
Argentine,2002,Amériques,2.493,74.31,38029345
Argentine,2003,Amériques,2.451,74.31,38424283
Argentine,2004,Amériques,2.43,74.87,38815915
Argentine,2005,Amériques,2.426,75.23,39216786
Argentine,2006,Amériques,2.4,75.28,39622113
Argentine,2007,Amériques,2.37,74.78,40016767
Argentine,2008,Amériques,2.432,75.43,40424151
Argentine,2009,Amériques,2.4,75.58,40854832
Argentine,2010,Amériques,2.411,75.68,41288694
Argentine,2011,Amériques,2.393,76.1,41730655
Argentine,2012,Amériques,2.304,75.8,42161718
Argentine,2013,Amériques,2.335,75.83,42582453
Argentine,2014,Amériques,2.386,76.27,43024071
Argentine,2015,Amériques,2.35,76.6,43477011
Argentine,2016,Amériques,2.241,76.11,43900312
Argentine,2017,Amériques,2.168,76.54,44288898
Argentine,2018,Amériques,2.067,76.77,44654876
Argentine,2019,Amériques,1.882,76.85,44973469
Argentine,2020,Amériques,1.601,75.88,45191960
Argentine,2021,Amériques,1.585,73.95,45312282
Argentine,2022,Amériques,1.482,75.81,45407904
Argentine,2023,Amériques,1.5,77.39,45538402
Argentine,2024,Amériques,1.478,77.54,45696153
Argentine,2025,Amériques,1.455,77.69,45851379
Arménie,1992,Asie,2.499,67.88,3571870
Arménie,1993,Asie,2.286,68.14,3453339
Arménie,1994,Asie,2.084,68.45,3364620
Arménie,1995,Asie,2.067,68.81,3307586
Arménie,1996,Asie,2.06,69.2,3278738
Arménie,1997,Asie,1.9,69.59,3246292
Arménie,1998,Asie,1.81,70.0,3208399
Arménie,1999,Asie,1.534,70.42,3167282
Arménie,2000,Asie,1.47,70.81,3125630
Arménie,2001,Asie,1.402,71.17,3084350
Arménie,2002,Asie,1.405,71.49,3055636
Arménie,2003,Asie,1.473,71.73,3038976
Arménie,2004,Asie,1.491,71.93,3022544
Arménie,2005,Asie,1.492,72.08,3006360
Arménie,2006,Asie,1.494,72.22,2990371
Arménie,2007,Asie,1.519,72.36,2974825
Arménie,2008,Asie,1.541,72.52,2959996
Arménie,2009,Asie,1.574,72.71,2945518
Arménie,2010,Asie,1.588,72.94,2931083
Arménie,2011,Asie,1.615,73.19,2923269
Arménie,2012,Asie,1.647,73.44,2922529
Arménie,2013,Asie,1.669,73.71,2922526
Arménie,2014,Asie,1.663,73.98,2922433
Arménie,2015,Asie,1.621,74.23,2921179
Arménie,2016,Asie,1.625,74.49,2918796
Arménie,2017,Asie,1.561,74.74,2914966
Arménie,2018,Asie,1.567,74.98,2909971
Arménie,2019,Asie,1.601,75.19,2903975
Arménie,2020,Asie,1.619,68.89,2890893
Arménie,2021,Asie,1.71,72.55,2870339
Arménie,2022,Asie,1.719,74.63,2880880
Arménie,2023,Asie,1.714,75.68,2943398
Arménie,2024,Asie,1.72,75.85,2973843
Arménie,2025,Asie,1.726,76.01,2952355
Australie,1950,Océanie,3.063,69.0,8176751
Australie,1951,Océanie,3.063,68.7,8418616
Australie,1952,Océanie,3.18,69.11,8630707
Australie,1953,Océanie,3.192,69.69,8816085
Australie,1954,Océanie,3.192,69.86,8999384
Australie,1955,Océanie,3.273,70.16,9205189
Australie,1956,Océanie,3.331,70.04,9424660
Australie,1957,Océanie,3.421,70.32,9638773
Australie,1958,Océanie,3.423,70.86,9847636
Australie,1959,Océanie,3.441,70.44,10060033
Australie,1960,Océanie,3.453,70.86,10280815
Australie,1961,Océanie,3.542,71.14,10500441
Australie,1962,Océanie,3.425,70.91,10707235
Australie,1963,Océanie,3.334,70.96,10913270
Australie,1964,Océanie,3.146,70.57,11128257
Australie,1965,Océanie,2.979,70.8,11357479
Australie,1966,Océanie,2.883,70.68,11592485
Australie,1967,Océanie,2.851,71.05,11810521
Australie,1968,Océanie,2.889,70.68,12030009
Australie,1969,Océanie,2.889,71.07,12272387
Australie,1970,Océanie,2.86,70.65,12599414
Australie,1971,Océanie,2.948,71.45,12997963
Australie,1972,Océanie,2.742,71.77,13304897
Australie,1973,Océanie,2.493,72.06,13518689
Australie,1974,Océanie,2.376,71.85,13719499
Australie,1975,Océanie,2.207,72.78,13893988
Australie,1976,Océanie,2.063,72.79,14046758
Australie,1977,Océanie,2.019,73.47,14203511
Australie,1978,Océanie,1.961,73.74,14367099
Australie,1979,Océanie,1.913,74.33,14533034
Australie,1980,Océanie,1.901,74.57,14721345
Australie,1981,Océanie,1.94,74.78,14949210
Australie,1982,Océanie,1.94,74.72,15192484
Australie,1983,Océanie,1.931,75.44,15414891
Australie,1984,Océanie,1.872,75.51,15620653
Australie,1985,Océanie,1.899,75.43,15835743
Australie,1986,Océanie,1.872,76.07,16069631
Australie,1987,Océanie,1.851,76.08,16322272
Australie,1988,Océanie,1.84,76.34,16594104
Australie,1989,Océanie,1.843,76.2,16869362
Australie,1990,Océanie,1.908,77.04,17126304
Australie,1991,Océanie,1.863,77.48,17353191
Australie,1992,Océanie,1.892,77.47,17549286
Australie,1993,Océanie,1.864,78.01,17722905
Australie,1994,Océanie,1.852,77.85,17897433
Australie,1995,Océanie,1.825,78.26,18095340
Australie,1996,Océanie,1.804,78.34,18305305
Australie,1997,Océanie,1.783,78.63,18504911
Australie,1998,Océanie,1.765,79.02,18701710
Australie,1999,Océanie,1.764,79.28,18909980
Australie,2000,Océanie,1.764,79.62,19132472
Australie,2001,Océanie,1.738,80.01,19365438
Australie,2002,Océanie,1.765,80.05,19595356
Australie,2003,Océanie,1.764,80.44,19819449
Australie,2004,Océanie,1.784,80.73,20046679
Australie,2005,Océanie,1.849,81.09,20294490
Australie,2006,Océanie,1.882,81.26,20590566
Australie,2007,Océanie,1.991,81.23,20954545
Australie,2008,Océanie,2.02,81.43,21370595
Australie,2009,Océanie,1.972,81.73,21783014
Australie,2010,Océanie,1.948,82.01,22141583
Australie,2011,Océanie,1.922,82.09,22479779
Australie,2012,Océanie,1.931,82.3,22852648
Australie,2013,Océanie,1.883,82.55,23236271
Australie,2014,Océanie,1.805,82.52,23595599
Australie,2015,Océanie,1.803,82.61,23947997
Australie,2016,Océanie,1.792,82.8,24329963
Australie,2017,Océanie,1.745,82.72,24731044
Australie,2018,Océanie,1.743,83.26,25119700
Australie,2019,Océanie,1.666,83.24,25482714
Australie,2020,Océanie,1.593,83.66,25743787
Australie,2021,Océanie,1.647,83.56,25956417
Australie,2022,Océanie,1.638,82.77,26200987
Australie,2023,Océanie,1.638,83.92,26451126
Australie,2024,Océanie,1.62,84.07,26713206
Australie,2025,Océanie,1.603,84.21,26974024
Autriche,1950,Europe,2.089,64.81,6936455
Autriche,1951,Europe,2.035,65.22,6930487
Autriche,1952,Europe,2.068,66.75,6927254
Autriche,1953,Europe,2.09,67.25,6932083
Autriche,1954,Europe,2.139,67.29,6939893
Autriche,1955,Europe,2.268,67.55,6946659
Autriche,1956,Europe,2.456,67.68,6952266
Autriche,1957,Europe,2.549,67.44,6965838
Autriche,1958,Europe,2.592,68.45,6987345
Autriche,1959,Europe,2.678,68.39,7014270
Autriche,1960,Europe,2.689,68.75,7047274
Autriche,1961,Europe,2.787,69.71,7086060
Autriche,1962,Europe,2.801,69.5,7129581
Autriche,1963,Europe,2.817,69.65,7175502
Autriche,1964,Europe,2.779,70.12,7223392
Autriche,1965,Europe,2.697,69.93,7270413
Autriche,1966,Europe,2.672,70.22,7321524
Autriche,1967,Europe,2.629,70.12,7376293
Autriche,1968,Europe,2.585,70.27,7414627
Autriche,1969,Europe,2.484,70.04,7440306
Autriche,1970,Europe,2.294,70.09,7466320
Autriche,1971,Europe,2.194,70.29,7499635
Autriche,1972,Europe,2.077,70.62,7543263
Autriche,1973,Europe,1.931,71.19,7585107
Autriche,1974,Europe,1.902,71.17,7597963
Autriche,1975,Europe,1.823,71.33,7577833
Autriche,1976,Europe,1.681,71.79,7564457
Autriche,1977,Europe,1.623,72.14,7567332
Autriche,1978,Europe,1.597,72.2,7561203
Autriche,1979,Europe,1.597,72.54,7548345
Autriche,1980,Europe,1.651,72.67,7548407
Autriche,1981,Europe,1.672,72.99,7567550
Autriche,1982,Europe,1.661,73.14,7573078
Autriche,1983,Europe,1.563,73.22,7561166
Autriche,1984,Europe,1.526,73.77,7560715
Autriche,1985,Europe,1.479,73.99,7564310
Autriche,1986,Europe,1.455,74.46,7569397
Autriche,1987,Europe,1.44,74.9,7574314
Autriche,1988,Europe,1.457,75.37,7585346
Autriche,1989,Europe,1.455,75.46,7620405
Autriche,1990,Europe,1.467,75.74,7679627
Autriche,1991,Europe,1.516,75.79,7757140
Autriche,1992,Europe,1.516,75.99,7842715
Autriche,1993,Europe,1.512,76.22,7907492
Autriche,1994,Europe,1.474,76.54,7938157
Autriche,1995,Europe,1.431,76.78,7950322
Autriche,1996,Europe,1.448,77.03,7960917
Autriche,1997,Europe,1.395,77.43,7969804
Autriche,1998,Europe,1.371,77.78,7978465
Autriche,1999,Europe,1.344,77.95,7993894
Autriche,2000,Europe,1.364,78.23,8012929
Autriche,2001,Europe,1.331,78.72,8042233
Autriche,2002,Europe,1.389,78.85,8081640
Autriche,2003,Europe,1.373,78.85,8122604
Autriche,2004,Europe,1.415,79.36,8173496
Autriche,2005,Europe,1.406,79.52,8229204
Autriche,2006,Europe,1.404,79.97,8269901
Autriche,2007,Europe,1.381,80.17,8296948
Autriche,2008,Europe,1.411,80.36,8323250
Autriche,2009,Europe,1.393,80.21,8345073
Autriche,2010,Europe,1.44,80.46,8365087
Autriche,2011,Europe,1.43,80.83,8393272
Autriche,2012,Europe,1.44,80.84,8431599
Autriche,2013,Europe,1.436,81.08,8481411
Autriche,2014,Europe,1.464,81.39,8547812
Autriche,2015,Europe,1.492,81.16,8644037
Autriche,2016,Europe,1.531,81.59,8737920
Autriche,2017,Europe,1.521,81.64,8798779
Autriche,2018,Europe,1.479,81.69,8841653
Autriche,2019,Europe,1.464,81.91,8880876
Autriche,2020,Europe,1.439,81.8,8921402
Autriche,2021,Europe,1.469,81.82,8967053
Autriche,2022,Europe,1.41,81.3,9064678
Autriche,2023,Europe,1.317,81.96,9130434
Autriche,2024,Europe,1.302,82.12,9120815
Autriche,2025,Europe,1.286,82.29,9113578
Azerbaïdjan,1992,Asie,2.863,60.77,7405781
Azerbaïdjan,1993,Asie,2.747,61.43,7504119
Azerbaïdjan,1994,Asie,2.445,60.28,7608894
Azerbaïdjan,1995,Asie,2.193,61.93,7719283
Azerbaïdjan,1996,Asie,1.977,62.66,7830981
Azerbaïdjan,1997,Asie,2.018,62.95,7936220
Azerbaïdjan,1998,Asie,1.848,63.75,8025808
Azerbaïdjan,1999,Asie,1.716,64.73,8100472
Azerbaïdjan,2000,Asie,1.698,65.38,8174784
Azerbaïdjan,2001,Asie,1.589,66.04,8251776
Azerbaïdjan,2002,Asie,1.577,66.77,8326141
Azerbaïdjan,2003,Asie,1.591,67.04,8400528
Azerbaïdjan,2004,Asie,1.965,67.49,8489874
Azerbaïdjan,2005,Asie,1.982,67.71,8597248
Azerbaïdjan,2006,Asie,2.019,68.49,8711380
Azerbaïdjan,2007,Asie,1.968,68.66,8828313
Azerbaïdjan,2008,Asie,1.904,69.36,8942637
Azerbaïdjan,2009,Asie,1.821,69.87,9046336
Azerbaïdjan,2010,Asie,1.924,70.31,9146852
Azerbaïdjan,2011,Asie,1.98,70.56,9256156
Azerbaïdjan,2012,Asie,2.142,71.08,9376179
Azerbaïdjan,2013,Asie,2.148,71.48,9504417
Azerbaïdjan,2014,Asie,2.131,71.93,9631136
Azerbaïdjan,2015,Asie,2.092,72.35,9752859
Azerbaïdjan,2016,Asie,2.032,72.57,9868434
Azerbaïdjan,2017,Asie,1.961,72.69,9968510
Azerbaïdjan,2018,Asie,1.905,73.02,10039782
Azerbaïdjan,2019,Asie,1.845,73.29,10110483
Azerbaïdjan,2020,Asie,1.764,70.31,10181736
Azerbaïdjan,2021,Asie,1.71,71.0,10234372
Azerbaïdjan,2022,Asie,1.687,74.12,10295307
Azerbaïdjan,2023,Asie,1.67,74.43,10318209
Azerbaïdjan,2024,Asie,1.645,74.58,10336577
Azerbaïdjan,2025,Asie,1.62,74.73,10397712
Burundi,1950,Afrique,6.923,40.94,2254942
Burundi,1951,Afrique,6.914,41.23,2305749
Burundi,1952,Afrique,6.9,41.48,2355807
Burundi,1953,Afrique,6.915,41.74,2405189
Burundi,1954,Afrique,6.917,41.97,2454593
Burundi,1955,Afrique,6.93,42.17,2504658
Burundi,1956,Afrique,6.931,42.41,2555312
Burundi,1957,Afrique,6.932,42.64,2606484
Burundi,1958,Afrique,6.949,42.87,2657416
Burundi,1959,Afrique,6.979,43.07,2709604
Burundi,1960,Afrique,7.003,43.26,2764265
Burundi,1961,Afrique,7.023,43.36,2835122
Burundi,1962,Afrique,7.038,43.49,2907945
Burundi,1963,Afrique,7.067,43.56,2969844
Burundi,1964,Afrique,7.09,43.6,3055656
Burundi,1965,Afrique,7.113,41.84,3141371
Burundi,1966,Afrique,7.135,43.53,3217962
Burundi,1967,Afrique,7.156,43.33,3300699
Burundi,1968,Afrique,7.18,43.41,3380389
Burundi,1969,Afrique,7.215,43.0,3454598
Burundi,1970,Afrique,7.214,43.23,3530431
Burundi,1971,Afrique,7.213,43.17,3617295
Burundi,1972,Afrique,7.21,25.78,3617134
Burundi,1973,Afrique,7.215,37.41,3611994
Burundi,1974,Afrique,7.222,43.34,3703604
Burundi,1975,Afrique,7.244,43.45,3796617
Burundi,1976,Afrique,7.248,43.69,3882626
Burundi,1977,Afrique,7.245,43.97,3983585
Burundi,1978,Afrique,7.259,44.4,4100342
Burundi,1979,Afrique,7.307,45.04,4203533
Burundi,1980,Afrique,7.353,45.73,4383713
Burundi,1981,Afrique,7.329,46.41,4566017
Burundi,1982,Afrique,7.314,47.01,4681397
Burundi,1983,Afrique,7.298,47.43,4808530
Burundi,1984,Afrique,7.295,47.69,4926477
Burundi,1985,Afrique,7.294,47.66,5034043
Burundi,1986,Afrique,7.32,47.4,5129423
Burundi,1987,Afrique,7.38,47.07,5247790
Burundi,1988,Afrique,7.383,42.89,5365332
Burundi,1989,Afrique,7.387,45.74,5471706
Burundi,1990,Afrique,7.365,45.18,5587051
Burundi,1991,Afrique,7.336,44.66,5703860
Burundi,1992,Afrique,7.301,44.47,5858405
Burundi,1993,Afrique,7.272,37.22,5676847
Burundi,1994,Afrique,7.23,44.52,5713856
Burundi,1995,Afrique,7.184,44.59,6066319
Burundi,1996,Afrique,7.123,44.81,6070510
Burundi,1997,Afrique,7.04,45.72,6070038
Burundi,1998,Afrique,6.958,46.68,6187114
Burundi,1999,Afrique,6.897,47.63,6337155
Burundi,2000,Afrique,6.872,47.62,6470196
Burundi,2001,Afrique,6.849,48.51,6634368
Burundi,2002,Afrique,6.819,49.92,6824139
Burundi,2003,Afrique,6.785,51.0,7043158
Burundi,2004,Afrique,6.746,52.22,7310656
Burundi,2005,Afrique,6.708,53.05,7587303
Burundi,2006,Afrique,6.659,53.96,7865545
Burundi,2007,Afrique,6.588,54.83,8161879
Burundi,2008,Afrique,6.515,55.58,8505643
Burundi,2009,Afrique,6.409,56.42,8947653
Burundi,2010,Afrique,6.26,57.09,9376448
Burundi,2011,Afrique,6.108,57.8,9717980
Burundi,2012,Afrique,5.991,58.5,10071033
Burundi,2013,Afrique,5.889,59.18,10439346
Burundi,2014,Afrique,5.794,59.76,10799789
Burundi,2015,Afrique,5.695,60.11,11047581
Burundi,2016,Afrique,5.587,60.79,11239459
Burundi,2017,Afrique,5.481,61.34,11506764
Burundi,2018,Afrique,5.38,61.81,11859444
Burundi,2019,Afrique,5.271,62.18,12255339
Burundi,2020,Afrique,5.177,62.57,12617041
Burundi,2021,Afrique,5.078,62.1,12965487
Burundi,2022,Afrique,4.98,62.88,13321102
Burundi,2023,Afrique,4.878,63.65,13689455
Burundi,2024,Afrique,4.805,63.82,14047788
Burundi,2025,Afrique,4.733,63.97,14390015
Belgique,1950,Europe,2.346,66.31,8617442
Belgique,1951,Europe,2.289,66.75,8655755
Belgique,1952,Europe,2.332,67.97,8696639
Belgique,1953,Europe,2.327,68.36,8741858
Belgique,1954,Europe,2.361,68.59,8788383
Belgique,1955,Europe,2.382,68.55,8835492
Belgique,1956,Europe,2.409,68.84,8882161
Belgique,1957,Europe,2.452,69.2,8931862
Belgique,1958,Europe,2.498,69.91,8986120
Belgique,1959,Europe,2.559,70.31,9045745
Belgique,1960,Europe,2.533,69.62,9102172
Belgique,1961,Europe,2.622,70.5,9158208
Belgique,1962,Europe,2.595,70.23,9217669
Belgique,1963,Europe,2.676,70.04,9275198
Belgique,1964,Europe,2.702,70.71,9337681
Belgique,1965,Europe,2.612,70.56,9399851
Belgique,1966,Europe,2.519,70.63,9455000
Belgique,1967,Europe,2.409,70.91,9505919
Belgique,1968,Europe,2.311,70.61,9549702
Belgique,1969,Europe,2.278,70.67,9589190
Belgique,1970,Europe,2.254,70.94,9630508
Belgique,1971,Europe,2.208,71.09,9666524
Belgique,1972,Europe,2.091,71.41,9694853
Belgique,1973,Europe,1.953,71.64,9718032
Belgique,1974,Europe,1.838,71.97,9735809
Belgique,1975,Europe,1.749,71.97,9748472
Belgique,1976,Europe,1.738,72.1,9758905
Belgique,1977,Europe,1.725,72.76,9774018
Belgique,1978,Europe,1.71,72.71,9791812
Belgique,1979,Europe,1.707,73.2,9811367
Belgique,1980,Europe,1.693,73.24,9833093
Belgique,1981,Europe,1.668,73.65,9850674
Belgique,1982,Europe,1.612,73.88,9862329
Belgique,1983,Europe,1.562,73.88,9869136
Belgique,1984,Europe,1.531,74.37,9874586
Belgique,1985,Europe,1.504,74.47,9880338
Belgique,1986,Europe,1.537,74.67,9886981
Belgique,1987,Europe,1.538,75.29,9899150
Belgique,1988,Europe,1.568,75.59,9916566
Belgique,1989,Europe,1.585,75.65,9936575
Belgique,1990,Europe,1.625,76.06,9960968
Belgique,1991,Europe,1.656,76.2,9998962
Belgique,1992,Europe,1.648,76.36,10045988
Belgique,1993,Europe,1.606,76.36,10084932
Belgique,1994,Europe,1.563,76.72,10116005
Belgique,1995,Europe,1.564,76.84,10137264
Belgique,1996,Europe,1.591,77.19,10156972
Belgique,1997,Europe,1.603,77.4,10181465
Belgique,1998,Europe,1.594,77.48,10203185
Belgique,1999,Europe,1.614,77.65,10226681
Belgique,2000,Europe,1.663,77.77,10251719
Belgique,2001,Europe,1.666,78.08,10287005
Belgique,2002,Europe,1.645,78.17,10332975
Belgique,2003,Europe,1.665,78.32,10376262
Belgique,2004,Europe,1.719,78.96,10421298
Belgique,2005,Europe,1.754,79.05,10478883
Belgique,2006,Europe,1.794,79.39,10548445
Belgique,2007,Europe,1.813,79.53,10625488
Belgique,2008,Europe,1.846,79.58,10709711
Belgique,2009,Europe,1.835,79.85,10812936
Belgique,2010,Europe,1.849,80.04,10936619
Belgique,2011,Europe,1.805,80.37,11038624
Belgique,2012,Europe,1.784,80.26,11107522
Belgique,2013,Europe,1.748,80.47,11160277
Belgique,2014,Europe,1.733,81.08,11210113
Belgique,2015,Europe,1.69,80.89,11275332
Belgique,2016,Europe,1.675,81.27,11332707
Belgique,2017,Europe,1.641,81.36,11376583
Belgique,2018,Europe,1.616,81.48,11428608
Belgique,2019,Europe,1.609,81.83,11490623
Belgique,2020,Europe,1.575,80.8,11540102
Belgique,2021,Europe,1.599,81.66,11570843
Belgique,2022,Europe,1.547,81.16,11641814
Belgique,2023,Europe,1.379,82.11,11712891
Belgique,2024,Europe,1.358,82.27,11738761
Belgique,2025,Europe,1.338,82.43,11758601
Bénin,1950,Afrique,5.751,35.4,2250476
Bénin,1951,Afrique,5.777,35.7,2267310
Bénin,1952,Afrique,5.829,35.99,2285780
Bénin,1953,Afrique,5.883,36.31,2306205
Bénin,1954,Afrique,5.938,36.67,2328786
Bénin,1955,Afrique,5.993,36.96,2353653
Bénin,1956,Afrique,6.05,37.28,2380894
Bénin,1957,Afrique,6.108,37.64,2410774
Bénin,1958,Afrique,6.166,38.01,2443431
Bénin,1959,Afrique,6.225,38.39,2478921
Bénin,1960,Afrique,6.282,38.77,2517289
Bénin,1961,Afrique,6.402,39.23,2559229
Bénin,1962,Afrique,6.457,39.64,2604667
Bénin,1963,Afrique,6.51,40.08,2652911
Bénin,1964,Afrique,6.565,40.5,2704005
Bénin,1965,Afrique,6.605,40.97,2757936
Bénin,1966,Afrique,6.625,41.27,2814321
Bénin,1967,Afrique,6.643,41.76,2873000
Bénin,1968,Afrique,6.669,42.18,2934261
Bénin,1969,Afrique,6.705,42.59,2998230
Bénin,1970,Afrique,6.735,43.03,3065061
Bénin,1971,Afrique,6.766,43.39,3134768
Bénin,1972,Afrique,6.799,43.93,3207549
Bénin,1973,Afrique,6.809,44.44,3283500
Bénin,1974,Afrique,6.822,44.88,3362629
Bénin,1975,Afrique,6.83,45.41,3445406
Bénin,1976,Afrique,6.83,45.95,3532198
Bénin,1977,Afrique,6.832,46.5,3623200
Bénin,1978,Afrique,6.824,46.94,3718308
Bénin,1979,Afrique,6.905,47.36,3818536
Bénin,1980,Afrique,6.989,47.75,3925258
Bénin,1981,Afrique,7.056,48.12,4038308
Bénin,1982,Afrique,7.055,48.49,4156593
Bénin,1983,Afrique,7.045,48.84,4278981
Bénin,1984,Afrique,7.031,49.4,4405902
Bénin,1985,Afrique,7.003,49.96,4538017
Bénin,1986,Afrique,6.962,50.63,4675421
Bénin,1987,Afrique,6.918,51.26,4818487
Bénin,1988,Afrique,6.871,52.02,4967343
Bénin,1989,Afrique,6.815,52.45,5121659
Bénin,1990,Afrique,6.741,53.02,5281482
Bénin,1991,Afrique,6.666,53.44,5446935
Bénin,1992,Afrique,6.593,54.14,5617847
Bénin,1993,Afrique,6.51,54.61,5872707
Bénin,1994,Afrique,6.419,54.99,6096510
Bénin,1995,Afrique,6.33,55.37,6226775
Bénin,1996,Afrique,6.279,55.65,6391861
Bénin,1997,Afrique,6.23,55.99,6583375
Bénin,1998,Afrique,6.136,56.15,6789492
Bénin,1999,Afrique,6.032,56.34,7002818
Bénin,2000,Afrique,5.937,56.59,7221618
Bénin,2001,Afrique,5.848,56.65,7445599
Bénin,2002,Afrique,5.793,56.85,7675430
Bénin,2003,Afrique,5.763,57.09,7913074
Bénin,2004,Afrique,5.718,57.35,8159098
Bénin,2005,Afrique,5.692,57.74,8426145
Bénin,2006,Afrique,5.673,57.97,8693243
Bénin,2007,Afrique,5.627,58.25,8953973
Bénin,2008,Afrique,5.548,58.1,9228468
Bénin,2009,Afrique,5.491,58.26,9509431
Bénin,2010,Afrique,5.452,58.39,9797488
Bénin,2011,Afrique,5.436,58.46,10093626
Bénin,2012,Afrique,5.429,58.56,10397659
Bénin,2013,Afrique,5.41,58.86,10708831
Bénin,2014,Afrique,5.374,59.01,11030008
Bénin,2015,Afrique,5.32,59.12,11360681
Bénin,2016,Afrique,5.254,59.28,11697845
Bénin,2017,Afrique,5.155,59.53,12039777
Bénin,2018,Afrique,5.031,59.71,12383349
Bénin,2019,Afrique,4.9,59.89,12726760
Bénin,2020,Afrique,4.795,60.15,13070169
Bénin,2021,Afrique,4.707,59.61,13413423
Bénin,2022,Afrique,4.634,60.48,13759507
Bénin,2023,Afrique,4.556,60.77,14111035
Bénin,2024,Afrique,4.488,60.96,14462721
Bénin,2025,Afrique,4.42,61.14,14814460
Burkina Faso,1950,Afrique,5.822,33.03,4213152
Burkina Faso,1951,Afrique,5.874,33.37,4260391
Burkina Faso,1952,Afrique,5.926,33.6,4310353
Burkina Faso,1953,Afrique,5.975,33.9,4361322
Burkina Faso,1954,Afrique,6.012,34.19,4413878
Burkina Faso,1955,Afrique,6.055,34.47,4469051
Burkina Faso,1956,Afrique,6.093,34.76,4526657
Burkina Faso,1957,Afrique,6.126,35.1,4586570
Burkina Faso,1958,Afrique,6.171,35.4,4647287
Burkina Faso,1959,Afrique,6.22,35.72,4710848
Burkina Faso,1960,Afrique,6.248,36.07,4778626
Burkina Faso,1961,Afrique,6.286,36.36,4848222
Burkina Faso,1962,Afrique,6.322,36.75,4919673
Burkina Faso,1963,Afrique,6.356,37.09,4993619
Burkina Faso,1964,Afrique,6.419,37.4,5071040
Burkina Faso,1965,Afrique,6.471,37.76,5152834
Burkina Faso,1966,Afrique,6.527,38.09,5237939
Burkina Faso,1967,Afrique,6.585,38.43,5326349
Burkina Faso,1968,Afrique,6.645,38.76,5418644
Burkina Faso,1969,Afrique,6.664,39.02,5513179
Burkina Faso,1970,Afrique,6.685,39.54,5610307
Burkina Faso,1971,Afrique,6.698,39.85,5708002
Burkina Faso,1972,Afrique,6.719,40.4,5807238
Burkina Faso,1973,Afrique,6.77,40.95,5911926
Burkina Faso,1974,Afrique,6.842,41.71,6024905
Burkina Faso,1975,Afrique,6.913,42.49,6147575
Burkina Faso,1976,Afrique,6.952,43.33,6280638
Burkina Faso,1977,Afrique,7.046,44.17,6428739
Burkina Faso,1978,Afrique,7.148,44.99,6590987
Burkina Faso,1979,Afrique,7.194,45.7,6763902
Burkina Faso,1980,Afrique,7.222,46.47,6947900
Burkina Faso,1981,Afrique,7.256,46.87,7140270
Burkina Faso,1982,Afrique,7.253,47.63,7340199
Burkina Faso,1983,Afrique,7.251,48.06,7551136
Burkina Faso,1984,Afrique,7.245,48.46,7772260
Burkina Faso,1985,Afrique,7.242,48.75,7999935
Burkina Faso,1986,Afrique,7.218,48.99,8228847
Burkina Faso,1987,Afrique,7.168,49.1,8457112
Burkina Faso,1988,Afrique,7.109,49.22,8687441
Burkina Faso,1989,Afrique,7.047,49.27,8921178
Burkina Faso,1990,Afrique,7.009,49.31,9159358
Burkina Faso,1991,Afrique,6.973,49.33,9394631
Burkina Faso,1992,Afrique,6.936,49.38,9629280
Burkina Faso,1993,Afrique,6.889,49.41,9871715
Burkina Faso,1994,Afrique,6.843,49.47,10123807
Burkina Faso,1995,Afrique,6.814,49.55,10386723
Burkina Faso,1996,Afrique,6.779,49.69,10655943
Burkina Faso,1997,Afrique,6.724,49.56,10934222
Burkina Faso,1998,Afrique,6.661,50.16,11240668
Burkina Faso,1999,Afrique,6.586,50.46,11574930
Burkina Faso,2000,Afrique,6.519,50.81,11925548
Burkina Faso,2001,Afrique,6.431,51.19,12294996
Burkina Faso,2002,Afrique,6.339,51.45,12680904
Burkina Faso,2003,Afrique,6.28,51.96,13082530
Burkina Faso,2004,Afrique,6.216,52.6,13500536
Burkina Faso,2005,Afrique,6.182,53.27,13932127
Burkina Faso,2006,Afrique,6.17,53.78,14373713
Burkina Faso,2007,Afrique,6.11,54.38,14816313
Burkina Faso,2008,Afrique,6.05,55.2,15258103
Burkina Faso,2009,Afrique,5.992,55.79,15710067
Burkina Faso,2010,Afrique,5.936,56.34,16176503
Burkina Faso,2011,Afrique,5.869,57.0,16661907
Burkina Faso,2012,Afrique,5.793,57.46,17172284
Burkina Faso,2013,Afrique,5.697,57.9,17695411
Burkina Faso,2014,Afrique,5.595,58.33,18229466
Burkina Faso,2015,Afrique,5.478,58.78,18777488
Burkina Faso,2016,Afrique,5.331,59.17,19334854
Burkina Faso,2017,Afrique,5.17,59.58,19894413
Burkina Faso,2018,Afrique,4.921,59.97,20438289
Burkina Faso,2019,Afrique,4.681,60.18,20961956
Burkina Faso,2020,Afrique,4.44,60.45,21478691
Burkina Faso,2021,Afrique,4.361,60.05,21995249
Burkina Faso,2022,Afrique,4.275,60.7,22509038
Burkina Faso,2023,Afrique,4.186,61.09,23025777
Burkina Faso,2024,Afrique,4.123,61.29,23548782
Burkina Faso,2025,Afrique,4.061,61.47,24074582
Bangladesh,1950,Asie,6.374,37.41,41206857
Bangladesh,1951,Asie,6.394,38.14,42022311
Bangladesh,1952,Asie,6.406,38.84,42893013
Bangladesh,1953,Asie,6.421,39.45,43791390
Bangladesh,1954,Asie,6.472,40.37,44741299
Bangladesh,1955,Asie,6.505,41.07,45767686
Bangladesh,1956,Asie,6.537,41.6,46854418
Bangladesh,1957,Asie,6.576,42.58,48004664
Bangladesh,1958,Asie,6.608,43.08,49184052
Bangladesh,1959,Asie,6.678,43.72,50441766
Bangladesh,1960,Asie,6.742,43.98,51828663
Bangladesh,1961,Asie,6.78,44.89,53310344
Bangladesh,1962,Asie,6.806,45.77,54881154
Bangladesh,1963,Asie,6.798,45.72,56504406
Bangladesh,1964,Asie,6.785,46.75,58178372
Bangladesh,1965,Asie,6.771,46.05,59902522
Bangladesh,1966,Asie,6.766,47.64,61669811
Bangladesh,1967,Asie,6.79,48.07,63510933
Bangladesh,1968,Asie,6.791,48.4,65408278
Bangladesh,1969,Asie,6.806,48.69,67294130
Bangladesh,1970,Asie,6.839,42.67,69058898
Bangladesh,1971,Asie,6.831,26.52,70276757
Bangladesh,1972,Asie,6.816,49.65,71641525
Bangladesh,1973,Asie,6.8,49.91,73722297
Bangladesh,1974,Asie,6.778,49.59,75839352
Bangladesh,1975,Asie,6.728,50.63,77854352
Bangladesh,1976,Asie,6.66,50.95,79855318
Bangladesh,1977,Asie,6.583,51.27,81867267
Bangladesh,1978,Asie,6.509,51.6,83889660
Bangladesh,1979,Asie,6.421,51.96,85935070
Bangladesh,1980,Asie,6.326,52.28,88016435
Bangladesh,1981,Asie,6.237,52.64,90303104
Bangladesh,1982,Asie,6.118,53.01,92814506
Bangladesh,1983,Asie,5.906,53.44,95335162
Bangladesh,1984,Asie,5.732,53.83,97814965
Bangladesh,1985,Asie,5.539,53.94,100253825
Bangladesh,1986,Asie,5.302,54.59,102635569
Bangladesh,1987,Asie,5.075,54.9,104959291
Bangladesh,1988,Asie,4.849,55.17,107216011
Bangladesh,1989,Asie,4.695,55.51,109433805
Bangladesh,1990,Asie,4.506,55.82,111633722
Bangladesh,1991,Asie,4.261,53.78,113787112
Bangladesh,1992,Asie,4.027,56.59,115952198
Bangladesh,1993,Asie,3.832,57.07,118132363
Bangladesh,1994,Asie,3.737,57.64,120343183
Bangladesh,1995,Asie,3.588,58.24,122600372
Bangladesh,1996,Asie,3.505,58.94,124862185
Bangladesh,1997,Asie,3.502,59.67,127198070
Bangladesh,1998,Asie,3.427,60.43,129622332
Bangladesh,1999,Asie,3.357,61.24,132108065
Bangladesh,2000,Asie,3.279,62.05,134544303
Bangladesh,2001,Asie,3.203,62.84,136805810
Bangladesh,2002,Asie,3.126,63.59,138933659
Bangladesh,2003,Asie,3.029,64.29,140970355
Bangladesh,2004,Asie,2.94,64.91,142902857
Bangladesh,2005,Asie,2.846,65.51,144715789
Bangladesh,2006,Asie,2.755,66.05,146405983
Bangladesh,2007,Asie,2.666,66.46,147989282
Bangladesh,2008,Asie,2.577,67.05,149474264
Bangladesh,2009,Asie,2.484,67.53,150873716
Bangladesh,2010,Asie,2.38,68.01,152201978
Bangladesh,2011,Asie,2.309,68.5,153591074
Bangladesh,2012,Asie,2.263,68.99,155070110
Bangladesh,2013,Asie,2.247,69.49,156532134
Bangladesh,2014,Asie,2.228,70.02,157964931
Bangladesh,2015,Asie,2.227,70.54,159383179
Bangladesh,2016,Asie,2.227,71.08,160811934
Bangladesh,2017,Asie,2.205,71.61,162186146
Bangladesh,2018,Asie,2.193,72.12,163523109
Bangladesh,2019,Asie,2.18,72.62,164913060
Bangladesh,2020,Asie,2.175,71.42,166298024
Bangladesh,2021,Asie,2.173,71.1,167658855
Bangladesh,2022,Asie,2.179,74.27,169384891
Bangladesh,2023,Asie,2.163,74.67,171466986
Bangladesh,2024,Asie,2.156,74.93,173562366
Bangladesh,2025,Asie,2.149,75.19,175686904
Bulgarie,1950,Europe,2.482,61.47,7248509
Bulgarie,1951,Europe,2.45,60.69,7314426
Bulgarie,1952,Europe,2.442,59.57,7361958
Bulgarie,1953,Europe,2.409,64.19,7415922
Bulgarie,1954,Europe,2.353,64.39,7476266
Bulgarie,1955,Europe,2.37,64.83,7533657
Bulgarie,1956,Europe,2.332,65.22,7587165
Bulgarie,1957,Europe,2.237,66.59,7649543
Bulgarie,1958,Europe,2.207,68.71,7724893
Bulgarie,1959,Europe,2.211,66.63,7794176
Bulgarie,1960,Europe,2.309,69.18,7862935
Bulgarie,1961,Europe,2.283,70.23,7938308
Bulgarie,1962,Europe,2.232,69.53,8008328
Bulgarie,1963,Europe,2.201,70.34,8073731
Bulgarie,1964,Europe,2.175,71.14,8140074
Bulgarie,1965,Europe,2.085,71.31,8202417
Bulgarie,1966,Europe,2.024,71.22,8258787
Bulgarie,1967,Europe,2.032,70.41,8311127
Bulgarie,1968,Europe,2.271,71.2,8370645
Bulgarie,1969,Europe,2.274,70.47,8435273
Bulgarie,1970,Europe,2.179,71.25,8490822
Bulgarie,1971,Europe,2.105,70.86,8538900
Bulgarie,1972,Europe,2.037,70.86,8579912
Bulgarie,1973,Europe,2.153,71.3,8624799
Bulgarie,1974,Europe,2.29,71.22,8682750
Bulgarie,1975,Europe,2.235,71.01,8723145
Bulgarie,1976,Europe,2.246,71.36,8759433
Bulgarie,1977,Europe,2.205,70.77,8804690
Bulgarie,1978,Europe,2.149,71.13,8813742
Bulgarie,1979,Europe,2.15,71.22,8824994
Bulgarie,1980,Europe,2.056,71.08,8859539
Bulgarie,1981,Europe,2.009,71.48,8887803
Bulgarie,1982,Europe,2.014,71.08,8912738
Bulgarie,1983,Europe,2.006,71.24,8933328
Bulgarie,1984,Europe,1.999,71.35,8952608
Bulgarie,1985,Europe,1.967,71.05,8958855
Bulgarie,1986,Europe,2.004,71.55,8963473
Bulgarie,1987,Europe,1.961,71.34,8976206
Bulgarie,1988,Europe,1.969,71.42,8985721
Bulgarie,1989,Europe,1.894,71.48,8936386
Bulgarie,1990,Europe,1.795,71.32,8822366
Bulgarie,1991,Europe,1.647,71.19,8695798
Bulgarie,1992,Europe,1.538,71.18,8559091
Bulgarie,1993,Europe,1.46,71.19,8466533
Bulgarie,1994,Europe,1.371,70.86,8416924
Bulgarie,1995,Europe,1.247,70.96,8357576
Bulgarie,1996,Europe,1.237,70.84,8291402
Bulgarie,1997,Europe,1.113,70.31,8217101
Bulgarie,1998,Europe,1.136,70.87,8138193
Bulgarie,1999,Europe,1.257,71.56,8067464
Bulgarie,2000,Europe,1.29,71.58,8000519
Bulgarie,2001,Europe,1.228,71.88,7928455
Bulgarie,2002,Europe,1.224,72.13,7861949
Bulgarie,2003,Europe,1.254,72.37,7804405
Bulgarie,2004,Europe,1.317,72.58,7749430
Bulgarie,2005,Europe,1.358,72.56,7695047
Bulgarie,2006,Europe,1.431,72.69,7640292
Bulgarie,2007,Europe,1.481,73.01,7586896
Bulgarie,2008,Europe,1.552,73.34,7535589
Bulgarie,2009,Europe,1.642,73.68,7488016
Bulgarie,2010,Europe,1.567,73.81,7437594
Bulgarie,2011,Europe,1.505,74.17,7380023
Bulgarie,2012,Europe,1.5,74.34,7317020
Bulgarie,2013,Europe,1.482,74.83,7264605
Bulgarie,2014,Europe,1.53,74.47,7223450
Bulgarie,2015,Europe,1.528,74.62,7177515
Bulgarie,2016,Europe,1.541,74.83,7127436
Bulgarie,2017,Europe,1.557,74.8,7075642
Bulgarie,2018,Europe,1.558,74.93,7024745
Bulgarie,2019,Europe,1.58,75.09,6975466
Bulgarie,2020,Europe,1.557,73.6,6933656
Bulgarie,2021,Europe,1.586,71.41,6877222
Bulgarie,2022,Europe,1.767,74.03,6825862
Bulgarie,2023,Europe,1.749,75.64,6795805
Bulgarie,2024,Europe,1.775,75.8,6757686
Bulgarie,2025,Europe,1.802,75.96,6714556
Bahreïn,1950,Asie,7.29,38.6,117275
Bahreïn,1951,Asie,7.287,39.27,120764
Bahreïn,1952,Asie,7.294,39.93,124466
Bahreïn,1953,Asie,7.293,40.71,128386
Bahreïn,1954,Asie,7.286,41.65,132575
Bahreïn,1955,Asie,7.275,42.77,137080
Bahreïn,1956,Asie,7.266,44.13,141931
Bahreïn,1957,Asie,7.263,45.65,147163
Bahreïn,1958,Asie,7.295,47.28,152823
Bahreïn,1959,Asie,7.287,48.95,158935
Bahreïn,1960,Asie,7.262,50.63,165490
Bahreïn,1961,Asie,7.231,52.28,172358
Bahreïn,1962,Asie,7.185,53.89,179361
Bahreïn,1963,Asie,7.137,55.45,186512
Bahreïn,1964,Asie,7.091,56.95,193830
Bahreïn,1965,Asie,7.027,58.38,200877
Bahreïn,1966,Asie,6.944,59.74,207550
Bahreïn,1967,Asie,6.843,61.04,214198
Bahreïn,1968,Asie,6.708,62.25,219347
Bahreïn,1969,Asie,6.57,63.35,222480
Bahreïn,1970,Asie,6.428,64.36,224817
Bahreïn,1971,Asie,6.284,65.28,230744
Bahreïn,1972,Asie,6.139,66.09,242129
Bahreïn,1973,Asie,5.965,66.92,255334
Bahreïn,1974,Asie,5.787,67.63,269047
Bahreïn,1975,Asie,5.618,68.28,283251
Bahreïn,1976,Asie,5.454,68.86,297871
Bahreïn,1977,Asie,5.287,69.38,312825
Bahreïn,1978,Asie,5.12,69.85,328059
Bahreïn,1979,Asie,4.937,70.3,343461
Bahreïn,1980,Asie,4.762,70.68,358990
Bahreïn,1981,Asie,4.602,71.04,373534
Bahreïn,1982,Asie,4.505,71.35,386992
Bahreïn,1983,Asie,4.406,71.64,400721
Bahreïn,1984,Asie,4.303,71.88,415164
Bahreïn,1985,Asie,4.281,72.09,430365
Bahreïn,1986,Asie,4.254,72.26,446290
Bahreïn,1987,Asie,4.133,72.38,462862
Bahreïn,1988,Asie,4.04,72.46,479931
Bahreïn,1989,Asie,3.956,72.52,497329
Bahreïn,1990,Asie,3.817,72.59,514799
Bahreïn,1991,Asie,3.625,72.67,531883
Bahreïn,1992,Asie,3.548,72.78,547753
Bahreïn,1993,Asie,3.461,72.94,562820
Bahreïn,1994,Asie,3.291,73.13,577960
Bahreïn,1995,Asie,3.128,73.36,593230
Bahreïn,1996,Asie,2.986,73.61,608593
Bahreïn,1997,Asie,2.924,73.87,624019
Bahreïn,1998,Asie,2.889,74.14,639391
Bahreïn,1999,Asie,2.899,74.41,654622
Bahreïn,2000,Asie,2.798,74.67,669589
Bahreïn,2001,Asie,2.653,74.94,699964
Bahreïn,2002,Asie,2.699,75.21,752205
Bahreïn,2003,Asie,2.778,75.49,811276
Bahreïn,2004,Asie,2.774,75.79,871446
Bahreïn,2005,Asie,2.67,76.12,932618
Bahreïn,2006,Asie,2.464,76.51,994626
Bahreïn,2007,Asie,2.282,76.95,1057419
Bahreïn,2008,Asie,2.152,77.46,1120718
Bahreïn,2009,Asie,2.047,78.02,1183616
Bahreïn,2010,Asie,1.987,78.59,1213248
Bahreïn,2011,Asie,2.025,79.14,1206733
Bahreïn,2012,Asie,2.11,79.62,1216307
Bahreïn,2013,Asie,2.166,80.0,1257206
Bahreïn,2014,Asie,2.149,80.21,1312857
Bahreïn,2015,Asie,2.113,80.34,1369656
Bahreïn,2016,Asie,2.042,80.41,1429609
Bahreïn,2017,Asie,1.984,80.41,1482003
Bahreïn,2018,Asie,1.911,80.41,1497634
Bahreïn,2019,Asie,1.843,80.47,1485675
Bahreïn,2020,Asie,1.86,78.68,1483081
Bahreïn,2021,Asie,1.852,78.08,1501762
Bahreïn,2022,Asie,1.839,80.99,1533460
Bahreïn,2023,Asie,1.824,81.28,1569674
Bahreïn,2024,Asie,1.797,81.42,1607059
Bahreïn,2025,Asie,1.77,81.58,1643338
Bosnie-Herzégovine,1992,Europe,1.758,51.97,4234620
Bosnie-Herzégovine,1993,Europe,1.729,50.89,3904484
Bosnie-Herzégovine,1994,Europe,1.698,66.6,3725412
Bosnie-Herzégovine,1995,Europe,1.669,70.19,3715565
Bosnie-Herzégovine,1996,Europe,1.652,73.45,3875246
Bosnie-Herzégovine,1997,Europe,1.686,73.89,4018228
Bosnie-Herzégovine,1998,Europe,1.561,74.47,4089357
Bosnie-Herzégovine,1999,Europe,1.366,74.95,4130312
Bosnie-Herzégovine,2000,Europe,1.282,75.29,4159785
Bosnie-Herzégovine,2001,Europe,1.23,75.57,4179446
Bosnie-Herzégovine,2002,Europe,1.231,75.99,4188006
Bosnie-Herzégovine,2003,Europe,1.219,76.45,4178523
Bosnie-Herzégovine,2004,Europe,1.221,76.49,4140990
Bosnie-Herzégovine,2005,Europe,1.203,76.42,4096493
Bosnie-Herzégovine,2006,Europe,1.18,76.03,4063269
Bosnie-Herzégovine,2007,Europe,1.19,76.16,4013420
Bosnie-Herzégovine,2008,Europe,1.21,76.3,3947545
Bosnie-Herzégovine,2009,Europe,1.267,76.7,3879798
Bosnie-Herzégovine,2010,Europe,1.26,76.83,3811480
Bosnie-Herzégovine,2011,Europe,1.209,76.96,3741799
Bosnie-Herzégovine,2012,Europe,1.252,77.04,3670109
Bosnie-Herzégovine,2013,Europe,1.278,77.13,3610857
Bosnie-Herzégovine,2014,Europe,1.262,77.09,3564831
Bosnie-Herzégovine,2015,Europe,1.322,77.07,3518541
Bosnie-Herzégovine,2016,Europe,1.36,77.12,3472997
Bosnie-Herzégovine,2017,Europe,1.419,77.39,3428684
Bosnie-Herzégovine,2018,Europe,1.504,77.94,3386999
Bosnie-Herzégovine,2019,Europe,1.509,77.39,3345532
Bosnie-Herzégovine,2020,Europe,1.515,76.04,3299352
Bosnie-Herzégovine,2021,Europe,1.49,74.57,3244912
Bosnie-Herzégovine,2022,Europe,1.481,76.78,3204802
Bosnie-Herzégovine,2023,Europe,1.486,77.85,3185072
Bosnie-Herzégovine,2024,Europe,1.508,78.04,3164256
Bosnie-Herzégovine,2025,Europe,1.531,78.24,3140098
Biélorussie,1992,Europe,1.704,70.12,10217561
Biélorussie,1993,Europe,1.577,69.52,10241320
Biélorussie,1994,Europe,1.486,68.97,10230193
Biélorussie,1995,Europe,1.369,68.75,10197466
Biélorussie,1996,Europe,1.307,68.57,10164025
Biélorussie,1997,Europe,1.223,68.5,10122365
Biélorussie,1998,Europe,1.268,68.27,10080579
Biélorussie,1999,Europe,1.263,68.42,10039221
Biélorussie,2000,Europe,1.272,68.46,9991310
Biélorussie,2001,Europe,1.241,68.44,9938068
Biélorussie,2002,Europe,1.202,68.3,9873451
Biélorussie,2003,Europe,1.192,68.43,9803175
Biélorussie,2004,Europe,1.196,68.69,9735089
Biélorussie,2005,Europe,1.221,68.98,9667833
Biélorussie,2006,Europe,1.305,69.44,9608041
Biélorussie,2007,Europe,1.394,69.99,9563135
Biélorussie,2008,Europe,1.449,70.35,9529357
Biélorussie,2009,Europe,1.481,70.41,9507334
Biélorussie,2010,Europe,1.478,70.5,9490752
Biélorussie,2011,Europe,1.524,71.07,9472738
Biélorussie,2012,Europe,1.623,71.8,9463075
Biélorussie,2013,Europe,1.673,72.68,9464454
Biélorussie,2014,Europe,1.702,73.25,9472704
Biélorussie,2015,Europe,1.728,73.76,9487289
Biélorussie,2016,Europe,1.727,74.15,9499066
Biélorussie,2017,Europe,1.55,74.36,9495793
Biélorussie,2018,Europe,1.457,74.33,9480031
Biélorussie,2019,Europe,1.389,74.25,9435415
Biélorussie,2020,Europe,1.369,72.27,9350943
Biélorussie,2021,Europe,1.371,72.22,9251368
Biélorussie,2022,Europe,1.326,74.36,9173240
Biélorussie,2023,Europe,1.208,74.43,9115679
Biélorussie,2024,Europe,1.19,74.62,9056696
Biélorussie,2025,Europe,1.172,74.79,8997601
Bolivie,1950,Amériques,6.191,40.7,3089975
Bolivie,1951,Amériques,6.191,40.93,3137299
Bolivie,1952,Amériques,6.183,41.04,3187538
Bolivie,1953,Amériques,6.202,41.42,3240967
Bolivie,1954,Amériques,6.214,41.69,3297841
Bolivie,1955,Amériques,6.241,41.93,3358005
Bolivie,1956,Amériques,6.246,42.2,3421344
Bolivie,1957,Amériques,6.264,42.43,3487565
Bolivie,1958,Amériques,6.271,42.72,3556554
Bolivie,1959,Amériques,6.276,43.01,3628189
Bolivie,1960,Amériques,6.273,43.34,3702323
Bolivie,1961,Amériques,6.257,43.63,3778735
Bolivie,1962,Amériques,6.246,44.0,3857495
Bolivie,1963,Amériques,6.232,44.34,3938914
Bolivie,1964,Amériques,6.21,44.67,4023009
Bolivie,1965,Amériques,6.182,45.09,4109800
Bolivie,1966,Amériques,6.158,45.48,4199555
Bolivie,1967,Amériques,6.133,45.9,4292574
Bolivie,1968,Amériques,6.101,46.34,4388946
Bolivie,1969,Amériques,6.058,46.7,4488231
Bolivie,1970,Amériques,6.004,47.1,4590008
Bolivie,1971,Amériques,5.947,47.48,4694351
Bolivie,1972,Amériques,5.885,47.83,4800985
Bolivie,1973,Amériques,5.847,48.28,4910200
Bolivie,1974,Amériques,5.796,48.75,5022480
Bolivie,1975,Amériques,5.748,49.34,5137540
Bolivie,1976,Amériques,5.739,49.97,5256497
Bolivie,1977,Amériques,5.673,50.39,5379169
Bolivie,1978,Amériques,5.61,50.84,5504131
Bolivie,1979,Amériques,5.542,51.35,5630853
Bolivie,1980,Amériques,5.474,51.83,5758905
Bolivie,1981,Amériques,5.408,52.26,5888114
Bolivie,1982,Amériques,5.346,52.51,6018091
Bolivie,1983,Amériques,5.289,52.86,6149066
Bolivie,1984,Amériques,5.242,53.38,6281868
Bolivie,1985,Amériques,5.153,53.78,6416193
Bolivie,1986,Amériques,5.115,54.25,6552481
Bolivie,1987,Amériques,5.063,54.9,6692168
Bolivie,1988,Amériques,5.025,55.51,6835507
Bolivie,1989,Amériques,4.965,56.15,6981771
Bolivie,1990,Amériques,4.9,56.8,7130143
Bolivie,1991,Amériques,4.846,57.44,7280294
Bolivie,1992,Amériques,4.713,57.92,7430337
Bolivie,1993,Amériques,4.592,58.66,7579196
Bolivie,1994,Amériques,4.494,59.28,7727320
Bolivie,1995,Amériques,4.409,59.79,7874676
Bolivie,1996,Amériques,4.336,60.29,8021742
Bolivie,1997,Amériques,4.219,60.74,8167911
Bolivie,1998,Amériques,4.149,61.23,8313400
Bolivie,1999,Amériques,4.09,61.66,8459810
Bolivie,2000,Amériques,3.991,62.06,8606330
Bolivie,2001,Amériques,3.89,62.54,8752740
Bolivie,2002,Amériques,3.802,63.07,8900358
Bolivie,2003,Amériques,3.721,63.45,9050703
Bolivie,2004,Amériques,3.633,63.82,9204297
Bolivie,2005,Amériques,3.558,64.18,9360758
Bolivie,2006,Amériques,3.533,64.53,9521685
Bolivie,2007,Amériques,3.447,64.94,9685960
Bolivie,2008,Amériques,3.364,65.3,9850859
Bolivie,2009,Amériques,3.287,65.66,10016279
Bolivie,2010,Amériques,3.213,66.0,10182345
Bolivie,2011,Amériques,3.143,66.28,10348931
Bolivie,2012,Amériques,3.076,66.59,10515814
Bolivie,2013,Amériques,3.01,66.78,10682612
Bolivie,2014,Amériques,2.947,66.97,10848889
Bolivie,2015,Amériques,2.886,67.2,11014707
Bolivie,2016,Amériques,2.829,67.39,11180020
Bolivie,2017,Amériques,2.777,67.54,11344591
Bolivie,2018,Amériques,2.73,67.7,11508370
Bolivie,2019,Amériques,2.688,67.82,11671386
Bolivie,2020,Amériques,2.651,62.91,11816301
Bolivie,2021,Amériques,2.618,61.43,11937369
Bolivie,2022,Amériques,2.584,67.43,12077156
Bolivie,2023,Amériques,2.547,68.58,12244161
Bolivie,2024,Amériques,2.509,68.74,12413318
Bolivie,2025,Amériques,2.471,68.91,12581847
Brésil,1950,Amériques,6.122,48.53,53408551
Brésil,1951,Amériques,6.115,49.05,55018849
Brésil,1952,Amériques,6.102,49.55,56694872
Brésil,1953,Amériques,6.093,49.99,58433756
Brésil,1954,Amériques,6.087,50.43,60235125
Brésil,1955,Amériques,6.084,50.89,62101393
Brésil,1956,Amériques,6.083,51.34,64033997
Brésil,1957,Amériques,6.084,51.81,66031498
Brésil,1958,Amériques,6.083,52.25,68092148
Brésil,1959,Amériques,6.077,52.7,70214470
Brésil,1960,Amériques,6.051,53.16,72388124
Brésil,1961,Amériques,6.022,53.59,74605442
Brésil,1962,Amériques,5.984,54.02,76865322
Brésil,1963,Amériques,5.93,54.45,79164237
Brésil,1964,Amériques,5.818,54.85,81488598
Brésil,1965,Amériques,5.677,55.24,83817586
Brésil,1966,Amériques,5.516,55.62,86139356
Brésil,1967,Amériques,5.336,56.02,88446119
Brésil,1968,Amériques,5.165,56.47,90741243
Brésil,1969,Amériques,5.041,56.9,93045768
Brésil,1970,Amériques,4.934,57.34,95375656
Brésil,1971,Amériques,4.838,57.79,97739280
Brésil,1972,Amériques,4.735,58.26,100146794
Brésil,1973,Amériques,4.638,58.68,102600970
Brésil,1974,Amériques,4.502,59.08,105089675
Brésil,1975,Amériques,4.415,59.56,107619567
Brésil,1976,Amériques,4.339,60.01,110213353
Brésil,1977,Amériques,4.267,60.46,112875287
Brésil,1978,Amériques,4.195,60.92,115600943
Brésil,1979,Amériques,4.12,61.37,118380819
Brésil,1980,Amériques,4.037,61.82,121207451
Brésil,1981,Amériques,3.943,62.27,124063113
Brésil,1982,Amériques,3.838,62.71,126923156
Brésil,1983,Amériques,3.723,63.13,129790081
Brésil,1984,Amériques,3.6,63.55,132658861
Brésil,1985,Amériques,3.48,63.98,135515593
Brésil,1986,Amériques,3.361,64.39,138336371
Brésil,1987,Amériques,3.232,64.78,141104946
Brésil,1988,Amériques,3.112,65.16,143826357
Brésil,1989,Amériques,3.007,65.51,146502975
Brésil,1990,Amériques,2.896,65.86,149143223
Brésil,1991,Amériques,2.805,66.2,151724253
Brésil,1992,Amériques,2.71,66.54,154275077
Brésil,1993,Amériques,2.66,66.89,156794574
Brésil,1994,Amériques,2.603,67.29,159265011
Brésil,1995,Amériques,2.567,67.7,161735079
Brésil,1996,Amériques,2.511,68.11,164202549
Brésil,1997,Amériques,2.468,68.5,166661662
Brésil,1998,Amériques,2.418,68.85,169159651
Brésil,1999,Amériques,2.335,69.21,171641544
Brésil,2000,Amériques,2.247,69.58,174018278
Brésil,2001,Amériques,2.162,69.98,176301201
Brésil,2002,Amériques,2.081,70.4,178503485
Brésil,2003,Amériques,2.006,70.88,180622688
Brésil,2004,Amériques,1.973,71.36,182675144
Brésil,2005,Amériques,1.942,71.83,184688101
Brésil,2006,Amériques,1.896,72.3,186653099
Brésil,2007,Amériques,1.854,72.73,188552311
Brésil,2008,Amériques,1.815,73.11,190367297
Brésil,2009,Amériques,1.799,73.46,192079958
Brésil,2010,Amériques,1.786,73.78,193701931
Brésil,2011,Amériques,1.777,74.05,195284736
Brésil,2012,Amériques,1.766,74.33,196876113
Brésil,2013,Amériques,1.761,74.61,198478290
Brésil,2014,Amériques,1.775,74.82,200085126
Brésil,2015,Amériques,1.777,75.11,201675534
Brésil,2016,Amériques,1.727,75.08,203218108
Brésil,2017,Amériques,1.74,75.38,204703440
Brésil,2018,Amériques,1.744,75.63,206107265
Brésil,2019,Amériques,1.705,75.81,207455459
Brésil,2020,Amériques,1.653,74.51,208660845
Brésil,2021,Amériques,1.638,73.04,209550291
Brésil,2022,Amériques,1.629,74.87,210306411
Brésil,2023,Amériques,1.619,75.85,211140731
Brésil,2024,Amériques,1.603,76.02,211998565
Brésil,2025,Amériques,1.586,76.2,212812397
Barbade,1950,Amériques,4.473,53.59,209928
Barbade,1951,Amériques,4.521,54.71,213410
Barbade,1952,Amériques,4.547,55.93,216517
Barbade,1953,Amériques,4.529,56.97,219244
Barbade,1954,Amériques,4.456,58.32,221568
Barbade,1955,Amériques,4.44,59.0,223296
Barbade,1956,Amériques,4.18,60.54,224519
Barbade,1957,Amériques,4.333,61.66,225803
Barbade,1958,Amériques,4.25,62.45,227266
Barbade,1959,Amériques,4.276,63.31,228789
Barbade,1960,Amériques,4.706,64.15,230901
Barbade,1961,Amériques,4.153,65.03,233155
Barbade,1962,Amériques,4.3,65.72,235236
Barbade,1963,Amériques,4.304,66.2,237566
Barbade,1964,Amériques,4.214,66.68,239969
Barbade,1965,Amériques,4.176,67.24,242421
Barbade,1966,Amériques,4.144,67.71,245010
Barbade,1967,Amériques,3.599,67.92,247099
Barbade,1968,Amériques,3.574,68.2,248554
Barbade,1969,Amériques,3.342,68.5,249447
Barbade,1970,Amériques,3.079,68.52,249398
Barbade,1971,Amériques,3.199,68.79,249177
Barbade,1972,Amériques,3.153,69.13,249666
Barbade,1973,Amériques,2.865,69.11,250330
Barbade,1974,Amériques,2.652,69.38,250786
Barbade,1975,Amériques,2.447,69.79,251188
Barbade,1976,Amériques,2.241,70.11,251454
Barbade,1977,Amériques,2.201,70.64,251630
Barbade,1978,Amériques,1.839,71.14,251566
Barbade,1979,Amériques,1.862,71.55,251277
Barbade,1980,Amériques,1.777,72.13,251533
Barbade,1981,Amériques,1.846,72.63,252274
Barbade,1982,Amériques,1.859,72.9,253098
Barbade,1983,Amériques,1.856,73.16,253993
Barbade,1984,Amériques,1.752,73.3,254930
Barbade,1985,Amériques,1.769,73.32,255831
Barbade,1986,Amériques,1.694,73.42,256628
Barbade,1987,Amériques,1.611,73.46,257288
Barbade,1988,Amériques,1.58,73.43,257768
Barbade,1989,Amériques,1.638,73.38,258113
Barbade,1990,Amériques,1.842,73.46,258583
Barbade,1991,Amériques,1.838,73.54,259382
Barbade,1992,Amériques,1.804,73.61,260272
Barbade,1993,Amériques,1.769,73.74,261036
Barbade,1994,Amériques,1.733,73.75,261625
Barbade,1995,Amériques,1.704,73.88,262046
Barbade,1996,Amériques,1.673,74.06,262290
Barbade,1997,Amériques,1.645,73.99,262405
Barbade,1998,Amériques,1.62,74.47,262434
Barbade,1999,Amériques,1.779,74.59,262521
Barbade,2000,Amériques,1.933,74.58,262071
Barbade,2001,Amériques,1.955,74.71,262429
Barbade,2002,Amériques,1.862,74.82,264155
Barbade,2003,Amériques,1.856,74.86,265789
Barbade,2004,Amériques,1.797,75.15,267297
Barbade,2005,Amériques,1.738,74.96,268717
Barbade,2006,Amériques,1.702,75.05,270011
Barbade,2007,Amériques,1.755,75.26,271298
Barbade,2008,Amériques,1.756,75.3,272719
Barbade,2009,Amériques,1.77,75.46,274137
Barbade,2010,Amériques,1.785,75.49,275251
Barbade,2011,Amériques,1.758,75.6,276150
Barbade,2012,Amériques,1.731,75.74,276949
Barbade,2013,Amériques,1.729,75.82,277669
Barbade,2014,Amériques,1.727,75.93,278355
Barbade,2015,Amériques,1.726,76.06,278999
Barbade,2016,Amériques,1.724,76.17,279604
Barbade,2017,Amériques,1.724,76.24,280177
Barbade,2018,Amériques,1.72,76.38,280719
Barbade,2019,Amériques,1.715,76.5,281216
Barbade,2020,Amériques,1.708,76.65,281706
Barbade,2021,Amériques,1.709,76.58,282157
Barbade,2022,Amériques,1.712,75.68,282324
Barbade,2023,Amériques,1.708,76.18,282347
Barbade,2024,Amériques,1.706,76.33,282476
Barbade,2025,Amériques,1.704,76.49,282628
Botswana,1950,Afrique,6.429,46.17,413708
Botswana,1951,Afrique,6.436,46.59,423568
Botswana,1952,Afrique,6.439,47.04,433719
Botswana,1953,Afrique,6.473,47.5,443979
Botswana,1954,Afrique,6.507,47.97,454051
Botswana,1955,Afrique,6.546,48.47,463935
Botswana,1956,Afrique,6.585,48.99,473785
Botswana,1957,Afrique,6.62,49.53,483798
Botswana,1958,Afrique,6.624,50.09,494112
Botswana,1959,Afrique,6.621,50.67,504883
Botswana,1960,Afrique,6.595,51.22,516174
Botswana,1961,Afrique,6.564,51.78,527952
Botswana,1962,Afrique,6.536,52.31,540189
Botswana,1963,Afrique,6.578,52.85,552977
Botswana,1964,Afrique,6.613,53.36,566282
Botswana,1965,Afrique,6.604,53.85,574670
Botswana,1966,Afrique,6.606,54.36,577876
Botswana,1967,Afrique,6.598,54.86,580938
Botswana,1968,Afrique,6.582,55.37,583974
Botswana,1969,Afrique,6.559,55.9,587078
Botswana,1970,Afrique,6.55,56.45,590338
Botswana,1971,Afrique,6.544,57.06,600488
Botswana,1972,Afrique,6.563,57.67,622416
Botswana,1973,Afrique,6.587,58.29,652420
Botswana,1974,Afrique,6.614,58.91,685455
Botswana,1975,Afrique,6.613,59.53,720389
Botswana,1976,Afrique,6.599,60.21,758514
Botswana,1977,Afrique,6.543,60.87,799587
Botswana,1978,Afrique,6.479,61.48,849246
Botswana,1979,Afrique,6.395,62.03,901754
Botswana,1980,Afrique,6.292,62.53,937493
Botswana,1981,Afrique,6.163,63.03,970003
Botswana,1982,Afrique,5.97,63.38,1009273
Botswana,1983,Afrique,5.785,63.6,1046148
Botswana,1984,Afrique,5.625,63.71,1083665
Botswana,1985,Afrique,5.482,63.65,1121954
Botswana,1986,Afrique,5.332,63.36,1160655
Botswana,1987,Afrique,5.104,62.84,1199180
Botswana,1988,Afrique,4.878,61.7,1235488
Botswana,1989,Afrique,4.666,61.19,1270279
Botswana,1990,Afrique,4.509,60.1,1305699
Botswana,1991,Afrique,4.365,58.91,1341767
Botswana,1992,Afrique,4.255,58.19,1380038
Botswana,1993,Afrique,4.152,57.32,1420120
Botswana,1994,Afrique,4.021,55.97,1460030
Botswana,1995,Afrique,3.792,54.71,1498842
Botswana,1996,Afrique,3.573,54.28,1535917
Botswana,1997,Afrique,3.431,53.59,1571700
Botswana,1998,Afrique,3.362,52.97,1606906
Botswana,1999,Afrique,3.313,52.5,1642006
Botswana,2000,Afrique,3.294,52.26,1677384
Botswana,2001,Afrique,3.248,52.21,1712264
Botswana,2002,Afrique,3.175,52.37,1744765
Botswana,2003,Afrique,3.106,52.85,1775744
Botswana,2004,Afrique,3.063,53.57,1807153
Botswana,2005,Afrique,3.082,54.39,1839881
Botswana,2006,Afrique,3.114,55.11,1874526
Botswana,2007,Afrique,3.127,56.73,1911200
Botswana,2008,Afrique,3.131,57.66,1949973
Botswana,2009,Afrique,3.133,58.3,1990671
Botswana,2010,Afrique,3.135,59.14,2033110
Botswana,2011,Afrique,3.103,59.72,2073538
Botswana,2012,Afrique,3.07,60.38,2108617
Botswana,2013,Afrique,3.045,61.22,2140687
Botswana,2014,Afrique,3.027,62.17,2172053
Botswana,2015,Afrique,3.008,63.22,2203276
Botswana,2016,Afrique,2.99,64.32,2234784
Botswana,2017,Afrique,2.969,65.42,2266749
Botswana,2018,Afrique,2.941,66.37,2299149
Botswana,2019,Afrique,2.906,67.17,2332082
Botswana,2020,Afrique,2.861,67.64,2365895
Botswana,2021,Afrique,2.827,63.3,2401448
Botswana,2022,Afrique,2.785,68.75,2439895
Botswana,2023,Afrique,2.732,69.16,2480242
Botswana,2024,Afrique,2.701,69.29,2521145
Botswana,2025,Afrique,2.67,69.43,2562125
République centrafricaine,1950,Afrique,5.93,35.45,1438062
République centrafricaine,1951,Afrique,5.928,35.84,1461255
République centrafricaine,1952,Afrique,5.928,36.25,1484828
République centrafricaine,1953,Afrique,5.919,36.64,1508951
République centrafricaine,1954,Afrique,5.92,37.04,1533762
République centrafricaine,1955,Afrique,5.915,37.44,1559371
République centrafricaine,1956,Afrique,5.926,37.84,1585850
République centrafricaine,1957,Afrique,5.927,38.25,1613283
République centrafricaine,1958,Afrique,5.929,38.67,1641677
République centrafricaine,1959,Afrique,5.939,39.1,1671336
République centrafricaine,1960,Afrique,5.948,39.57,1702346
République centrafricaine,1961,Afrique,5.958,40.06,1734583
République centrafricaine,1962,Afrique,5.97,40.56,1768124
République centrafricaine,1963,Afrique,5.985,41.09,1803067
République centrafricaine,1964,Afrique,6.005,41.64,1839582
République centrafricaine,1965,Afrique,6.028,42.21,1877856
République centrafricaine,1966,Afrique,6.057,42.79,1918087
République centrafricaine,1967,Afrique,6.076,43.38,1960450
République centrafricaine,1968,Afrique,6.101,43.98,2005104
République centrafricaine,1969,Afrique,6.063,44.58,2051517
République centrafricaine,1970,Afrique,6.027,45.18,2097513
République centrafricaine,1971,Afrique,5.993,45.76,2141455
République centrafricaine,1972,Afrique,5.959,46.33,2183773
République centrafricaine,1973,Afrique,5.925,46.88,2226007
République centrafricaine,1974,Afrique,5.899,47.41,2269345
République centrafricaine,1975,Afrique,5.877,47.89,2313925
République centrafricaine,1976,Afrique,5.936,48.35,2348567
République centrafricaine,1977,Afrique,5.986,48.78,2372932
République centrafricaine,1978,Afrique,6.039,49.16,2397963
République centrafricaine,1979,Afrique,6.09,49.5,2423800
République centrafricaine,1980,Afrique,6.13,49.79,2450537
République centrafricaine,1981,Afrique,6.167,50.03,2478413
République centrafricaine,1982,Afrique,6.16,50.21,2507374
République centrafricaine,1983,Afrique,6.151,50.34,2537407
République centrafricaine,1984,Afrique,6.138,50.43,2568610
République centrafricaine,1985,Afrique,6.119,50.46,2600939
République centrafricaine,1986,Afrique,6.106,50.45,2634262
République centrafricaine,1987,Afrique,6.12,50.37,2669154
République centrafricaine,1988,Afrique,6.098,50.24,2713967
République centrafricaine,1989,Afrique,6.073,50.07,2783977
République centrafricaine,1990,Afrique,6.049,49.85,2871915
République centrafricaine,1991,Afrique,6.03,49.58,2963195
République centrafricaine,1992,Afrique,5.964,49.21,3058837
République centrafricaine,1993,Afrique,5.926,48.9,3157842
République centrafricaine,1994,Afrique,5.919,48.51,3257956
République centrafricaine,1995,Afrique,5.943,48.11,3348062
République centrafricaine,1996,Afrique,5.963,47.7,3435973
République centrafricaine,1997,Afrique,5.924,47.28,3531700
République centrafricaine,1998,Afrique,5.889,47.09,3628833
République centrafricaine,1999,Afrique,5.875,46.91,3729452
République centrafricaine,2000,Afrique,5.851,46.61,3833421
République centrafricaine,2001,Afrique,5.807,46.73,3919498
République centrafricaine,2002,Afrique,5.785,46.84,4006079
République centrafricaine,2003,Afrique,5.799,47.31,4103092
République centrafricaine,2004,Afrique,5.784,47.7,4192828
République centrafricaine,2005,Afrique,5.812,48.21,4288814
République centrafricaine,2006,Afrique,5.84,48.69,4377582
République centrafricaine,2007,Afrique,5.867,49.33,4462777
République centrafricaine,2008,Afrique,5.902,49.87,4558989
République centrafricaine,2009,Afrique,5.936,14.66,4529051
République centrafricaine,2010,Afrique,5.963,46.87,4493003
République centrafricaine,2011,Afrique,6.009,50.11,4565023
République centrafricaine,2012,Afrique,6.047,51.34,4610848
République centrafricaine,2013,Afrique,6.075,49.49,4642423
République centrafricaine,2014,Afrique,6.099,40.27,4623187
République centrafricaine,2015,Afrique,6.126,51.93,4629322
République centrafricaine,2016,Afrique,6.126,51.0,4713663
République centrafricaine,2017,Afrique,6.127,45.23,4793512
République centrafricaine,2018,Afrique,6.108,52.3,4878663
République centrafricaine,2019,Afrique,6.09,31.53,4944708
République centrafricaine,2020,Afrique,6.059,50.6,5026629
République centrafricaine,2021,Afrique,6.052,40.28,5112103
République centrafricaine,2022,Afrique,6.023,18.82,5098038
République centrafricaine,2023,Afrique,6.012,57.41,5152415
République centrafricaine,2024,Afrique,6.002,57.67,5330691
République centrafricaine,2025,Afrique,5.993,57.9,5513286
Canada,1950,Amériques,3.374,68.22,13741740
Canada,1951,Amériques,3.421,68.51,14083298
Canada,1952,Amériques,3.559,68.68,14482799
Canada,1953,Amériques,3.637,69.07,14897877
Canada,1954,Amériques,3.743,69.94,15318987
Canada,1955,Amériques,3.746,70.0,15728281
Canada,1956,Amériques,3.771,69.97,16159621
Canada,1957,Amériques,3.848,69.92,16641329
Canada,1958,Amériques,3.814,70.57,17104091
Canada,1959,Amériques,3.855,70.61,17515522
Canada,1960,Amériques,3.82,70.97,17898793
Canada,1961,Amériques,3.761,71.22,18263078
Canada,1962,Amériques,3.678,71.24,18613597
Canada,1963,Amériques,3.588,71.27,18964258
Canada,1964,Amériques,3.424,71.64,19321670
Canada,1965,Amériques,3.075,71.75,19685517
Canada,1966,Amériques,2.752,71.87,20053667
Canada,1967,Amériques,2.541,72.08,20408776
Canada,1968,Amériques,2.408,72.24,20734173
Canada,1969,Amériques,2.356,72.4,21037620
Canada,1970,Amériques,2.267,72.61,21440022
Canada,1971,Amériques,2.101,72.95,21895694
Canada,1972,Amériques,1.937,72.83,22230876
Canada,1973,Amériques,1.849,73.07,22512229
Canada,1974,Amériques,1.806,73.14,22824085
Canada,1975,Amériques,1.799,73.45,23148981
Canada,1976,Amériques,1.754,73.87,23455783
Canada,1977,Amériques,1.725,74.15,23730341
Canada,1978,Amériques,1.68,74.48,23978742
Canada,1979,Amériques,1.673,74.84,24237173
Canada,1980,Amériques,1.658,75.06,24533779
Canada,1981,Amériques,1.632,75.48,24844977
Canada,1982,Amériques,1.619,75.69,25140164
Canada,1983,Amériques,1.607,76.07,25412605
Canada,1984,Amériques,1.609,76.36,25670376
Canada,1985,Amériques,1.594,76.35,25927463
Canada,1986,Amériques,1.576,76.49,26211036
Canada,1987,Amériques,1.563,76.8,26540913
Canada,1988,Amériques,1.587,76.86,26927938
Canada,1989,Amériques,1.643,77.12,27366046
Canada,1990,Amériques,1.696,77.43,27789437
Canada,1991,Amériques,1.723,77.59,28157154
Canada,1992,Amériques,1.719,77.85,28500066
Canada,1993,Amériques,1.693,77.72,28830635
Canada,1994,Amériques,1.693,77.9,29147383
Canada,1995,Amériques,1.674,78.02,29459138
Canada,1996,Amériques,1.63,78.27,29767210
Canada,1997,Amériques,1.569,78.47,30059088
Canada,1998,Amériques,1.553,78.67,30329971
Canada,1999,Amériques,1.541,78.89,30599458
Canada,2000,Amériques,1.51,79.23,30891800
Canada,2001,Amériques,1.531,79.45,31213578
Canada,2002,Amériques,1.513,79.57,31535579
Canada,2003,Amériques,1.535,79.74,31836483
Canada,2004,Amériques,1.545,80.03,32132680
Canada,2005,Amériques,1.566,80.13,32440172
Canada,2006,Amériques,1.612,80.54,32759174
Canada,2007,Amériques,1.656,80.54,33092171
Canada,2008,Amériques,1.684,80.73,33449088
Canada,2009,Amériques,1.675,81.06,33826370
Canada,2010,Amériques,1.642,81.34,34196900
Canada,2011,Amériques,1.627,81.51,34555449
Canada,2012,Amériques,1.627,81.7,34922513
Canada,2013,Amériques,1.612,81.78,35293421
Canada,2014,Amériques,1.614,81.84,35634265
Canada,2015,Amériques,1.601,81.91,35962236
Canada,2016,Amériques,1.59,82.03,36353345
Canada,2017,Amériques,1.548,81.92,36808498
Canada,2018,Amériques,1.51,81.92,37294996
Canada,2019,Amériques,1.476,82.28,37782934
Canada,2020,Amériques,1.413,81.65,38171903
Canada,2021,Amériques,1.43,81.98,38454058
Canada,2022,Amériques,1.366,81.25,38821259
Canada,2023,Amériques,1.349,82.63,39299098
Canada,2024,Amériques,1.329,82.72,39742429
Canada,2025,Amériques,1.309,82.88,40126728
Suisse,1950,Europe,2.399,68.91,4692642
Suisse,1951,Europe,2.309,68.69,4748090
Suisse,1952,Europe,2.324,69.59,4811615
Suisse,1953,Europe,2.292,69.52,4875654
Suisse,1954,Europe,2.287,69.98,4938749
Suisse,1955,Europe,2.309,70.07,5002118
Suisse,1956,Europe,2.358,70.2,5065624
Suisse,1957,Europe,2.411,70.54,5130171
Suisse,1958,Europe,2.406,71.29,5196450
Suisse,1959,Europe,2.423,71.45,5262809
Suisse,1960,Europe,2.441,71.41,5327777
Suisse,1961,Europe,2.517,71.74,5434125
Suisse,1962,Europe,2.58,71.3,5573701
Suisse,1963,Europe,2.646,71.29,5694163
Suisse,1964,Europe,2.653,72.18,5789153
Suisse,1965,Europe,2.587,72.32,5856414
Suisse,1966,Europe,2.5,72.45,5917969
Suisse,1967,Europe,2.394,72.74,5991733
Suisse,1968,Europe,2.289,72.7,6067657
Suisse,1969,Europe,2.191,72.72,6136353
Suisse,1970,Europe,2.103,73.12,6180922
Suisse,1971,Europe,2.035,73.24,6213536
Suisse,1972,Europe,1.913,73.76,6261086
Suisse,1973,Europe,1.81,74.06,6307408
Suisse,1974,Europe,1.729,74.4,6341381
Suisse,1975,Europe,1.614,74.79,6338600
Suisse,1976,Europe,1.546,74.91,6302556
Suisse,1977,Europe,1.528,75.37,6281365
Suisse,1978,Europe,1.506,75.31,6282045
Suisse,1979,Europe,1.519,75.61,6294719
Suisse,1980,Europe,1.547,75.59,6319848
Suisse,1981,Europe,1.543,75.82,6354561
Suisse,1982,Europe,1.549,76.16,6391805
Suisse,1983,Europe,1.518,76.16,6419309
Suisse,1984,Europe,1.523,76.76,6442419
Suisse,1985,Europe,1.513,76.88,6470959
Suisse,1986,Europe,1.526,77.04,6504748
Suisse,1987,Europe,1.516,77.33,6545771
Suisse,1988,Europe,1.562,77.36,6594145
Suisse,1989,Europe,1.563,77.56,6647787
Suisse,1990,Europe,1.578,77.39,6713168
Suisse,1991,Europe,1.582,77.65,6796942
Suisse,1992,Europe,1.572,77.94,6875049
Suisse,1993,Europe,1.51,78.23,6938106
Suisse,1994,Europe,1.488,78.5,6993594
Suisse,1995,Europe,1.478,78.56,7040481
Suisse,1996,Europe,1.497,79.05,7071885
Suisse,1997,Europe,1.477,79.23,7089161
Suisse,1998,Europe,1.469,79.47,7110294
Suisse,1999,Europe,1.48,79.72,7144119
Suisse,2000,Europe,1.486,79.83,7184003
Suisse,2001,Europe,1.388,80.25,7226391
Suisse,2002,Europe,1.383,80.44,7278744
Suisse,2003,Europe,1.382,80.53,7333451
Suisse,2004,Europe,1.409,81.06,7384196
Suisse,2005,Europe,1.416,81.24,7431824
Suisse,2006,Europe,1.432,81.55,7478514
Suisse,2007,Europe,1.452,81.7,7545386
Suisse,2008,Europe,1.478,81.97,7641730
Suisse,2009,Europe,1.492,81.99,7737644
Suisse,2010,Europe,1.517,82.29,7825750
Suisse,2011,Europe,1.513,82.57,7914379
Suisse,2012,Europe,1.52,82.62,7998927
Suisse,2013,Europe,1.514,82.69,8091199
Suisse,2014,Europe,1.534,83.08,8190238
Suisse,2015,Europe,1.537,82.85,8283940
Suisse,2016,Europe,1.54,83.45,8374903
Suisse,2017,Europe,1.519,83.41,8453630
Suisse,2018,Europe,1.513,83.56,8516341
Suisse,2019,Europe,1.478,83.78,8577525
Suisse,2020,Europe,1.466,83.06,8640582
Suisse,2021,Europe,1.526,83.65,8707019
Suisse,2022,Europe,1.395,83.2,8792180
Suisse,2023,Europe,1.433,83.95,8870564
Suisse,2024,Europe,1.422,84.09,8921979
Suisse,2025,Europe,1.411,84.23,8967413
Chili,1950,Amériques,4.836,53.15,6628577
Chili,1951,Amériques,4.803,53.54,6756666
Chili,1952,Amériques,4.78,53.93,6891992
Chili,1953,Amériques,4.786,54.31,7033534
Chili,1954,Amériques,4.77,54.71,7180570
Chili,1955,Amériques,4.777,54.93,7332311
Chili,1956,Amériques,4.795,55.48,7489537
Chili,1957,Amériques,4.774,55.77,7651307
Chili,1958,Amériques,4.753,56.29,7815995
Chili,1959,Amériques,4.728,56.64,7983432
Chili,1960,Amériques,4.697,57.22,8153356
Chili,1961,Amériques,4.655,57.31,8324802
Chili,1962,Amériques,4.602,57.81,8497068
Chili,1963,Amériques,4.536,58.35,8670148
Chili,1964,Amériques,4.457,58.81,8842536
Chili,1965,Amériques,4.364,59.47,9012944
Chili,1966,Amériques,4.259,60.37,9181729
Chili,1967,Amériques,4.144,61.05,9348941
Chili,1968,Amériques,4.025,61.68,9514712
Chili,1969,Amériques,3.902,62.34,9680281
Chili,1970,Amériques,3.778,62.63,9845347
Chili,1971,Amériques,3.654,63.07,10009698
Chili,1972,Amériques,3.53,63.72,10174678
Chili,1973,Amériques,3.409,64.42,10340367
Chili,1974,Amériques,3.293,65.08,10505817
Chili,1975,Amériques,3.182,66.04,10671567
Chili,1976,Amériques,3.078,66.82,10838255
Chili,1977,Amériques,2.981,67.53,11005518
Chili,1978,Amériques,2.892,68.04,11172698
Chili,1979,Amériques,2.812,68.86,11339778
Chili,1980,Amériques,2.744,69.47,11508553
Chili,1981,Amériques,2.689,69.82,11678714
Chili,1982,Amériques,2.648,70.29,11850214
Chili,1983,Amériques,2.619,70.83,12026139
Chili,1984,Amériques,2.601,71.22,12207731
Chili,1985,Amériques,2.592,71.61,12395277
Chili,1986,Amériques,2.589,72.06,12588923
Chili,1987,Amériques,2.59,72.47,12790156
Chili,1988,Amériques,2.591,72.79,12999426
Chili,1989,Amériques,2.589,73.19,13215015
Chili,1990,Amériques,2.579,73.67,13437181
Chili,1991,Amériques,2.558,74.08,13662482
Chili,1992,Amériques,2.478,74.37,13884579
Chili,1993,Amériques,2.43,74.68,14102276
Chili,1994,Amériques,2.377,74.97,14316263
Chili,1995,Amériques,2.353,75.3,14527382
Chili,1996,Amériques,2.284,75.56,14734049
Chili,1997,Amériques,2.202,75.83,14932436
Chili,1998,Amériques,2.149,76.32,15127799
Chili,1999,Amériques,2.074,76.74,15319311
Chili,2000,Amériques,2.046,77.13,15503638
Chili,2001,Amériques,2.007,77.58,15683852
Chili,2002,Amériques,1.934,77.84,15857926
Chili,2003,Amériques,1.885,77.88,16024755
Chili,2004,Amériques,1.844,78.28,16187324
Chili,2005,Amériques,1.825,78.46,16348780
Chili,2006,Amériques,1.798,78.53,16509195
Chili,2007,Amériques,1.826,78.65,16671571
Chili,2008,Amériques,1.85,78.75,16838987
Chili,2009,Amériques,1.855,78.89,17009730
Chili,2010,Amériques,1.844,79.09,17181463
Chili,2011,Amériques,1.823,79.24,17351810
Chili,2012,Amériques,1.798,79.22,17519116
Chili,2013,Amériques,1.786,79.55,17687006
Chili,2014,Amériques,1.774,79.71,17864192
Chili,2015,Amériques,1.737,80.01,18047630
Chili,2016,Amériques,1.686,80.3,18267225
Chili,2017,Amériques,1.563,80.61,18558868
Chili,2018,Amériques,1.543,80.56,18893185
Chili,2019,Amériques,1.43,80.32,19197748
Chili,2020,Amériques,1.307,79.35,19370621
Chili,2021,Amériques,1.176,78.88,19456323
Chili,2022,Amériques,1.255,79.18,19553033
Chili,2023,Amériques,1.167,81.17,19658833
Chili,2024,Amériques,1.149,81.36,19764774
Chili,2025,Amériques,1.132,81.54,19859919
Chine,1950,Asie,5.813,43.83,544044355
Chine,1951,Asie,5.699,44.56,553758251
Chine,1952,Asie,6.472,45.34,565131435
Chine,1953,Asie,6.042,45.91,577557140
Chine,1954,Asie,6.278,46.76,590113859
Chine,1955,Asie,6.263,47.24,603547014
Chine,1956,Asie,5.854,47.81,616558585
Chine,1957,Asie,6.425,48.38,630356210
Chine,1958,Asie,5.698,48.83,644219478
Chine,1959,Asie,4.718,40.17,652708211
Chine,1960,Asie,4.451,33.42,654802068
Chine,1961,Asie,3.863,40.16,655773484
Chine,1962,Asie,6.085,50.96,665073690
Chine,1963,Asie,7.513,51.67,684552646
Chine,1964,Asie,6.672,52.34,704798263
Chine,1965,Asie,6.605,53.0,723415737
Chine,1966,Asie,6.307,53.66,742402206
Chine,1967,Asie,5.806,54.4,761026025
Chine,1968,Asie,6.508,55.19,781011030
Chine,1969,Asie,6.175,55.99,802140341
Chine,1970,Asie,6.085,56.82,823308964
Chine,1971,Asie,5.523,57.73,844069870
Chine,1972,Asie,5.112,58.58,863677810
Chine,1973,Asie,4.726,59.5,882576945
Chine,1974,Asie,4.17,60.24,900307580
Chine,1975,Asie,3.571,60.95,916116796
Chine,1976,Asie,3.235,61.23,930372293
Chine,1977,Asie,2.844,62.46,943546374
Chine,1978,Asie,2.716,63.1,956161482
Chine,1979,Asie,2.745,63.7,969288071
Chine,1980,Asie,2.739,64.24,983163540
Chine,1981,Asie,2.792,64.78,997721072
Chine,1982,Asie,2.972,65.25,1013588177
Chine,1983,Asie,2.559,65.73,1029064952
Chine,1984,Asie,2.607,66.15,1043849645
Chine,1985,Asie,2.633,66.53,1059807818
Chine,1986,Asie,2.721,66.89,1077233607
Chine,1987,Asie,2.76,67.26,1096217445
Chine,1988,Asie,2.539,67.61,1115244168
Chine,1989,Asie,2.52,67.93,1133991006
Chine,1990,Asie,2.514,68.16,1153582725
Chine,1991,Asie,1.934,68.61,1170788533
Chine,1992,Asie,1.776,69.06,1184574236
Chine,1993,Asie,1.691,69.49,1197308574
Chine,1994,Asie,1.628,69.83,1209003099
Chine,1995,Asie,1.588,70.36,1220133929
Chine,1996,Asie,1.554,70.82,1230944809
Chine,1997,Asie,1.527,71.23,1241139623
Chine,1998,Asie,1.522,71.6,1250847122
Chine,1999,Asie,1.53,71.95,1260176650
Chine,2000,Asie,1.628,72.29,1269581174
Chine,2001,Asie,1.563,72.67,1278725061
Chine,2002,Asie,1.566,73.03,1286866835
Chine,2003,Asie,1.57,73.39,1294517323
Chine,2004,Asie,1.605,73.73,1302100316
Chine,2005,Asie,1.624,74.08,1310027135
Chine,2006,Asie,1.644,74.4,1318054030
Chine,2007,Asie,1.666,74.79,1325813576
Chine,2008,Asie,1.701,74.83,1333821011
Chine,2009,Asie,1.714,75.32,1342522717
Chine,2010,Asie,1.687,75.67,1351561505
Chine,2011,Asie,1.668,75.89,1360250658
Chine,2012,Asie,1.798,76.2,1369520866
Chine,2013,Asie,1.714,76.45,1379008040
Chine,2014,Asie,1.769,76.71,1387951970
Chine,2015,Asie,1.67,76.97,1396134171
Chine,2016,Asie,1.772,77.21,1404052628
Chine,2017,Asie,1.795,77.23,1412354730
Chine,2018,Asie,1.539,77.71,1419008954
Chine,2019,Asie,1.496,77.94,1423520357
Chine,2020,Asie,1.236,78.02,1426106093
Chine,2021,Asie,1.117,78.12,1426437269
Chine,2022,Asie,1.034,78.2,1425179562
Chine,2023,Asie,0.999,77.95,1422584930
Chine,2024,Asie,0.984,78.02,1419321284
Chine,2025,Asie,0.969,78.37,1416096093
Côte d'Ivoire,1950,Afrique,7.61,30.83,2735187
Côte d'Ivoire,1951,Afrique,7.609,31.38,2809368
Côte d'Ivoire,1952,Afrique,7.606,31.96,2885718
Côte d'Ivoire,1953,Afrique,7.604,32.55,2965133
Côte d'Ivoire,1954,Afrique,7.602,33.19,3048539
Côte d'Ivoire,1955,Afrique,7.597,33.81,3136631
Côte d'Ivoire,1956,Afrique,7.597,34.46,3230013
Côte d'Ivoire,1957,Afrique,7.598,35.16,3329283
Côte d'Ivoire,1958,Afrique,7.61,35.83,3435088
Côte d'Ivoire,1959,Afrique,7.606,36.55,3548954
Côte d'Ivoire,1960,Afrique,7.691,37.24,3673672
Côte d'Ivoire,1961,Afrique,7.72,37.92,3810152
Côte d'Ivoire,1962,Afrique,7.75,38.62,3956950
Côte d'Ivoire,1963,Afrique,7.781,39.31,4112070
Côte d'Ivoire,1964,Afrique,7.811,39.97,4273955
Côte d'Ivoire,1965,Afrique,7.841,40.64,4442384
Côte d'Ivoire,1966,Afrique,7.868,41.3,4617522
Côte d'Ivoire,1967,Afrique,7.893,41.96,4799743
Côte d'Ivoire,1968,Afrique,7.912,42.65,4990023
Côte d'Ivoire,1969,Afrique,7.927,43.34,5192227
Côte d'Ivoire,1970,Afrique,7.936,44.05,5411573
Côte d'Ivoire,1971,Afrique,7.941,44.78,5650875
Côte d'Ivoire,1972,Afrique,7.942,45.58,5909721
Côte d'Ivoire,1973,Afrique,7.939,46.37,6184949
Côte d'Ivoire,1974,Afrique,7.929,47.21,6474062
Côte d'Ivoire,1975,Afrique,7.91,48.03,6776303
Côte d'Ivoire,1976,Afrique,7.877,48.86,7057963
Côte d'Ivoire,1977,Afrique,7.828,49.62,7321955
Côte d'Ivoire,1978,Afrique,7.669,50.36,7603134
Côte d'Ivoire,1979,Afrique,7.625,50.98,7902266
Côte d'Ivoire,1980,Afrique,7.586,51.44,8220717
Côte d'Ivoire,1981,Afrique,7.539,51.79,8556600
Côte d'Ivoire,1982,Afrique,7.488,52.09,8907942
Côte d'Ivoire,1983,Afrique,7.417,52.35,9272742
Côte d'Ivoire,1984,Afrique,7.352,52.65,9650523
Côte d'Ivoire,1985,Afrique,7.273,52.86,10040486
Côte d'Ivoire,1986,Afrique,7.187,53.01,10440924
Côte d'Ivoire,1987,Afrique,7.09,53.12,10851481
Côte d'Ivoire,1988,Afrique,6.969,53.06,11275194
Côte d'Ivoire,1989,Afrique,6.85,52.95,11719774
Côte d'Ivoire,1990,Afrique,6.719,52.8,12189780
Côte d'Ivoire,1991,Afrique,6.585,52.62,12683875
Côte d'Ivoire,1992,Afrique,6.426,52.43,13200313
Côte d'Ivoire,1993,Afrique,6.27,52.25,13735955
Côte d'Ivoire,1994,Afrique,6.128,52.01,14287211
Côte d'Ivoire,1995,Afrique,6.038,51.71,14855566
Côte d'Ivoire,1996,Afrique,5.954,51.6,15442322
Côte d'Ivoire,1997,Afrique,5.902,51.5,16047178
Côte d'Ivoire,1998,Afrique,5.854,51.22,16663948
Côte d'Ivoire,1999,Afrique,5.805,51.27,17215937
Côte d'Ivoire,2000,Afrique,5.773,51.39,17699007
Côte d'Ivoire,2001,Afrique,5.704,51.43,18178920
Côte d'Ivoire,2002,Afrique,5.641,51.54,18654772
Côte d'Ivoire,2003,Afrique,5.572,51.44,19125546
Côte d'Ivoire,2004,Afrique,5.527,51.94,19594997
Côte d'Ivoire,2005,Afrique,5.499,52.43,20068468
Côte d'Ivoire,2006,Afrique,5.448,52.88,20546808
Côte d'Ivoire,2007,Afrique,5.403,53.45,21030558
Côte d'Ivoire,2008,Afrique,5.357,54.18,21514446
Côte d'Ivoire,2009,Afrique,5.332,54.74,21997936
Côte d'Ivoire,2010,Afrique,5.292,55.28,22488068
Côte d'Ivoire,2011,Afrique,5.244,55.97,22982003
Côte d'Ivoire,2012,Afrique,5.19,56.57,23467083
Côte d'Ivoire,2013,Afrique,5.135,57.06,23939775
Côte d'Ivoire,2014,Afrique,5.071,57.77,24527393
Côte d'Ivoire,2015,Afrique,4.97,58.28,25246347
Côte d'Ivoire,2016,Afrique,4.873,58.81,25989404
Côte d'Ivoire,2017,Afrique,4.757,59.31,26733376
Côte d'Ivoire,2018,Afrique,4.596,59.8,27464175
Côte d'Ivoire,2019,Afrique,4.523,60.27,28193014
Côte d'Ivoire,2020,Afrique,4.461,60.14,28915452
Côte d'Ivoire,2021,Afrique,4.411,60.29,29639737
Côte d'Ivoire,2022,Afrique,4.349,61.56,30395004
Côte d'Ivoire,2023,Afrique,4.283,61.94,31165653
Côte d'Ivoire,2024,Afrique,4.219,62.11,31934229
Côte d'Ivoire,2025,Afrique,4.155,62.28,32711546
Cameroun,1950,Afrique,5.731,33.09,4330088
Cameroun,1951,Afrique,5.725,33.87,4395365
Cameroun,1952,Afrique,5.736,34.62,4464718
Cameroun,1953,Afrique,5.736,35.52,4538446
Cameroun,1954,Afrique,5.735,36.51,4616889
Cameroun,1955,Afrique,5.737,37.5,4700267
Cameroun,1956,Afrique,5.73,38.41,4788341
Cameroun,1957,Afrique,5.723,38.28,4878935
Cameroun,1958,Afrique,5.729,39.07,4972220
Cameroun,1959,Afrique,5.73,39.8,5070072
Cameroun,1960,Afrique,5.725,34.67,5159059
Cameroun,1961,Afrique,5.732,35.19,5239281
Cameroun,1962,Afrique,5.729,42.6,5338626
Cameroun,1963,Afrique,5.731,43.07,5456615
Cameroun,1964,Afrique,5.739,43.6,5578261
Cameroun,1965,Afrique,5.796,44.17,5704688
Cameroun,1966,Afrique,5.854,44.84,5837300
Cameroun,1967,Afrique,5.951,45.6,5977315
Cameroun,1968,Afrique,6.043,46.39,6125860
Cameroun,1969,Afrique,6.144,47.19,6283470
Cameroun,1970,Afrique,6.197,47.95,6449795
Cameroun,1971,Afrique,6.259,48.58,6624415
Cameroun,1972,Afrique,6.293,49.12,6806873
Cameroun,1973,Afrique,6.326,49.52,6996661
Cameroun,1974,Afrique,6.361,49.73,7193589
Cameroun,1975,Afrique,6.401,49.89,7397126
Cameroun,1976,Afrique,6.447,50.02,7597962
Cameroun,1977,Afrique,6.508,50.13,7796510
Cameroun,1978,Afrique,6.545,50.32,8011917
Cameroun,1979,Afrique,6.581,50.53,8239642
Cameroun,1980,Afrique,6.613,50.85,8512217
Cameroun,1981,Afrique,6.61,51.23,8816377
Cameroun,1982,Afrique,6.594,51.8,9028676
Cameroun,1983,Afrique,6.575,52.45,9215395
Cameroun,1984,Afrique,6.563,52.89,9475085
Cameroun,1985,Afrique,6.564,53.47,9761728
Cameroun,1986,Afrique,6.572,53.57,10060342
Cameroun,1987,Afrique,6.538,54.19,10370753
Cameroun,1988,Afrique,6.481,54.36,10684972
Cameroun,1989,Afrique,6.414,54.39,11002749
Cameroun,1990,Afrique,6.362,54.35,11331827
Cameroun,1991,Afrique,6.324,54.17,11667186
Cameroun,1992,Afrique,6.256,54.05,12006362
Cameroun,1993,Afrique,6.155,53.87,12353131
Cameroun,1994,Afrique,6.043,53.54,12704900
Cameroun,1995,Afrique,5.919,53.35,13058517
Cameroun,1996,Afrique,5.795,53.2,13414761
Cameroun,1997,Afrique,5.706,53.1,13775216
Cameroun,1998,Afrique,5.656,53.04,14144857
Cameroun,1999,Afrique,5.604,53.17,14525145
Cameroun,2000,Afrique,5.514,53.34,14912632
Cameroun,2001,Afrique,5.441,53.6,15309489
Cameroun,2002,Afrique,5.435,53.92,15725534
Cameroun,2003,Afrique,5.432,54.25,16160340
Cameroun,2004,Afrique,5.436,54.58,16610485
Cameroun,2005,Afrique,5.421,54.9,17074599
Cameroun,2006,Afrique,5.369,55.3,17550403
Cameroun,2007,Afrique,5.343,55.71,18049897
Cameroun,2008,Afrique,5.294,56.12,18574052
Cameroun,2009,Afrique,5.236,56.49,19113978
Cameroun,2010,Afrique,5.154,56.97,19668063
Cameroun,2011,Afrique,5.052,57.48,20232312
Cameroun,2012,Afrique,4.982,58.17,20809530
Cameroun,2013,Afrique,4.905,58.73,21402379
Cameroun,2014,Afrique,4.844,59.13,22059894
Cameroun,2015,Afrique,4.841,59.69,22763418
Cameroun,2016,Afrique,4.842,60.29,23454165
Cameroun,2017,Afrique,4.804,60.82,24128609
Cameroun,2018,Afrique,4.74,61.19,24806377
Cameroun,2019,Afrique,4.651,61.7,25506095
Cameroun,2020,Afrique,4.557,61.67,26210566
Cameroun,2021,Afrique,4.468,61.15,26915765
Cameroun,2022,Afrique,4.397,62.44,27632770
Cameroun,2023,Afrique,4.322,63.7,28372690
Cameroun,2024,Afrique,4.268,63.97,29123748
Cameroun,2025,Afrique,4.214,64.25,29879341
République démocratique du Congo,1950,Afrique,5.966,38.22,12294293
République démocratique du Congo,1951,Afrique,5.971,38.51,12542651
République démocratique du Congo,1952,Afrique,5.966,38.86,12803638
République démocratique du Congo,1953,Afrique,5.983,39.14,13069453
République démocratique du Congo,1954,Afrique,5.984,39.37,13343040
République démocratique du Congo,1955,Afrique,5.982,39.66,13630350
République démocratique du Congo,1956,Afrique,5.986,39.9,13929950
République démocratique du Congo,1957,Afrique,6.009,40.23,14242284
République démocratique du Congo,1958,Afrique,6.036,40.46,14557795
République démocratique du Congo,1959,Afrique,6.065,40.62,14891587
République démocratique du Congo,1960,Afrique,6.105,40.75,15264853
République démocratique du Congo,1961,Afrique,6.124,40.16,15662373
République démocratique du Congo,1962,Afrique,6.141,40.38,16075729
République démocratique du Congo,1963,Afrique,6.158,40.6,16507610
République démocratique du Congo,1964,Afrique,6.188,40.1,16955329
République démocratique du Congo,1965,Afrique,6.21,40.77,17427807
République démocratique du Congo,1966,Afrique,6.242,42.17,17931933
République démocratique du Congo,1967,Afrique,6.267,42.34,18462787
République démocratique du Congo,1968,Afrique,6.286,42.67,19012194
République démocratique du Congo,1969,Afrique,6.304,42.96,19570447
République démocratique du Congo,1970,Afrique,6.329,43.3,20137442
République démocratique du Congo,1971,Afrique,6.344,43.58,20695568
République démocratique du Congo,1972,Afrique,6.369,43.87,21251166
République démocratique du Congo,1973,Afrique,6.385,44.09,21827663
République démocratique du Congo,1974,Afrique,6.404,44.31,22418883
République démocratique du Congo,1975,Afrique,6.419,44.53,23021102
République démocratique du Congo,1976,Afrique,6.437,44.7,23624035
République démocratique du Congo,1977,Afrique,6.45,44.87,24229060
République démocratique du Congo,1978,Afrique,6.463,44.63,24992694
République démocratique du Congo,1979,Afrique,6.479,45.28,25886782
République démocratique du Congo,1980,Afrique,6.495,45.54,26711098
République démocratique du Congo,1981,Afrique,6.519,45.73,27500518
République démocratique du Congo,1982,Afrique,6.54,45.95,28338193
République démocratique du Congo,1983,Afrique,6.564,46.21,29250969
République démocratique du Congo,1984,Afrique,6.586,46.51,30245088
République démocratique du Congo,1985,Afrique,6.612,46.66,31264819
République démocratique du Congo,1986,Afrique,6.634,47.02,32265200
République démocratique du Congo,1987,Afrique,6.651,47.36,33298910
République démocratique du Congo,1988,Afrique,6.656,47.76,34382756
République démocratique du Congo,1989,Afrique,6.65,48.15,35486863
République démocratique du Congo,1990,Afrique,6.649,48.54,36684065
République démocratique du Congo,1991,Afrique,6.645,48.94,37925828
République démocratique du Congo,1992,Afrique,6.639,49.32,39228908
République démocratique du Congo,1993,Afrique,6.641,49.62,40656338
République démocratique du Congo,1994,Afrique,6.643,49.88,42626873
République démocratique du Congo,1995,Afrique,6.676,50.38,44433718
République démocratique du Congo,1996,Afrique,6.672,49.38,45296125
République démocratique du Congo,1997,Afrique,6.69,50.46,46029907
République démocratique du Congo,1998,Afrique,6.7,49.66,47297595
République démocratique du Congo,1999,Afrique,6.692,50.09,48912972
République démocratique du Congo,2000,Afrique,6.702,51.89,50507445
République démocratique du Congo,2001,Afrique,6.663,52.2,52132646
République démocratique du Congo,2002,Afrique,6.606,52.37,53750529
République démocratique du Congo,2003,Afrique,6.549,52.95,55343873
République démocratique du Congo,2004,Afrique,6.53,53.53,56997740
République démocratique du Congo,2005,Afrique,6.526,54.0,58775726
République démocratique du Congo,2006,Afrique,6.547,54.5,60615909
République démocratique du Congo,2007,Afrique,6.559,54.95,62477753
République démocratique du Congo,2008,Afrique,6.58,55.39,64390658
République démocratique du Congo,2009,Afrique,6.591,55.8,66412038
République démocratique du Congo,2010,Afrique,6.587,56.41,68563038
République démocratique du Congo,2011,Afrique,6.582,56.91,70849311
République démocratique du Congo,2012,Afrique,6.559,57.35,73254623
République démocratique du Congo,2013,Afrique,6.527,57.8,75789397
République démocratique du Congo,2014,Afrique,6.483,58.24,78403248
République démocratique du Congo,2015,Afrique,6.437,58.66,81035532
République démocratique du Congo,2016,Afrique,6.392,59.08,83956416
République démocratique du Congo,2017,Afrique,6.349,59.49,87083400
République démocratique du Congo,2018,Afrique,6.302,59.93,90047647
République démocratique du Congo,2019,Afrique,6.253,60.24,92947450
République démocratique du Congo,2020,Afrique,6.206,60.43,95990000
République démocratique du Congo,2021,Afrique,6.156,60.04,99148930
République démocratique du Congo,2022,Afrique,6.106,60.98,102396974
République démocratique du Congo,2023,Afrique,6.051,61.9,105789733
République démocratique du Congo,2024,Afrique,6.005,62.07,109276264
République démocratique du Congo,2025,Afrique,5.959,62.23,112832475
Congo,1950,Afrique,6.065,39.6,835269
Congo,1951,Afrique,6.067,40.34,853643
Congo,1952,Afrique,6.063,41.09,872684
Congo,1953,Afrique,6.063,41.85,892461
Congo,1954,Afrique,6.054,42.61,913023
Congo,1955,Afrique,6.065,43.45,934435
Congo,1956,Afrique,6.069,44.28,956825
Congo,1957,Afrique,6.069,45.13,980204
Congo,1958,Afrique,6.087,45.97,1004629
Congo,1959,Afrique,6.091,46.78,1030164
Congo,1960,Afrique,6.085,47.59,1056738
Congo,1961,Afrique,6.093,48.35,1084392
Congo,1962,Afrique,6.099,49.04,1113180
Congo,1963,Afrique,6.147,49.73,1143269
Congo,1964,Afrique,6.183,50.36,1174823
Congo,1965,Afrique,6.229,51.0,1207886
Congo,1966,Afrique,6.267,51.56,1242544
Congo,1967,Afrique,6.29,51.91,1278697
Congo,1968,Afrique,6.327,52.62,1316525
Congo,1969,Afrique,6.35,53.11,1356188
Congo,1970,Afrique,6.376,53.55,1397640
Congo,1971,Afrique,6.416,53.98,1441047
Congo,1972,Afrique,6.444,54.36,1486478
Congo,1973,Afrique,6.42,54.74,1533685
Congo,1974,Afrique,6.39,55.05,1582304
Congo,1975,Afrique,6.356,55.4,1627033
Congo,1976,Afrique,6.317,55.7,1667233
Congo,1977,Afrique,6.271,56.03,1707572
Congo,1978,Afrique,6.21,56.25,1748098
Congo,1979,Afrique,6.143,56.52,1788523
Congo,1980,Afrique,6.065,56.8,1828991
Congo,1981,Afrique,5.984,57.06,1869764
Congo,1982,Afrique,5.85,57.24,1910429
Congo,1983,Afrique,5.758,57.43,1950328
Congo,1984,Afrique,5.658,57.54,1999533
Congo,1985,Afrique,5.587,57.61,2059317
Congo,1986,Afrique,5.514,57.63,2120604
Congo,1987,Afrique,5.458,57.59,2183478
Congo,1988,Afrique,5.392,57.49,2247653
Congo,1989,Afrique,5.327,57.29,2313562
Congo,1990,Afrique,5.266,57.07,2380562
Congo,1991,Afrique,5.221,56.76,2449235
Congo,1992,Afrique,5.177,56.48,2519467
Congo,1993,Afrique,5.134,56.04,2595127
Congo,1994,Afrique,5.103,55.64,2673147
Congo,1995,Afrique,5.068,55.47,2749464
Congo,1996,Afrique,5.033,55.24,2826786
Congo,1997,Afrique,4.997,48.58,2887862
Congo,1998,Afrique,4.909,52.55,2952062
Congo,1999,Afrique,4.805,54.43,3032876
Congo,2000,Afrique,4.724,55.37,3151349
Congo,2001,Afrique,4.67,55.88,3272542
Congo,2002,Afrique,4.697,56.41,3350770
Congo,2003,Afrique,4.696,57.13,3445758
Congo,2004,Afrique,4.69,57.96,3565565
Congo,2005,Afrique,4.669,58.73,3696399
Congo,2006,Afrique,4.651,59.47,3837411
Congo,2007,Afrique,4.649,60.05,3980430
Congo,2008,Afrique,4.726,60.79,4113514
Congo,2009,Afrique,4.808,61.22,4281218
Congo,2010,Afrique,4.851,61.73,4462304
Congo,2011,Afrique,4.826,62.29,4609728
Congo,2012,Afrique,4.785,62.66,4740457
Congo,2013,Afrique,4.731,62.97,4857104
Congo,2014,Afrique,4.665,63.35,4975887
Congo,2015,Afrique,4.607,63.66,5097583
Congo,2016,Afrique,4.546,63.91,5222545
Congo,2017,Afrique,4.496,64.2,5351013
Congo,2018,Afrique,4.442,64.47,5483128
Congo,2019,Afrique,4.38,63.15,5616656
Congo,2020,Afrique,4.329,64.39,5752792
Congo,2021,Afrique,4.28,64.19,5892187
Congo,2022,Afrique,4.215,65.0,6035104
Congo,2023,Afrique,4.157,65.77,6182890
Congo,2024,Afrique,4.104,66.0,6332969
Congo,2025,Afrique,4.052,66.2,6484437
Colombie,1950,Amériques,6.41,48.28,11766991
Colombie,1951,Amériques,6.436,48.96,12078813
Colombie,1952,Amériques,6.488,49.81,12405851
Colombie,1953,Amériques,6.537,50.61,12746037
Colombie,1954,Amériques,6.582,51.28,13100844
Colombie,1955,Amériques,6.625,51.93,13473060
Colombie,1956,Amériques,6.664,52.52,13861805
Colombie,1957,Amériques,6.697,54.08,14270276
Colombie,1958,Amériques,6.723,54.72,14693292
Colombie,1959,Amériques,6.737,55.86,15136219
Colombie,1960,Amériques,6.735,56.61,15606209
Colombie,1961,Amériques,6.712,57.2,16095207
Colombie,1962,Amériques,6.663,57.74,16599031
Colombie,1963,Amériques,6.584,58.3,17113824
Colombie,1964,Amériques,6.475,58.77,17637416
Colombie,1965,Amériques,6.333,59.25,18169053
Colombie,1966,Amériques,6.159,59.71,18702693
Colombie,1967,Amériques,5.957,60.15,19235624
Colombie,1968,Amériques,5.737,60.57,19766802
Colombie,1969,Amériques,5.506,61.03,20291937
Colombie,1970,Amériques,5.276,61.47,20811790
Colombie,1971,Amériques,5.057,62.01,21319099
Colombie,1972,Amériques,4.857,62.53,21819572
Colombie,1973,Amériques,4.68,62.99,22325375
Colombie,1974,Amériques,4.527,63.5,22833475
Colombie,1975,Amériques,4.398,64.01,23344650
Colombie,1976,Amériques,4.285,64.64,23858815
Colombie,1977,Amériques,4.163,65.24,24393499
Colombie,1978,Amériques,3.998,65.83,24950342
Colombie,1979,Amériques,3.888,66.16,25515627
Colombie,1980,Amériques,3.798,66.69,26104503
Colombie,1981,Amériques,3.706,67.19,26713267
Colombie,1982,Amériques,3.618,67.86,27338334
Colombie,1983,Amériques,3.501,68.12,27988176
Colombie,1984,Amériques,3.35,68.31,28642690
Colombie,1985,Amériques,3.225,65.36,29268470
Colombie,1986,Amériques,3.147,68.3,29879114
Colombie,1987,Amériques,3.087,68.17,30499471
Colombie,1988,Amériques,3.039,68.3,31130530
Colombie,1989,Amériques,3.012,68.62,31776280
Colombie,1990,Amériques,2.995,68.7,32440064
Colombie,1991,Amériques,2.982,68.77,33098373
Colombie,1992,Amériques,2.983,68.76,33760571
Colombie,1993,Amériques,2.978,69.08,34441479
Colombie,1994,Amériques,2.937,69.42,35127408
Colombie,1995,Amériques,2.85,69.81,35804670
Colombie,1996,Amériques,2.768,70.21,36462740
Colombie,1997,Amériques,2.743,70.63,37121155
Colombie,1998,Amériques,2.717,70.92,37792169
Colombie,1999,Amériques,2.637,70.91,38454861
Colombie,2000,Amériques,2.574,70.91,39089939
Colombie,2001,Amériques,2.522,71.19,39709263
Colombie,2002,Amériques,2.489,71.54,40324684
Colombie,2003,Amériques,2.45,72.31,40937426
Colombie,2004,Amériques,2.384,72.76,41543177
Colombie,2005,Amériques,2.309,73.16,42128978
Colombie,2006,Amériques,2.241,73.5,42691081
Colombie,2007,Amériques,2.195,73.75,43235374
Colombie,2008,Amériques,2.155,74.21,43758805
Colombie,2009,Amériques,2.096,74.53,44271543
Colombie,2010,Amériques,2.01,74.88,44777325
Colombie,2011,Amériques,1.938,75.18,45259614
Colombie,2012,Amériques,1.899,75.61,45715807
Colombie,2013,Amériques,1.86,75.83,46151583
Colombie,2014,Amériques,1.822,75.95,46565426
Colombie,2015,Amériques,1.771,76.07,46969938
Colombie,2016,Amériques,1.719,76.23,47437513
Colombie,2017,Amériques,1.717,76.42,48131076
Colombie,2018,Amériques,1.715,76.58,49024463
Colombie,2019,Amériques,1.71,76.79,49907987
Colombie,2020,Amériques,1.694,74.76,50629997
Colombie,2021,Amériques,1.68,72.7,51188174
Colombie,2022,Amériques,1.663,76.51,51737944
Colombie,2023,Amériques,1.645,77.72,52321152
Colombie,2024,Amériques,1.626,77.91,52886360
Colombie,2025,Amériques,1.608,78.09,53425629
Comores,1950,Afrique,5.686,37.39,161951
Comores,1951,Afrique,5.771,34.33,165543
Comores,1952,Afrique,5.934,38.04,168983
Comores,1953,Afrique,6.085,38.38,172609
Comores,1954,Afrique,6.223,38.7,176152
Comores,1955,Afrique,6.348,39.03,179597
Comores,1956,Afrique,6.46,39.37,182966
Comores,1957,Afrique,6.56,39.74,186578
Comores,1958,Afrique,6.648,40.09,190577
Comores,1959,Afrique,6.725,40.47,194298
Comores,1960,Afrique,6.792,40.78,197710
Comores,1961,Afrique,6.849,41.16,201210
Comores,1962,Afrique,6.897,41.53,204712
Comores,1963,Afrique,6.916,41.91,208199
Comores,1964,Afrique,6.938,42.33,211651
Comores,1965,Afrique,6.967,42.68,214981
Comores,1966,Afrique,7.001,43.15,218670
Comores,1967,Afrique,7.02,43.59,223869
Comores,1968,Afrique,7.051,44.1,230258
Comores,1969,Afrique,7.073,44.64,237008
Comores,1970,Afrique,7.099,45.23,244196
Comores,1971,Afrique,7.116,45.85,251878
Comores,1972,Afrique,7.142,46.46,260085
Comores,1973,Afrique,7.165,47.05,268827
Comores,1974,Afrique,7.163,47.61,278084
Comores,1975,Afrique,7.162,46.87,287702
Comores,1976,Afrique,7.159,48.65,297547
Comores,1977,Afrique,7.15,49.17,307588
Comores,1978,Afrique,7.155,49.7,317695
Comores,1979,Afrique,7.162,50.13,327805
Comores,1980,Afrique,7.154,50.68,337728
Comores,1981,Afrique,7.143,51.21,347393
Comores,1982,Afrique,7.134,51.75,357150
Comores,1983,Afrique,7.11,52.12,367241
Comores,1984,Afrique,7.072,52.78,377644
Comores,1985,Afrique,7.021,53.26,388357
Comores,1986,Afrique,6.953,53.76,399328
Comores,1987,Afrique,6.87,54.13,410445
Comores,1988,Afrique,6.764,54.68,421697
Comores,1989,Afrique,6.646,54.98,433110
Comores,1990,Afrique,6.505,55.62,444601
Comores,1991,Afrique,6.354,56.1,455563
Comores,1992,Afrique,6.186,56.58,465118
Comores,1993,Afrique,6.022,57.03,473681
Comores,1994,Afrique,5.864,57.46,482148
Comores,1995,Afrique,5.73,57.83,490594
Comores,1996,Afrique,5.627,58.15,499113
Comores,1997,Afrique,5.513,58.23,507779
Comores,1998,Afrique,5.392,58.3,516606
Comores,1999,Afrique,5.28,58.85,525894
Comores,2000,Afrique,5.227,58.94,536084
Comores,2001,Afrique,5.195,59.59,547221
Comores,2002,Afrique,5.155,59.72,558927
Comores,2003,Afrique,5.115,60.24,569808
Comores,2004,Afrique,5.065,60.56,580711
Comores,2005,Afrique,5.012,60.88,592679
Comores,2006,Afrique,4.934,61.23,604752
Comores,2007,Afrique,4.859,61.48,616935
Comores,2008,Afrique,4.805,61.95,629314
Comores,2009,Afrique,4.778,62.3,641949
Comores,2010,Afrique,4.755,62.75,654846
Comores,2011,Afrique,4.722,63.1,668064
Comores,2012,Afrique,4.652,63.46,681637
Comores,2013,Afrique,4.572,63.84,696203
Comores,2014,Afrique,4.489,64.14,711512
Comores,2015,Afrique,4.42,64.47,726685
Comores,2016,Afrique,4.348,64.79,741745
Comores,2017,Afrique,4.278,65.13,756672
Comores,2018,Afrique,4.208,65.4,771597
Comores,2019,Afrique,4.138,65.66,786582
Comores,2020,Afrique,4.071,65.76,802172
Comores,2021,Afrique,3.999,65.2,818178
Comores,2022,Afrique,3.935,66.48,834191
Comores,2023,Afrique,3.878,66.78,850390
Comores,2024,Afrique,3.82,67.02,866632
Comores,2025,Afrique,3.763,67.25,882851
Cap-Vert,1950,Afrique,6.497,44.94,184986
Cap-Vert,1951,Afrique,6.513,45.55,187208
Cap-Vert,1952,Afrique,6.546,46.15,189445
Cap-Vert,1953,Afrique,6.582,46.4,191560
Cap-Vert,1954,Afrique,6.621,46.63,193557
Cap-Vert,1955,Afrique,6.662,46.85,195622
Cap-Vert,1956,Afrique,6.706,47.09,197856
Cap-Vert,1957,Afrique,6.751,47.38,200300
Cap-Vert,1958,Afrique,6.797,47.71,203100
Cap-Vert,1959,Afrique,6.842,48.15,206367
Cap-Vert,1960,Afrique,6.885,48.71,210034
Cap-Vert,1961,Afrique,6.922,49.42,215095
Cap-Vert,1962,Afrique,6.953,50.24,221930
Cap-Vert,1963,Afrique,6.976,51.15,229386
Cap-Vert,1964,Afrique,6.989,52.09,237017
Cap-Vert,1965,Afrique,6.993,53.04,244868
Cap-Vert,1966,Afrique,6.99,53.92,252989
Cap-Vert,1967,Afrique,6.982,54.72,261409
Cap-Vert,1968,Afrique,6.97,55.43,270172
Cap-Vert,1969,Afrique,6.954,56.04,279254
Cap-Vert,1970,Afrique,6.935,56.56,287895
Cap-Vert,1971,Afrique,6.913,57.03,294052
Cap-Vert,1972,Afrique,6.887,57.49,297388
Cap-Vert,1973,Afrique,6.855,57.98,299890
Cap-Vert,1974,Afrique,6.818,58.43,302578
Cap-Vert,1975,Afrique,6.771,58.98,305853
Cap-Vert,1976,Afrique,6.714,59.4,309462
Cap-Vert,1977,Afrique,6.645,59.99,312843
Cap-Vert,1978,Afrique,6.564,60.38,316163
Cap-Vert,1979,Afrique,6.473,60.73,319485
Cap-Vert,1980,Afrique,6.375,61.03,323310
Cap-Vert,1981,Afrique,6.273,61.3,327859
Cap-Vert,1982,Afrique,6.17,61.52,332729
Cap-Vert,1983,Afrique,6.068,61.77,337661
Cap-Vert,1984,Afrique,5.97,61.83,342511
Cap-Vert,1985,Afrique,5.921,62.28,347370
Cap-Vert,1986,Afrique,5.81,62.58,352321
Cap-Vert,1987,Afrique,5.681,62.91,357308
Cap-Vert,1988,Afrique,5.552,63.24,362339
Cap-Vert,1989,Afrique,5.452,63.57,367820
Cap-Vert,1990,Afrique,5.36,63.87,375437
Cap-Vert,1991,Afrique,5.262,64.07,384603
Cap-Vert,1992,Afrique,5.123,64.25,393426
Cap-Vert,1993,Afrique,4.953,64.46,401977
Cap-Vert,1994,Afrique,4.723,64.65,410230
Cap-Vert,1995,Afrique,4.494,63.69,418116
Cap-Vert,1996,Afrique,4.257,65.52,425592
Cap-Vert,1997,Afrique,4.052,66.08,432803
Cap-Vert,1998,Afrique,3.898,66.71,439789
Cap-Vert,1999,Afrique,3.727,67.41,446528
Cap-Vert,2000,Afrique,3.545,68.12,453335
Cap-Vert,2001,Afrique,3.366,68.71,460300
Cap-Vert,2002,Afrique,3.192,69.45,467056
Cap-Vert,2003,Afrique,3.033,70.01,473384
Cap-Vert,2004,Afrique,2.9,70.5,479377
Cap-Vert,2005,Afrique,2.726,70.94,485128
Cap-Vert,2006,Afrique,2.555,71.34,490728
Cap-Vert,2007,Afrique,2.409,71.49,496196
Cap-Vert,2008,Afrique,2.298,71.89,501362
Cap-Vert,2009,Afrique,2.246,72.14,506148
Cap-Vert,2010,Afrique,2.329,72.51,509793
Cap-Vert,2011,Afrique,2.329,72.91,511453
Cap-Vert,2012,Afrique,2.153,73.31,511966
Cap-Vert,2013,Afrique,2.067,73.48,512231
Cap-Vert,2014,Afrique,2.031,73.79,512334
Cap-Vert,2015,Afrique,1.968,74.1,512405
Cap-Vert,2016,Afrique,1.966,74.35,512556
Cap-Vert,2017,Afrique,1.93,74.71,512899
Cap-Vert,2018,Afrique,1.804,74.84,513418
Cap-Vert,2019,Afrique,1.698,75.45,514116
Cap-Vert,2020,Afrique,1.591,73.82,514683
Cap-Vert,2021,Afrique,1.554,74.42,516655
Cap-Vert,2022,Afrique,1.533,75.91,519750
Cap-Vert,2023,Afrique,1.522,76.06,522335
Cap-Vert,2024,Afrique,1.499,76.22,524878
Cap-Vert,2025,Afrique,1.477,76.4,527333
Costa Rica,1950,Amériques,6.317,57.46,926761
Costa Rica,1951,Amériques,6.393,57.82,958418
Costa Rica,1952,Amériques,6.455,58.11,991800
Costa Rica,1953,Amériques,6.508,59.06,1027010
Costa Rica,1954,Amériques,6.54,59.85,1064117
Costa Rica,1955,Amériques,6.571,60.45,1103056
Costa Rica,1956,Amériques,6.601,61.2,1143854
Costa Rica,1957,Amériques,6.662,61.58,1186638
Costa Rica,1958,Amériques,6.712,62.26,1231561
Costa Rica,1959,Amériques,6.731,62.91,1278593
Costa Rica,1960,Amériques,6.712,63.46,1327501
Costa Rica,1961,Amériques,6.651,63.86,1377918
Costa Rica,1962,Amériques,6.543,64.23,1429445
Costa Rica,1963,Amériques,6.389,64.33,1481605
Costa Rica,1964,Amériques,6.193,64.49,1533966
Costa Rica,1965,Amériques,5.96,64.76,1586214
Costa Rica,1966,Amériques,5.697,65.1,1638119
Costa Rica,1967,Amériques,5.416,65.55,1689534
Costa Rica,1968,Amériques,5.028,65.78,1739734
Costa Rica,1969,Amériques,4.835,66.36,1789281
Costa Rica,1970,Amériques,4.585,66.79,1838946
Costa Rica,1971,Amériques,4.362,67.41,1888548
Costa Rica,1972,Amériques,4.158,68.01,1938261
Costa Rica,1973,Amériques,3.991,68.73,1988348
Costa Rica,1974,Amériques,3.893,69.45,2039649
Costa Rica,1975,Amériques,3.804,70.25,2092716
Costa Rica,1976,Amériques,3.747,70.95,2147772
Costa Rica,1977,Amériques,3.701,71.52,2205035
Costa Rica,1978,Amériques,3.662,72.03,2264516
Costa Rica,1979,Amériques,3.651,72.54,2326490
Costa Rica,1980,Amériques,3.583,73.03,2390641
Costa Rica,1981,Amériques,3.556,73.44,2456643
Costa Rica,1982,Amériques,3.54,73.86,2524811
Costa Rica,1983,Amériques,3.525,74.25,2595155
Costa Rica,1984,Amériques,3.519,74.58,2667597
Costa Rica,1985,Amériques,3.511,74.77,2741903
Costa Rica,1986,Amériques,3.454,74.95,2817219
Costa Rica,1987,Amériques,3.384,75.22,2892698
Costa Rica,1988,Amériques,3.314,75.55,2968102
Costa Rica,1989,Amériques,3.238,75.85,3043826
Costa Rica,1990,Amériques,3.167,76.09,3121707
Costa Rica,1991,Amériques,3.075,76.24,3202182
Costa Rica,1992,Amériques,3.001,76.39,3284261
Costa Rica,1993,Amériques,2.928,76.31,3367436
Costa Rica,1994,Amériques,2.857,76.33,3451122
Costa Rica,1995,Amériques,2.779,76.44,3535179
Costa Rica,1996,Amériques,2.681,76.43,3619012
Costa Rica,1997,Amériques,2.589,76.6,3701713
Costa Rica,1998,Amériques,2.527,76.87,3782840
Costa Rica,1999,Amériques,2.481,77.06,3862103
Costa Rica,2000,Amériques,2.413,77.32,3937737
Costa Rica,2001,Amériques,2.312,77.61,4008951
Costa Rica,2002,Amériques,2.162,77.94,4075710
Costa Rica,2003,Amériques,2.084,78.21,4138791
Costa Rica,2004,Amériques,2.028,78.51,4200079
Costa Rica,2005,Amériques,2.038,78.88,4261240
Costa Rica,2006,Amériques,1.937,79.05,4321337
Costa Rica,2007,Amériques,1.954,79.1,4380250
Costa Rica,2008,Amériques,1.98,79.18,4440058
Costa Rica,2009,Amériques,1.953,79.37,4499788
Costa Rica,2010,Amériques,1.827,79.35,4555965
Costa Rica,2011,Amériques,1.877,79.62,4609834
Costa Rica,2012,Amériques,1.851,79.92,4663930
Costa Rica,2013,Amériques,1.779,80.19,4716153
Costa Rica,2014,Amériques,1.8,80.23,4767126
Costa Rica,2015,Amériques,1.797,80.41,4818045
Costa Rica,2016,Amériques,1.746,79.99,4867003
Costa Rica,2017,Amériques,1.714,79.99,4913177
Costa Rica,2018,Amériques,1.706,80.09,4957813
Costa Rica,2019,Amériques,1.6,80.3,4999549
Costa Rica,2020,Amériques,1.448,79.72,5034323
Costa Rica,2021,Amériques,1.353,78.05,5059991
Costa Rica,2022,Amériques,1.335,79.32,5081764
Costa Rica,2023,Amériques,1.33,80.8,5105526
Costa Rica,2024,Amériques,1.31,81.0,5129909
Costa Rica,2025,Amériques,1.29,81.19,5152949
Cuba,1950,Amériques,4.032,58.99,5924519
Cuba,1951,Amériques,3.947,59.41,6042205
Cuba,1952,Amériques,3.931,59.83,6162183
Cuba,1953,Amériques,3.924,60.24,6285749
Cuba,1954,Amériques,3.917,60.69,6412849
Cuba,1955,Amériques,3.902,61.15,6543104
Cuba,1956,Amériques,3.893,61.48,6676062
Cuba,1957,Amériques,3.886,61.9,6811726
Cuba,1958,Amériques,3.9,62.32,6950291
Cuba,1959,Amériques,4.0,62.83,7092337
Cuba,1960,Amériques,4.129,63.32,7238083
Cuba,1961,Amériques,4.265,63.74,7387120
Cuba,1962,Amériques,4.421,64.37,7541103
Cuba,1963,Amériques,4.559,64.35,7701665
Cuba,1964,Amériques,4.528,65.26,7866016
Cuba,1965,Amériques,4.504,65.64,8030806
Cuba,1966,Amériques,4.398,66.07,8193453
Cuba,1967,Amériques,4.294,66.51,8352627
Cuba,1968,Amériques,4.194,66.94,8509522
Cuba,1969,Amériques,4.124,67.36,8666638
Cuba,1970,Amériques,3.981,67.94,8824389
Cuba,1971,Amériques,3.799,68.43,8979089
Cuba,1972,Amériques,3.612,68.95,9123895
Cuba,1973,Amériques,3.402,69.35,9255332
Cuba,1974,Amériques,3.164,69.87,9374184
Cuba,1975,Amériques,2.824,70.38,9479729
Cuba,1976,Amériques,2.506,70.88,9571240
Cuba,1977,Amériques,2.209,71.41,9648443
Cuba,1978,Amériques,1.884,71.89,9711985
Cuba,1979,Amériques,1.771,72.27,9763358
Cuba,1980,Amériques,1.637,72.6,9804798
Cuba,1981,Amériques,1.591,73.0,9849325
Cuba,1982,Amériques,1.776,73.44,9912681
Cuba,1983,Amériques,1.801,73.56,9991027
Cuba,1984,Amériques,1.774,73.55,10073306
Cuba,1985,Amériques,1.772,73.46,10157229
Cuba,1986,Amériques,1.779,73.56,10244250
Cuba,1987,Amériques,1.8,73.6,10335337
Cuba,1988,Amériques,1.853,73.72,10432590
Cuba,1989,Amériques,1.832,73.69,10533249
Cuba,1990,Amériques,1.806,73.82,10631796
Cuba,1991,Amériques,1.663,73.76,10717640
Cuba,1992,Amériques,1.562,73.85,10785807
Cuba,1993,Amériques,1.489,73.87,10841040
Cuba,1994,Amériques,1.467,74.09,10886022
Cuba,1995,Amériques,1.481,74.35,10925362
Cuba,1996,Amériques,1.457,74.69,10962009
Cuba,1997,Amériques,1.59,75.06,10997933
Cuba,1998,Amériques,1.617,75.41,11034716
Cuba,1999,Amériques,1.64,75.72,11072230
Cuba,2000,Amériques,1.608,75.92,11109112
Cuba,2001,Amériques,1.595,76.43,11144134
Cuba,2002,Amériques,1.645,76.77,11177422
Cuba,2003,Amériques,1.627,77.41,11209379
Cuba,2004,Amériques,1.546,77.33,11238756
Cuba,2005,Amériques,1.486,77.54,11262553
Cuba,2006,Amériques,1.402,77.41,11278550
Cuba,2007,Amériques,1.436,77.55,11287274
Cuba,2008,Amériques,1.576,77.59,11291764
Cuba,2009,Amériques,1.678,77.58,11294719
Cuba,2010,Amériques,1.673,77.88,11297414
Cuba,2011,Amériques,1.734,78.05,11301578
Cuba,2012,Amériques,1.668,78.16,11303172
Cuba,2013,Amériques,1.678,78.03,11298163
Cuba,2014,Amériques,1.655,77.83,11285780
Cuba,2015,Amériques,1.685,77.75,11275069
Cuba,2016,Amériques,1.6,77.57,11265615
Cuba,2017,Amériques,1.585,77.3,11247824
Cuba,2018,Amériques,1.607,77.43,11227116
Cuba,2019,Amériques,1.54,77.41,11202847
Cuba,2020,Amériques,1.489,77.41,11176349
Cuba,2021,Amériques,1.427,73.2,11122169
Cuba,2022,Amériques,1.412,77.63,11059822
Cuba,2023,Amériques,1.439,78.08,11019932
Cuba,2024,Amériques,1.417,78.26,10979781
Cuba,2025,Amériques,1.396,78.45,10937203
Chypre,1950,Europe,3.871,55.83,493883
Chypre,1951,Europe,3.801,56.76,501062
Chypre,1952,Europe,3.467,57.68,508693
Chypre,1953,Europe,3.465,58.37,516733
Chypre,1954,Europe,3.506,59.28,525118
Chypre,1955,Europe,3.441,59.74,533874
Chypre,1956,Europe,3.387,60.39,543081
Chypre,1957,Europe,3.386,60.99,552831
Chypre,1958,Europe,3.378,61.64,563291
Chypre,1959,Europe,3.402,62.31,574569
Chypre,1960,Europe,3.393,63.32,586493
Chypre,1961,Europe,3.619,64.08,595522
Chypre,1962,Europe,3.51,64.72,601471
Chypre,1963,Europe,3.494,61.78,607254
Chypre,1964,Europe,3.409,62.24,612531
Chypre,1965,Europe,3.47,66.12,617743
Chypre,1966,Europe,3.395,66.49,623394
Chypre,1967,Europe,3.324,66.91,629255
Chypre,1968,Europe,3.267,67.25,635164
Chypre,1969,Europe,3.188,67.6,641196
Chypre,1970,Europe,3.065,68.05,647443
Chypre,1971,Europe,3.036,68.35,654058
Chypre,1972,Europe,2.988,68.63,661067
Chypre,1973,Europe,2.403,69.0,665946
Chypre,1974,Europe,2.28,54.55,663265
Chypre,1975,Europe,2.107,70.34,659408
Chypre,1976,Europe,2.327,70.81,662045
Chypre,1977,Europe,2.089,71.26,667104
Chypre,1978,Europe,2.079,71.74,672259
Chypre,1979,Europe,2.136,72.18,677552
Chypre,1980,Europe,2.298,72.84,683082
Chypre,1981,Europe,2.154,73.05,688895
Chypre,1982,Europe,2.487,73.52,696503
Chypre,1983,Europe,2.493,73.71,707224
Chypre,1984,Europe,2.512,74.0,719345
Chypre,1985,Europe,2.432,74.64,731290
Chypre,1986,Europe,2.452,74.93,743116
Chypre,1987,Europe,2.388,75.26,754796
Chypre,1988,Europe,2.47,75.39,766238
Chypre,1989,Europe,2.369,75.84,777429
Chypre,1990,Europe,2.402,76.04,788355
Chypre,1991,Europe,2.34,76.25,798950
Chypre,1992,Europe,2.459,76.29,810344
Chypre,1993,Europe,2.247,76.29,826042
Chypre,1994,Europe,2.163,76.38,844669
Chypre,1995,Europe,2.032,76.58,862698
Chypre,1996,Europe,1.953,76.88,880295
Chypre,1997,Europe,1.86,77.12,897574
Chypre,1998,Europe,1.761,77.16,914552
Chypre,1999,Europe,1.672,77.57,931235
Chypre,2000,Europe,1.638,77.9,947667
Chypre,2001,Europe,1.566,78.19,964129
Chypre,2002,Europe,1.497,78.76,981443
Chypre,2003,Europe,1.505,78.91,999600
Chypre,2004,Europe,1.512,79.01,1017875
Chypre,2005,Europe,1.479,79.2,1036156
Chypre,2006,Europe,1.509,79.46,1054424
Chypre,2007,Europe,1.449,79.8,1072727
Chypre,2008,Europe,1.479,79.91,1091029
Chypre,2009,Europe,1.475,80.38,1109377
Chypre,2010,Europe,1.434,80.63,1127826
Chypre,2011,Europe,1.36,80.86,1146493
Chypre,2012,Europe,1.382,81.13,1165403
Chypre,2013,Europe,1.304,81.32,1183899
Chypre,2014,Europe,1.312,81.34,1201806
Chypre,2015,Europe,1.323,81.46,1219504
Chypre,2016,Europe,1.357,81.53,1237114
Chypre,2017,Europe,1.323,81.54,1254274
Chypre,2018,Europe,1.319,81.56,1270743
Chypre,2019,Europe,1.33,81.45,1286669
Chypre,2020,Europe,1.361,81.23,1302250
Chypre,2021,Europe,1.392,80.57,1317311
Chypre,2022,Europe,1.393,80.43,1331376
Chypre,2023,Europe,1.389,81.65,1344981
Chypre,2024,Europe,1.398,81.82,1358287
Chypre,2025,Europe,1.407,81.99,1370754
Tchéquie,1993,Europe,1.652,72.85,10320404
Tchéquie,1994,Europe,1.436,73.08,10322332
Tchéquie,1995,Europe,1.275,73.18,10312041
Tchéquie,1996,Europe,1.185,73.83,10296140
Tchéquie,1997,Europe,1.171,73.95,10280049
Tchéquie,1998,Europe,1.156,74.55,10265430
Tchéquie,1999,Europe,1.136,74.74,10251385
Tchéquie,2000,Europe,1.146,74.98,10236809
Tchéquie,2001,Europe,1.146,75.31,10231942
Tchéquie,2002,Europe,1.167,75.44,10239474
Tchéquie,2003,Europe,1.176,75.4,10248907
Tchéquie,2004,Europe,1.225,75.94,10261453
Tchéquie,2005,Europe,1.281,76.16,10280155
Tchéquie,2006,Europe,1.333,76.71,10304592
Tchéquie,2007,Europe,1.441,76.92,10337539
Tchéquie,2008,Europe,1.508,77.17,10378298
Tchéquie,2009,Europe,1.51,77.26,10420985
Tchéquie,2010,Europe,1.509,77.57,10464035
Tchéquie,2011,Europe,1.427,77.81,10495508
Tchéquie,2012,Europe,1.447,78.0,10507339
Tchéquie,2013,Europe,1.455,78.17,10511164
Tchéquie,2014,Europe,1.526,78.74,10517223
Tchéquie,2015,Europe,1.589,78.56,10524418
Tchéquie,2016,Europe,1.652,78.97,10531946
Tchéquie,2017,Europe,1.715,78.93,10541343
Tchéquie,2018,Europe,1.744,78.96,10548934
Tchéquie,2019,Europe,1.753,79.19,10554872
Tchéquie,2020,Europe,1.763,78.24,10550129
Tchéquie,2021,Europe,1.823,77.23,10530683
Tchéquie,2022,Europe,1.618,79.17,10673216
Tchéquie,2023,Europe,1.448,79.83,10809722
Tchéquie,2024,Europe,1.44,79.97,10735857
Tchéquie,2025,Europe,1.431,80.11,10609241
Allemagne,1991,Europe,1.344,75.56,80303190
Allemagne,1992,Europe,1.305,76.0,80934901
Allemagne,1993,Europe,1.288,76.08,81486771
Allemagne,1994,Europe,1.254,76.38,81773613
Allemagne,1995,Europe,1.262,76.55,82019890
Allemagne,1996,Europe,1.33,76.78,82263195
Allemagne,1997,Europe,1.377,77.22,82389631
Allemagne,1998,Europe,1.364,77.58,82011933
Allemagne,1999,Europe,1.37,77.8,81678279
Allemagne,2000,Europe,1.386,78.06,81797255
Allemagne,2001,Europe,1.354,78.4,81933882
Allemagne,2002,Europe,1.344,78.47,82068328
Allemagne,2003,Europe,1.343,78.54,82111619
Allemagne,2004,Europe,1.361,79.12,82092706
Allemagne,2005,Europe,1.344,79.25,82046733
Allemagne,2006,Europe,1.339,79.59,81701971
Allemagne,2007,Europe,1.378,79.73,81298546
Allemagne,2008,Europe,1.387,79.82,81110780
Allemagne,2009,Europe,1.367,79.92,80935276
Allemagne,2010,Europe,1.4,80.08,80830916
Allemagne,2011,Europe,1.385,80.36,80857877
Allemagne,2012,Europe,1.405,80.5,80916391
Allemagne,2013,Europe,1.415,80.45,81041581
Allemagne,2014,Europe,1.469,80.91,81376078
Allemagne,2015,Europe,1.501,80.57,82077546
Allemagne,2016,Europe,1.591,80.84,82760102
Allemagne,2017,Europe,1.57,80.94,83104010
Allemagne,2018,Europe,1.566,80.88,83368507
Allemagne,2019,Europe,1.541,81.19,83559184
Allemagne,2020,Europe,1.531,81.0,83628711
Allemagne,2021,Europe,1.577,81.11,83697080
Allemagne,2022,Europe,1.46,80.58,84086227
Allemagne,2023,Europe,1.441,81.38,84548233
Allemagne,2024,Europe,1.438,81.54,84552234
Allemagne,2025,Europe,1.435,81.71,84075075
Djibouti,1950,Afrique,6.821,40.73,62349
Djibouti,1951,Afrique,6.813,41.04,64326
Djibouti,1952,Afrique,6.811,41.23,66371
Djibouti,1953,Afrique,6.819,41.48,68501
Djibouti,1954,Afrique,6.823,41.77,70723
Djibouti,1955,Afrique,6.824,42.04,73023
Djibouti,1956,Afrique,6.825,42.29,75403
Djibouti,1957,Afrique,6.82,42.57,77884
Djibouti,1958,Afrique,6.831,42.77,80457
Djibouti,1959,Afrique,6.83,43.08,83102
Djibouti,1960,Afrique,6.847,43.42,86040
Djibouti,1961,Afrique,6.848,43.78,89407
Djibouti,1962,Afrique,6.854,44.09,93305
Djibouti,1963,Afrique,6.86,44.44,97887
Djibouti,1964,Afrique,6.872,44.81,103214
Djibouti,1965,Afrique,6.864,45.23,109108
Djibouti,1966,Afrique,6.875,45.62,115284
Djibouti,1967,Afrique,6.87,46.1,121659
Djibouti,1968,Afrique,6.876,46.55,128264
Djibouti,1969,Afrique,6.878,47.07,136090
Djibouti,1970,Afrique,6.879,47.54,145188
Djibouti,1971,Afrique,6.882,47.26,155152
Djibouti,1972,Afrique,6.851,48.53,166268
Djibouti,1973,Afrique,6.817,49.1,178460
Djibouti,1974,Afrique,6.78,49.52,192622
Djibouti,1975,Afrique,6.737,49.92,209922
Djibouti,1976,Afrique,6.691,50.34,230747
Djibouti,1977,Afrique,6.64,50.76,254629
Djibouti,1978,Afrique,6.586,51.17,280042
Djibouti,1979,Afrique,6.523,51.6,304525
Djibouti,1980,Afrique,6.46,52.05,325822
Djibouti,1981,Afrique,6.397,52.35,343056
Djibouti,1982,Afrique,6.342,52.89,356887
Djibouti,1983,Afrique,6.298,53.33,369558
Djibouti,1984,Afrique,6.247,53.74,384072
Djibouti,1985,Afrique,6.192,54.08,402691
Djibouti,1986,Afrique,6.139,54.49,426345
Djibouti,1987,Afrique,6.086,54.83,454409
Djibouti,1988,Afrique,6.03,55.13,484531
Djibouti,1989,Afrique,5.973,55.37,523362
Djibouti,1990,Afrique,5.931,55.47,579544
Djibouti,1991,Afrique,5.856,55.19,631096
Djibouti,1992,Afrique,5.751,54.38,626016
Djibouti,1993,Afrique,5.638,55.73,614247
Djibouti,1994,Afrique,5.507,55.59,626717
Djibouti,1995,Afrique,5.331,56.23,633075
Djibouti,1996,Afrique,5.149,56.33,648354
Djibouti,1997,Afrique,4.966,56.21,671826
Djibouti,1998,Afrique,4.795,56.43,699355
Djibouti,1999,Afrique,4.687,56.56,724228
Djibouti,2000,Afrique,4.601,56.73,747326
Djibouti,2001,Afrique,4.518,57.51,771311
Djibouti,2002,Afrique,4.41,57.82,795576
Djibouti,2003,Afrique,4.296,58.04,813528
Djibouti,2004,Afrique,4.162,58.1,826133
Djibouti,2005,Afrique,4.035,58.55,839174
Djibouti,2006,Afrique,3.899,58.96,855767
Djibouti,2007,Afrique,3.756,59.36,874530
Djibouti,2008,Afrique,3.621,59.81,892739
Djibouti,2009,Afrique,3.521,60.35,911524
Djibouti,2010,Afrique,3.431,60.74,930252
Djibouti,2011,Afrique,3.341,61.34,948565
Djibouti,2012,Afrique,3.255,61.72,966754
Djibouti,2013,Afrique,3.187,62.12,984833
Djibouti,2014,Afrique,3.116,62.43,1002720
Djibouti,2015,Afrique,3.041,62.83,1020316
Djibouti,2016,Afrique,2.969,63.34,1037660
Djibouti,2017,Afrique,2.916,63.71,1054844
Djibouti,2018,Afrique,2.858,64.11,1071886
Djibouti,2019,Afrique,2.798,64.38,1088710
Djibouti,2020,Afrique,2.745,64.2,1105193
Djibouti,2021,Afrique,2.699,63.83,1121251
Djibouti,2022,Afrique,2.653,65.54,1137101
Djibouti,2023,Afrique,2.609,65.99,1152951
Djibouti,2024,Afrique,2.57,66.2,1168726
Djibouti,2025,Afrique,2.531,66.41,1184082
Dominique,1950,Amériques,5.236,44.49,50219
Dominique,1951,Amériques,5.37,46.32,50464
Dominique,1952,Amériques,5.504,48.16,50862
Dominique,1953,Amériques,5.64,49.99,51401
Dominique,1954,Amériques,5.774,51.67,52103
Dominique,1955,Amériques,5.907,53.41,52974
Dominique,1956,Amériques,6.025,55.04,54006
Dominique,1957,Amériques,6.118,56.54,55216
Dominique,1958,Amériques,6.168,57.91,56606
Dominique,1959,Amériques,6.183,59.12,58123
Dominique,1960,Amériques,6.178,60.08,59386
Dominique,1961,Amériques,6.156,61.02,60230
Dominique,1962,Amériques,6.122,61.89,60969
Dominique,1963,Amériques,6.084,62.61,61759
Dominique,1964,Amériques,6.027,63.28,62602
Dominique,1965,Amériques,5.952,63.91,63522
Dominique,1966,Amériques,5.856,64.46,64522
Dominique,1967,Amériques,5.737,64.86,65598
Dominique,1968,Amériques,5.587,65.28,66751
Dominique,1969,Amériques,5.412,65.7,67956
Dominique,1970,Amériques,5.215,66.21,68927
Dominique,1971,Amériques,4.985,66.76,69548
Dominique,1972,Amériques,4.671,67.47,70072
Dominique,1973,Amériques,4.275,68.1,70603
Dominique,1974,Amériques,3.842,68.58,71106
Dominique,1975,Amériques,3.461,69.06,71589
Dominique,1976,Amériques,3.191,69.41,72036
Dominique,1977,Amériques,3.02,69.72,72424
Dominique,1978,Amériques,2.955,70.11,72741
Dominique,1979,Amériques,2.96,69.19,72978
Dominique,1980,Amériques,3.035,71.01,73102
Dominique,1981,Amériques,3.114,71.46,73004
Dominique,1982,Amériques,3.166,71.75,72704
Dominique,1983,Amériques,3.178,72.0,72385
Dominique,1984,Amériques,3.151,71.91,72075
Dominique,1985,Amériques,3.116,71.92,71768
Dominique,1986,Amériques,3.084,71.67,71426
Dominique,1987,Amériques,3.063,71.37,71044
Dominique,1988,Amériques,3.056,70.97,70628
Dominique,1989,Amériques,3.059,70.66,70171
Dominique,1990,Amériques,3.092,70.47,69644
Dominique,1991,Amériques,3.145,70.4,69321
Dominique,1992,Amériques,3.177,70.47,69344
Dominique,1993,Amériques,3.201,70.61,69453
Dominique,1994,Amériques,2.964,70.78,69493
Dominique,1995,Amériques,2.708,70.83,69490
Dominique,1996,Amériques,2.546,71.04,69422
Dominique,1997,Amériques,2.406,71.19,69315
Dominique,1998,Amériques,2.315,71.35,69144
Dominique,1999,Amériques,2.458,71.53,68883
Dominique,2000,Amériques,2.346,71.72,68527
Dominique,2001,Amériques,2.399,71.86,68299
Dominique,2002,Amériques,2.16,71.93,68385
Dominique,2003,Amériques,2.075,71.94,68552
Dominique,2004,Amériques,2.023,71.99,68664
Dominique,2005,Amériques,1.998,72.02,68750
Dominique,2006,Amériques,2.074,72.01,68823
Dominique,2007,Amériques,2.022,71.9,68862
Dominique,2008,Amériques,1.968,71.94,68866
Dominique,2009,Amériques,1.918,71.83,68879
Dominique,2010,Amériques,1.887,71.68,68872
Dominique,2011,Amériques,1.861,71.52,69073
Dominique,2012,Amériques,1.827,71.39,69138
Dominique,2013,Amériques,1.778,71.23,69733
Dominique,2014,Amériques,1.713,71.19,70387
Dominique,2015,Amériques,1.648,69.97,70429
Dominique,2016,Amériques,1.581,71.19,69627
Dominique,2017,Amériques,1.54,68.62,68514
Dominique,2018,Amériques,1.517,71.38,68195
Dominique,2019,Amériques,1.504,71.31,67901
Dominique,2020,Amériques,1.495,71.27,67588
Dominique,2021,Amériques,1.484,69.83,67222
Dominique,2022,Amériques,1.482,71.08,66847
Dominique,2023,Amériques,1.484,71.13,66531
Dominique,2024,Amériques,1.462,71.29,66226
Dominique,2025,Amériques,1.44,71.45,65892
Danemark,1950,Europe,2.572,70.31,4268408
Danemark,1951,Europe,2.508,70.92,4300262
Danemark,1952,Europe,2.539,70.76,4332237
Danemark,1953,Europe,2.598,71.17,4369107
Danemark,1954,Europe,2.561,71.34,4406404
Danemark,1955,Europe,2.589,71.91,4438843
Danemark,1956,Europe,2.6,72.04,4466342
Danemark,1957,Europe,2.556,71.81,4489659
Danemark,1958,Europe,2.528,72.24,4516072
Danemark,1959,Europe,2.493,72.22,4548480
Danemark,1960,Europe,2.561,72.2,4579347
Danemark,1961,Europe,2.547,72.45,4611358
Danemark,1962,Europe,2.549,72.35,4647466
Danemark,1963,Europe,2.655,72.42,4684268
Danemark,1964,Europe,2.601,72.51,4721889
Danemark,1965,Europe,2.608,72.39,4758837
Danemark,1966,Europe,2.607,72.47,4797199
Danemark,1967,Europe,2.351,72.95,4835223
Danemark,1968,Europe,2.119,73.15,4864801
Danemark,1969,Europe,1.998,73.25,4891798
Danemark,1970,Europe,1.956,73.36,4928674
Danemark,1971,Europe,2.038,73.43,4963064
Danemark,1972,Europe,2.026,73.47,4991569
Danemark,1973,Europe,1.921,73.69,5021765
Danemark,1974,Europe,1.898,73.82,5045639
Danemark,1975,Europe,1.908,74.1,5060403
Danemark,1976,Europe,1.75,73.77,5072803
Danemark,1977,Europe,1.663,74.66,5088571
Danemark,1978,Europe,1.661,74.43,5104341
Danemark,1979,Europe,1.601,74.24,5116862
Danemark,1980,Europe,1.54,74.13,5123079
Danemark,1981,Europe,1.44,74.25,5121628
Danemark,1982,Europe,1.42,74.6,5117897
Danemark,1983,Europe,1.378,74.46,5114468
Danemark,1984,Europe,1.398,74.62,5111831
Danemark,1985,Europe,1.443,74.48,5113878
Danemark,1986,Europe,1.476,74.64,5120691
Danemark,1987,Europe,1.497,74.75,5127134
Danemark,1988,Europe,1.558,74.84,5129650
Danemark,1989,Europe,1.617,74.86,5132717
Danemark,1990,Europe,1.664,74.86,5141024
Danemark,1991,Europe,1.685,75.23,5154346
Danemark,1992,Europe,1.755,75.27,5171372
Danemark,1993,Europe,1.75,75.19,5188638
Danemark,1994,Europe,1.801,75.44,5206188
Danemark,1995,Europe,1.801,75.29,5233364
Danemark,1996,Europe,1.751,75.66,5263071
Danemark,1997,Europe,1.749,76.04,5285041
Danemark,1998,Europe,1.723,76.44,5304263
Danemark,1999,Europe,1.734,76.58,5321814
Danemark,2000,Europe,1.765,76.81,5339659
Danemark,2001,Europe,1.742,76.97,5358825
Danemark,2002,Europe,1.726,77.1,5375967
Danemark,2003,Europe,1.756,77.4,5390621
Danemark,2004,Europe,1.779,77.78,5404594
Danemark,2005,Europe,1.798,78.23,5419550
Danemark,2006,Europe,1.841,78.22,5437425
Danemark,2007,Europe,1.842,78.35,5461604
Danemark,2008,Europe,1.88,78.71,5493762
Danemark,2009,Europe,1.84,78.96,5523169
Danemark,2010,Europe,1.858,79.25,5547865
Danemark,2011,Europe,1.754,79.79,5570848
Danemark,2012,Europe,1.723,80.08,5591911
Danemark,2013,Europe,1.67,80.31,5615333
Danemark,2014,Europe,1.688,80.63,5643795
Danemark,2015,Europe,1.712,80.74,5683698
Danemark,2016,Europe,1.775,80.88,5728196
Danemark,2017,Europe,1.749,81.11,5765164
Danemark,2018,Europe,1.726,80.99,5793824
Danemark,2019,Europe,1.698,81.43,5814618
Danemark,2020,Europe,1.678,81.55,5831529
Danemark,2021,Europe,1.73,81.44,5856774
Danemark,2022,Europe,1.559,81.29,5902901
Danemark,2023,Europe,1.511,81.93,5948134
Danemark,2024,Europe,1.493,82.09,5977417
Danemark,2025,Europe,1.474,82.25,6002515
République dominicaine,1950,Amériques,7.507,44.06,2379896
République dominicaine,1951,Amériques,7.536,44.83,2450150
République dominicaine,1952,Amériques,7.589,45.57,2525056
République dominicaine,1953,Amériques,7.629,46.35,2604818
République dominicaine,1954,Amériques,7.656,47.12,2689101
République dominicaine,1955,Amériques,7.672,47.92,2777636
République dominicaine,1956,Amériques,7.675,48.71,2870034
République dominicaine,1957,Amériques,7.665,49.47,2965778
République dominicaine,1958,Amériques,7.643,50.21,3064350
République dominicaine,1959,Amériques,7.606,50.95,3165304
République dominicaine,1960,Amériques,7.555,51.7,3268341
République dominicaine,1961,Amériques,7.487,52.45,3373237
République dominicaine,1962,Amériques,7.404,53.2,3479940
République dominicaine,1963,Amériques,7.303,53.75,3588293
République dominicaine,1964,Amériques,7.186,54.65,3698563
République dominicaine,1965,Amériques,7.053,52.84,3808965
République dominicaine,1966,Amériques,6.949,55.97,3921849
République dominicaine,1967,Amériques,6.755,56.65,4038932
République dominicaine,1968,Amériques,6.548,57.27,4157191
République dominicaine,1969,Amériques,6.366,57.89,4277039
République dominicaine,1970,Amériques,6.184,58.49,4399294
République dominicaine,1971,Amériques,6.009,59.09,4524238
République dominicaine,1972,Amériques,5.841,59.66,4651892
République dominicaine,1973,Amériques,5.667,60.23,4782235
République dominicaine,1974,Amériques,5.44,60.76,4914198
République dominicaine,1975,Amériques,5.235,61.25,5046783
République dominicaine,1976,Amériques,5.046,61.74,5180404
République dominicaine,1977,Amériques,4.842,62.2,5315446
République dominicaine,1978,Amériques,4.644,62.62,5451891
République dominicaine,1979,Amériques,4.473,62.42,5589694
République dominicaine,1980,Amériques,4.302,63.39,5729043
République dominicaine,1981,Amériques,4.149,63.78,5868459
République dominicaine,1982,Amériques,4.014,64.2,6007115
République dominicaine,1983,Amériques,3.947,64.63,6147244
République dominicaine,1984,Amériques,3.822,65.13,6289048
République dominicaine,1985,Amériques,3.686,65.61,6430404
République dominicaine,1986,Amériques,3.603,66.06,6571213
République dominicaine,1987,Amériques,3.528,66.49,6712519
République dominicaine,1988,Amériques,3.5,66.91,6855737
République dominicaine,1989,Amériques,3.475,67.33,7002300
République dominicaine,1990,Amériques,3.411,67.75,7151165
République dominicaine,1991,Amériques,3.349,68.15,7299849
République dominicaine,1992,Amériques,3.287,68.53,7447476
République dominicaine,1993,Amériques,3.226,68.86,7594567
République dominicaine,1994,Amériques,3.163,69.16,7741694
République dominicaine,1995,Amériques,3.101,69.39,7888120
République dominicaine,1996,Amériques,3.04,69.59,8032895
République dominicaine,1997,Amériques,2.922,69.81,8174081
République dominicaine,1998,Amériques,2.835,69.88,8310369
République dominicaine,1999,Amériques,2.846,70.18,8446207
République dominicaine,2000,Amériques,2.869,70.36,8584196
République dominicaine,2001,Amériques,2.827,70.55,8720287
République dominicaine,2002,Amériques,2.764,70.72,8852231
République dominicaine,2003,Amériques,2.703,70.86,8980626
République dominicaine,2004,Amériques,2.641,70.73,9104889
République dominicaine,2005,Amériques,2.574,71.04,9225035
République dominicaine,2006,Amériques,2.508,71.05,9341187
République dominicaine,2007,Amériques,2.51,71.1,9455663
République dominicaine,2008,Amériques,2.546,71.33,9573135
République dominicaine,2009,Amériques,2.574,71.59,9695270
République dominicaine,2010,Amériques,2.556,72.04,9820180
République dominicaine,2011,Amériques,2.527,72.5,9945623
République dominicaine,2012,Amériques,2.497,72.82,10070409
République dominicaine,2013,Amériques,2.474,73.04,10193838
République dominicaine,2014,Amériques,2.451,73.14,10315523
République dominicaine,2015,Amériques,2.43,72.98,10434826
République dominicaine,2016,Amériques,2.41,72.89,10551430
République dominicaine,2017,Amériques,2.398,73.37,10666846
République dominicaine,2018,Amériques,2.397,73.56,10782048
République dominicaine,2019,Amériques,2.366,73.11,10894043
République dominicaine,2020,Amériques,2.329,72.64,11008298
République dominicaine,2021,Amériques,2.294,71.76,11123480
République dominicaine,2022,Amériques,2.267,74.21,11230734
République dominicaine,2023,Amériques,2.243,73.72,11331269
République dominicaine,2024,Amériques,2.221,73.87,11427558
République dominicaine,2025,Amériques,2.199,73.99,11520483
Algérie,1950,Afrique,7.324,42.68,9018423
Algérie,1951,Afrique,7.307,43.3,9269870
Algérie,1952,Afrique,7.289,43.47,9521212
Algérie,1953,Afrique,7.291,43.6,9772644
Algérie,1954,Afrique,7.311,40.64,10014393
Algérie,1955,Afrique,7.336,40.87,10247429
Algérie,1956,Afrique,7.358,40.91,10482183
Algérie,1957,Afrique,7.386,40.92,10717503
Algérie,1958,Afrique,7.438,40.9,10953641
Algérie,1959,Afrique,7.454,40.88,11189621
Algérie,1960,Afrique,7.503,40.84,11424930
Algérie,1961,Afrique,7.564,40.79,11628877
Algérie,1962,Afrique,7.607,39.53,11800768
Algérie,1963,Afrique,7.649,43.14,11982121
Algérie,1964,Afrique,7.672,42.99,12179807
Algérie,1965,Afrique,7.711,42.85,12365979
Algérie,1966,Afrique,7.71,42.74,12590068
Algérie,1967,Afrique,7.712,42.73,12876115
Algérie,1968,Afrique,7.711,42.81,13172615
Algérie,1969,Afrique,7.709,42.99,13475959
Algérie,1970,Afrique,7.704,43.33,13783722
Algérie,1971,Afrique,7.671,43.78,14098937
Algérie,1972,Afrique,7.634,44.38,14427075
Algérie,1973,Afrique,7.592,45.1,14771150
Algérie,1974,Afrique,7.545,45.95,15133508
Algérie,1975,Afrique,7.485,46.92,15678603
Algérie,1976,Afrique,7.405,48.03,16409171
Algérie,1977,Afrique,7.312,49.25,17015988
Algérie,1978,Afrique,7.211,50.62,17506977
Algérie,1979,Afrique,7.119,52.41,18036655
Algérie,1980,Afrique,6.994,54.51,18607175
Algérie,1981,Afrique,6.845,57.42,19220708
Algérie,1982,Afrique,6.675,59.59,19872353
Algérie,1983,Afrique,6.496,61.25,20558120
Algérie,1984,Afrique,6.283,62.72,21271969
Algérie,1985,Afrique,6.035,64.16,22008542
Algérie,1986,Afrique,5.645,65.27,22745501
Algérie,1987,Afrique,5.298,66.13,23443627
Algérie,1988,Afrique,5.023,66.91,24109538
Algérie,1989,Afrique,4.761,67.46,24754488
Algérie,1990,Afrique,4.509,67.66,25375815
Algérie,1991,Afrique,4.366,67.69,25987937
Algérie,1992,Afrique,4.274,67.72,26628570
Algérie,1993,Afrique,4.076,67.8,27277042
Algérie,1994,Afrique,3.914,67.28,27887277
Algérie,1995,Afrique,3.487,67.69,28470194
Algérie,1996,Afrique,3.139,68.22,29033045
Algérie,1997,Afrique,2.886,68.86,29579299
Algérie,1998,Afrique,2.691,69.33,30054135
Algérie,1999,Afrique,2.62,70.09,30474360
Algérie,2000,Afrique,2.59,70.58,30903894
Algérie,2001,Afrique,2.519,71.03,31331226
Algérie,2002,Afrique,2.429,71.64,31750832
Algérie,2003,Afrique,2.451,71.91,32175813
Algérie,2004,Afrique,2.5,72.54,32628286
Algérie,2005,Afrique,2.562,72.84,33109258
Algérie,2006,Afrique,2.628,73.12,33623505
Algérie,2007,Afrique,2.704,73.35,34189420
Algérie,2008,Afrique,2.785,73.62,34816963
Algérie,2009,Afrique,2.825,73.87,35490442
Algérie,2010,Afrique,2.875,74.14,36188237
Algérie,2011,Afrique,2.899,74.38,36903374
Algérie,2012,Afrique,2.996,74.61,37646165
Algérie,2013,Afrique,2.997,74.81,38414176
Algérie,2014,Afrique,3.084,74.99,39205035
Algérie,2015,Afrique,3.091,75.16,40019528
Algérie,2016,Afrique,3.091,75.31,40850719
Algérie,2017,Afrique,3.09,75.43,41689302
Algérie,2018,Afrique,3.019,75.56,42505033
Algérie,2019,Afrique,2.997,75.68,43294551
Algérie,2020,Afrique,2.94,73.26,44042094
Algérie,2021,Afrique,2.87,75.21,44761099
Algérie,2022,Afrique,2.817,76.13,45477391
Algérie,2023,Afrique,2.766,76.26,46164222
Algérie,2024,Afrique,2.733,76.47,46814302
Algérie,2025,Afrique,2.7,76.69,47435310
Équateur,1950,Amériques,6.725,48.45,3516791
Équateur,1951,Amériques,6.733,48.9,3607837
Équateur,1952,Amériques,6.748,49.23,3702403
Équateur,1953,Amériques,6.758,49.56,3800296
Équateur,1954,Amériques,6.765,49.96,3901514
Équateur,1955,Amériques,6.767,50.39,4006189
Équateur,1956,Amériques,6.765,50.88,4114537
Équateur,1957,Amériques,6.76,51.45,4226856
Équateur,1958,Amériques,6.75,52.07,4343499
Équateur,1959,Amériques,6.737,52.74,4464761
Équateur,1960,Amériques,6.721,53.4,4590893
Équateur,1961,Amériques,6.7,54.05,4722334
Équateur,1962,Amériques,6.676,54.68,4859272
Équateur,1963,Amériques,6.646,55.32,5001721
Équateur,1964,Amériques,6.61,55.95,5149925
Équateur,1965,Amériques,6.564,56.52,5303960
Équateur,1966,Amériques,6.507,57.02,5463749
Équateur,1967,Amériques,6.436,57.48,5629060
Équateur,1968,Amériques,6.351,57.95,5799683
Équateur,1969,Amériques,6.252,58.27,5975234
Équateur,1970,Amériques,6.138,58.85,6155392
Équateur,1971,Amériques,6.011,59.34,6340056
Équateur,1972,Amériques,5.873,59.82,6529040
Équateur,1973,Amériques,5.727,60.31,6722036
Équateur,1974,Amériques,5.577,60.7,6918571
Équateur,1975,Amériques,5.426,61.09,7118258
Équateur,1976,Amériques,5.276,61.42,7320913
Équateur,1977,Amériques,5.13,61.94,7526826
Équateur,1978,Amériques,4.989,62.4,7736176
Équateur,1979,Amériques,4.855,62.85,7948871
Équateur,1980,Amériques,4.73,63.33,8165882
Équateur,1981,Amériques,4.612,63.81,8386913
Équateur,1982,Amériques,4.501,64.27,8611296
Équateur,1983,Amériques,4.395,64.66,8840424
Équateur,1984,Amériques,4.305,65.2,9074783
Équateur,1985,Amériques,4.145,65.62,9311152
Équateur,1986,Amériques,4.0,66.12,9545999
Équateur,1987,Amériques,3.87,66.59,9779290
Équateur,1988,Amériques,3.787,67.04,10010804
Équateur,1989,Amériques,3.736,67.82,10241859
Équateur,1990,Amériques,3.68,68.44,10473674
Équateur,1991,Amériques,3.633,69.04,10702377
Équateur,1992,Amériques,3.575,69.47,10930128
Équateur,1993,Amériques,3.491,70.07,11154283
Équateur,1994,Amériques,3.42,70.88,11372197
Équateur,1995,Amériques,3.381,71.35,11590519
Équateur,1996,Amériques,3.351,71.82,11810954
Équateur,1997,Amériques,3.288,72.01,12031129
Équateur,1998,Amériques,3.228,71.95,12251188
Équateur,1999,Amériques,3.166,71.92,12470800
Équateur,2000,Amériques,3.102,72.09,12689215
Équateur,2001,Amériques,3.037,72.57,12910736
Équateur,2002,Amériques,2.972,73.16,13138473
Équateur,2003,Amériques,2.911,73.63,13372304
Équateur,2004,Amériques,2.853,73.87,13608700
Équateur,2005,Amériques,2.8,73.91,13846162
Équateur,2006,Amériques,2.753,74.01,14086138
Équateur,2007,Amériques,2.704,74.23,14328783
Équateur,2008,Amériques,2.688,74.71,14575201
Équateur,2009,Amériques,2.678,74.9,14825960
Équateur,2010,Amériques,2.615,75.19,15076697
Équateur,2011,Amériques,2.605,75.18,15326232
Équateur,2012,Amériques,2.509,75.49,15572195
Équateur,2013,Amériques,2.362,75.83,15807132
Équateur,2014,Amériques,2.274,76.14,16035127
Équateur,2015,Amériques,2.209,76.22,16266229
Équateur,2016,Amériques,2.122,76.09,16505142
Équateur,2017,Amériques,2.128,76.22,16759515
Équateur,2018,Amériques,2.111,77.25,17049542
Équateur,2019,Amériques,2.035,77.29,17340017
Équateur,2020,Amériques,1.967,72.0,17546058
Équateur,2021,Amériques,1.909,72.75,17682454
Équateur,2022,Amériques,1.861,76.58,17823900
Équateur,2023,Amériques,1.823,77.39,17980079
Équateur,2024,Amériques,1.796,77.58,18135478
Équateur,2025,Amériques,1.769,77.76,18289898
Égypte,1950,Afrique,7.058,33.95,21148168
Égypte,1951,Afrique,7.073,35.28,21605922
Égypte,1952,Afrique,7.079,36.6,22104946
Égypte,1953,Afrique,7.086,37.87,22644148
Égypte,1954,Afrique,7.057,39.06,23212564
Égypte,1955,Afrique,7.015,40.15,23795234
Égypte,1956,Afrique,6.968,41.02,24387350
Égypte,1957,Afrique,6.922,42.05,24994417
Égypte,1958,Afrique,6.863,42.89,25600327
Égypte,1959,Afrique,6.828,43.68,26226866
Égypte,1960,Afrique,6.793,44.44,26896480
Égypte,1961,Afrique,6.758,45.15,27600903
Égypte,1962,Afrique,6.709,45.84,28337017
Égypte,1963,Afrique,6.648,46.49,29091868
Égypte,1964,Afrique,6.541,47.08,29858925
Égypte,1965,Afrique,6.387,47.58,30629174
Égypte,1966,Afrique,6.308,47.99,31406543
Égypte,1967,Afrique,6.252,48.13,32196366
Égypte,1968,Afrique,6.193,48.6,32998322
Égypte,1969,Afrique,6.12,48.7,33811619
Égypte,1970,Afrique,6.059,49.0,34623990
Égypte,1971,Afrique,5.99,49.48,35433370
Égypte,1972,Afrique,5.929,49.91,36258327
Égypte,1973,Afrique,5.843,50.1,37102044
Égypte,1974,Afrique,5.784,51.04,37969667
Égypte,1975,Afrique,5.749,51.73,38875326
Égypte,1976,Afrique,5.727,52.48,39795558
Égypte,1977,Afrique,5.678,53.27,40748878
Égypte,1978,Afrique,5.629,54.08,41761437
Égypte,1979,Afrique,5.569,54.88,42818635
Égypte,1980,Afrique,5.494,55.67,43950413
Égypte,1981,Afrique,5.368,56.45,45147226
Égypte,1982,Afrique,5.329,57.22,46407612
Égypte,1983,Afrique,5.308,57.97,47786401
Égypte,1984,Afrique,5.207,58.7,49247336
Égypte,1985,Afrique,5.116,59.41,50734974
Égypte,1986,Afrique,4.998,60.09,52206296
Égypte,1987,Afrique,4.911,60.74,53674436
Égypte,1988,Afrique,4.833,61.36,55187680
Égypte,1989,Afrique,4.676,61.95,56710641
Égypte,1990,Afrique,4.512,62.51,58396625
Égypte,1991,Afrique,4.315,63.06,60029001
Égypte,1992,Afrique,4.149,63.59,61480663
Égypte,1993,Afrique,3.993,64.15,62915681
Égypte,1994,Afrique,3.865,64.66,64285596
Égypte,1995,Afrique,3.764,65.21,65652621
Égypte,1996,Afrique,3.7,65.73,67028045
Égypte,1997,Afrique,3.682,66.21,68431738
Égypte,1998,Afrique,3.681,66.64,69943297
Égypte,1999,Afrique,3.599,67.01,71520953
Égypte,2000,Afrique,3.505,67.33,73083287
Égypte,2001,Afrique,3.46,67.61,74652035
Égypte,2002,Afrique,3.412,67.85,76239140
Égypte,2003,Afrique,3.352,68.05,77853548
Égypte,2004,Afrique,3.283,68.21,79477441
Égypte,2005,Afrique,3.254,68.36,81101012
Égypte,2006,Afrique,3.223,68.49,82700404
Égypte,2007,Afrique,3.237,68.63,84276224
Égypte,2008,Afrique,3.238,68.76,85864791
Égypte,2009,Afrique,3.259,68.92,87501635
Égypte,2010,Afrique,3.296,69.08,89196073
Égypte,2011,Afrique,3.311,69.23,91093066
Égypte,2012,Afrique,3.4,69.46,93161000
Égypte,2013,Afrique,3.49,69.63,95333551
Égypte,2014,Afrique,3.49,69.91,97528655
Égypte,2015,Afrique,3.5,70.14,99597334
Égypte,2016,Afrique,3.35,70.44,101644583
Égypte,2017,Afrique,3.31,70.71,103696055
Égypte,2018,Afrique,3.02,70.97,105682092
Égypte,2019,Afrique,2.87,71.21,107553159
Égypte,2020,Afrique,2.85,69.79,109315118
Égypte,2021,Afrique,2.75,68.98,110957005
Égypte,2022,Afrique,2.75,71.01,112618252
Égypte,2023,Afrique,2.75,71.63,114535772
Égypte,2024,Afrique,2.709,71.81,116538256
Égypte,2025,Afrique,2.668,71.99,118365995
Espagne,1950,Europe,2.47,61.75,28077048
Espagne,1951,Europe,2.457,61.48,28214862
Espagne,1952,Europe,2.539,64.83,28406044
Espagne,1953,Europe,2.5,65.73,28632701
Espagne,1954,Europe,2.438,66.91,28857828
Espagne,1955,Europe,2.507,66.68,29089774
Espagne,1956,Europe,2.54,66.75,29323672
Espagne,1957,Europe,2.688,66.57,29569970
Espagne,1958,Europe,2.728,68.78,29849658
Espagne,1959,Europe,2.754,68.69,30140710
Espagne,1960,Europe,2.808,69.21,30404938
Espagne,1961,Europe,2.778,69.57,30699568
Espagne,1962,Europe,2.804,69.63,31040106
Espagne,1963,Europe,2.876,69.77,31379831
Espagne,1964,Europe,2.998,70.49,31741586
Espagne,1965,Europe,2.926,70.9,32110669
Espagne,1966,Europe,2.913,71.16,32465887
Espagne,1967,Europe,2.971,71.35,32820751
Espagne,1968,Europe,2.923,71.67,33170121
Espagne,1969,Europe,2.901,71.14,33496941
Espagne,1970,Europe,2.884,72.15,33812720
Espagne,1971,Europe,2.898,71.73,34157447
Espagne,1972,Europe,2.869,72.95,34539861
Espagne,1973,Europe,2.841,72.73,34926521
Espagne,1974,Europe,2.871,73.09,35361763
Espagne,1975,Europe,2.773,73.49,35795771
Espagne,1976,Europe,2.764,73.81,36176273
Espagne,1977,Europe,2.653,74.31,36551267
Espagne,1978,Europe,2.539,74.5,36904970
Espagne,1979,Europe,2.368,74.99,37230370
Espagne,1980,Europe,2.212,75.53,37537560
Espagne,1981,Europe,2.04,75.71,37812708
Espagne,1982,Europe,1.936,76.32,38047097
Espagne,1983,Europe,1.799,76.1,38253247
Espagne,1984,Europe,1.722,76.48,38437483
Espagne,1985,Europe,1.637,76.41,38601315
Espagne,1986,Europe,1.554,76.7,38735706
Espagne,1987,Europe,1.492,76.96,38852007
Espagne,1988,Europe,1.444,76.95,38952258
Espagne,1989,Europe,1.396,77.0,39029557
Espagne,1990,Europe,1.358,77.0,39084975
Espagne,1991,Europe,1.325,77.13,39201750
Espagne,1992,Europe,1.306,77.59,39420344
Espagne,1993,Europe,1.253,77.73,39651627
Espagne,1994,Europe,1.19,78.11,39858721
Espagne,1995,Europe,1.153,78.2,40052733
Espagne,1996,Europe,1.139,78.34,40237375
Espagne,1997,Europe,1.145,78.85,40423823
Espagne,1998,Europe,1.131,78.94,40617436
Espagne,1999,Europe,1.165,78.94,40812855
Espagne,2000,Europe,1.21,79.41,41019772
Espagne,2001,Europe,1.231,79.74,41245602
Espagne,2002,Europe,1.251,79.82,41755703
Espagne,2003,Europe,1.293,79.75,42506540
Espagne,2004,Europe,1.313,80.33,43234562
Espagne,2005,Europe,1.329,80.32,43958883
Espagne,2006,Europe,1.36,80.96,44695446
Espagne,2007,Europe,1.379,80.97,45516501
Espagne,2008,Europe,1.436,81.28,46235055
Espagne,2009,Europe,1.381,81.63,46635182
Espagne,2010,Europe,1.366,82.01,46840469
Espagne,2011,Europe,1.34,82.18,46998040
Espagne,2012,Europe,1.318,82.19,47018323
Espagne,2013,Europe,1.277,82.69,46860394
Espagne,2014,Europe,1.315,82.83,46720187
Espagne,2015,Europe,1.33,82.61,46683683
Espagne,2016,Europe,1.332,83.0,46732768
Espagne,2017,Europe,1.305,82.99,46868594
Espagne,2018,Europe,1.26,83.1,47092817
Espagne,2019,Europe,1.23,83.48,47435121
Espagne,2020,Europe,1.186,82.24,47679482
Espagne,2021,Europe,1.188,82.95,47735670
Espagne,2022,Europe,1.205,82.37,47828386
Espagne,2023,Europe,1.213,83.67,47911583
Espagne,2024,Europe,1.202,83.8,47910533
Espagne,2025,Europe,1.191,83.96,47889960
Estonie,1992,Europe,1.697,69.16,1540214
Estonie,1993,Europe,1.486,68.22,1504344
Estonie,1994,Europe,1.41,66.74,1475716
Estonie,1995,Europe,1.372,67.81,1452774
Estonie,1996,Europe,1.361,70.03,1434655
Estonie,1997,Europe,1.306,70.24,1421494
Estonie,1998,Europe,1.272,69.84,1411206
Estonie,1999,Europe,1.293,70.68,1403578
Estonie,2000,Europe,1.347,71.01,1397001
Estonie,2001,Europe,1.315,70.83,1388174
Estonie,2002,Europe,1.353,71.36,1379438
Estonie,2003,Europe,1.365,71.92,1370849
Estonie,2004,Europe,1.465,72.38,1362682
Estonie,2005,Europe,1.515,73.03,1354847
Estonie,2006,Europe,1.583,73.2,1346885
Estonie,2007,Europe,1.685,73.15,1340709
Estonie,2008,Europe,1.719,74.28,1337078
Estonie,2009,Europe,1.701,75.15,1334528
Estonie,2010,Europe,1.716,75.88,1331450
Estonie,2011,Europe,1.616,76.35,1327366
Estonie,2012,Europe,1.561,76.42,1322615
Estonie,2013,Europe,1.524,77.25,1317920
Estonie,2014,Europe,1.543,77.11,1314457
Estonie,2015,Europe,1.58,77.67,1314580
Estonie,2016,Europe,1.603,77.76,1315850
Estonie,2017,Europe,1.596,78.18,1317430
Estonie,2018,Europe,1.67,78.33,1321972
Estonie,2019,Europe,1.661,78.77,1326822
Estonie,2020,Europe,1.588,78.89,1329675
Estonie,2021,Europe,1.594,77.41,1331750
Estonie,2022,Europe,1.41,78.17,1350093
Estonie,2023,Europe,1.35,79.15,1367195
Estonie,2024,Europe,1.33,79.31,1360548
Estonie,2025,Europe,1.311,79.48,1344236
Éthiopie,1950,Afrique,6.433,35.51,17670418
Éthiopie,1951,Afrique,6.429,35.86,17989060
Éthiopie,1952,Afrique,6.435,36.22,18326176
Éthiopie,1953,Afrique,6.449,36.56,18674772
Éthiopie,1954,Afrique,6.459,36.96,19038036
Éthiopie,1955,Afrique,6.457,37.32,19419768
Éthiopie,1956,Afrique,6.458,37.78,19818886
Éthiopie,1957,Afrique,6.464,32.17,20173747
Éthiopie,1958,Afrique,6.473,32.63,20480281
Éthiopie,1959,Afrique,6.494,39.17,20878098
Éthiopie,1960,Afrique,6.514,39.62,21376688
Éthiopie,1961,Afrique,6.533,40.2,21906102
Éthiopie,1962,Afrique,6.561,40.53,22465125
Éthiopie,1963,Afrique,6.586,40.97,23051639
Éthiopie,1964,Afrique,6.612,41.26,23666547
Éthiopie,1965,Afrique,6.63,41.41,24310615
Éthiopie,1966,Afrique,6.661,39.34,24952691
Éthiopie,1967,Afrique,6.684,41.94,25620283
Éthiopie,1968,Afrique,6.7,42.09,26337933
Éthiopie,1969,Afrique,6.719,42.13,27072575
Éthiopie,1970,Afrique,6.782,42.12,27829135
Éthiopie,1971,Afrique,6.838,42.22,28600114
Éthiopie,1972,Afrique,6.895,41.03,29374611
Éthiopie,1973,Afrique,6.962,41.1,30166789
Éthiopie,1974,Afrique,7.018,39.08,30957277
Éthiopie,1975,Afrique,7.079,38.94,31723255
Éthiopie,1976,Afrique,7.129,41.32,32534428
Éthiopie,1977,Afrique,7.189,41.4,33167276
Éthiopie,1978,Afrique,7.229,41.51,33734601
Éthiopie,1979,Afrique,7.248,42.38,34238655
Éthiopie,1980,Afrique,7.287,42.81,34428515
Éthiopie,1981,Afrique,7.313,43.08,35304010
Éthiopie,1982,Afrique,7.337,43.43,36701293
Éthiopie,1983,Afrique,7.351,36.32,37740821
Éthiopie,1984,Afrique,7.356,36.74,38735728
Éthiopie,1985,Afrique,7.338,37.75,39842136
Éthiopie,1986,Afrique,7.318,38.37,41037658
Éthiopie,1987,Afrique,7.293,45.89,42460039
Éthiopie,1988,Afrique,7.262,45.68,44150834
Éthiopie,1989,Afrique,7.229,45.64,45879686
Éthiopie,1990,Afrique,7.196,45.12,47609760
Éthiopie,1991,Afrique,7.161,46.66,49717203
Éthiopie,1992,Afrique,7.125,47.28,51853756
Éthiopie,1993,Afrique,7.088,47.68,53708892
Éthiopie,1994,Afrique,7.051,47.93,55611514
Éthiopie,1995,Afrique,6.998,48.16,57537340
Éthiopie,1996,Afrique,6.928,48.7,59467640
Éthiopie,1997,Afrique,6.869,49.21,61404541
Éthiopie,1998,Afrique,6.792,49.78,63363523
Éthiopie,1999,Afrique,6.721,49.49,65374561
Éthiopie,2000,Afrique,6.654,50.88,67411496
Éthiopie,2001,Afrique,6.579,51.43,69487767
Éthiopie,2002,Afrique,6.499,52.09,71635521
Éthiopie,2003,Afrique,6.4,52.88,73832664
Éthiopie,2004,Afrique,6.301,53.73,76077211
Éthiopie,2005,Afrique,6.194,54.36,78367476
Éthiopie,2006,Afrique,6.047,55.4,80703495
Éthiopie,2007,Afrique,5.887,56.57,83103218
Éthiopie,2008,Afrique,5.695,57.73,85543670
Éthiopie,2009,Afrique,5.488,58.72,88007641
Éthiopie,2010,Afrique,5.282,59.71,90538518
Éthiopie,2011,Afrique,5.08,60.59,93149977
Éthiopie,2012,Afrique,4.887,61.44,95798771
Éthiopie,2013,Afrique,4.708,62.16,98438752
Éthiopie,2014,Afrique,4.605,62.93,101115615
Éthiopie,2015,Afrique,4.529,63.59,103867140
Éthiopie,2016,Afrique,4.473,64.16,106718163
Éthiopie,2017,Afrique,4.401,64.77,109666482
Éthiopie,2018,Afrique,4.371,65.26,112664157
Éthiopie,2019,Afrique,4.347,65.74,115737384
Éthiopie,2020,Afrique,4.274,65.97,118917670
Éthiopie,2021,Afrique,4.177,65.33,122138588
Éthiopie,2022,Afrique,4.082,66.9,125384285
Éthiopie,2023,Afrique,3.989,67.31,128691695
Éthiopie,2024,Afrique,3.929,67.6,132059770
Éthiopie,2025,Afrique,3.87,67.88,135472048
Finlande,1950,Europe,3.153,64.2,4008410
Finlande,1951,Europe,3.012,65.64,4047646
Finlande,1952,Europe,3.051,66.52,4090839
Finlande,1953,Europe,2.956,66.6,4139764
Finlande,1954,Europe,2.927,67.55,4187256
Finlande,1955,Europe,2.93,67.34,4235197
Finlande,1956,Europe,2.91,67.98,4281930
Finlande,1957,Europe,2.851,67.45,4324192
Finlande,1958,Europe,2.682,68.61,4359882
Finlande,1959,Europe,2.737,68.8,4394750
Finlande,1960,Europe,2.719,68.99,4429631
Finlande,1961,Europe,2.711,69.01,4460998
Finlande,1962,Europe,2.68,68.74,4491739
Finlande,1963,Europe,2.675,69.18,4523897
Finlande,1964,Europe,2.589,69.38,4549092
Finlande,1965,Europe,2.475,69.13,4564150
Finlande,1966,Europe,2.404,69.64,4581446
Finlande,1967,Europe,2.316,69.82,4606642
Finlande,1968,Europe,2.135,69.78,4627352
Finlande,1969,Europe,1.93,69.65,4624083
Finlande,1970,Europe,1.822,70.33,4606308
Finlande,1971,Europe,1.685,70.15,4612135
Finlande,1972,Europe,1.575,70.87,4639548
Finlande,1973,Europe,1.501,71.37,4665909
Finlande,1974,Europe,1.609,71.29,4690366
Finlande,1975,Europe,1.678,71.84,4711172
Finlande,1976,Europe,1.701,71.99,4725340
Finlande,1977,Europe,1.678,72.51,4738581
Finlande,1978,Europe,1.642,73.08,4752243
Finlande,1979,Europe,1.634,73.36,4764437
Finlande,1980,Europe,1.63,73.65,4779358
Finlande,1981,Europe,1.645,73.97,4799849
Finlande,1982,Europe,1.71,74.53,4826884
Finlande,1983,Europe,1.73,74.44,4855791
Finlande,1984,Europe,1.692,74.74,4881827
Finlande,1985,Europe,1.64,74.42,4902262
Finlande,1986,Europe,1.597,74.77,4918256
Finlande,1987,Europe,1.592,74.8,4932257
Finlande,1988,Europe,1.685,74.77,4946629
Finlande,1989,Europe,1.708,74.97,4964525
Finlande,1990,Europe,1.776,74.99,4986576
Finlande,1991,Europe,1.794,75.41,5013889
Finlande,1992,Europe,1.84,75.65,5042145
Finlande,1993,Europe,1.815,75.89,5066594
Finlande,1994,Europe,1.839,76.58,5088454
Finlande,1995,Europe,1.805,76.6,5107919
Finlande,1996,Europe,1.772,76.87,5124715
Finlande,1997,Europe,1.742,77.06,5139927
Finlande,1998,Europe,1.702,77.26,5153545
Finlande,1999,Europe,1.729,77.45,5165516
Finlande,2000,Europe,1.726,77.67,5176197
Finlande,2001,Europe,1.722,78.14,5187970
Finlande,2002,Europe,1.718,78.27,5200548
Finlande,2003,Europe,1.756,78.53,5212958
Finlande,2004,Europe,1.795,78.85,5228147
Finlande,2005,Europe,1.801,78.97,5246078
Finlande,2006,Europe,1.832,79.37,5266248
Finlande,2007,Europe,1.828,79.39,5288715
Finlande,2008,Europe,1.843,79.69,5313379
Finlande,2009,Europe,1.86,79.83,5338854
Finlande,2010,Europe,1.863,80.01,5363347
Finlande,2011,Europe,1.826,80.39,5388236
Finlande,2012,Europe,1.797,80.51,5413978
Finlande,2013,Europe,1.745,80.87,5439057
Finlande,2014,Europe,1.706,81.06,5461686
Finlande,2015,Europe,1.645,81.38,5479719
Finlande,2016,Europe,1.565,81.3,5495468
Finlande,2017,Europe,1.487,81.5,5508398
Finlande,2018,Europe,1.407,81.63,5515730
Finlande,2019,Europe,1.351,81.86,5521754
Finlande,2020,Europe,1.374,81.82,5529616
Finlande,2021,Europe,1.461,81.81,5541069
Finlande,2022,Europe,1.318,81.24,5569300
Finlande,2023,Europe,1.28,81.91,5601185
Finlande,2024,Europe,1.261,82.08,5617311
Finlande,2025,Europe,1.242,82.24,5623328
France,1950,Europe,2.965,66.38,41883122
France,1951,Europe,2.818,66.1,42333662
France,1952,Europe,2.779,67.39,42780274
France,1953,Europe,2.702,67.32,43227873
France,1954,Europe,2.713,68.19,43676898
France,1955,Europe,2.699,68.44,44136093
France,1956,Europe,2.693,68.47,44588525
France,1957,Europe,2.71,68.9,45036374
France,1958,Europe,2.689,70.11,45493502
France,1959,Europe,2.746,70.17,45963766
France,1960,Europe,2.735,70.37,46428136
France,1961,Europe,2.829,70.96,46893841
France,1962,Europe,2.788,70.47,47352626
France,1963,Europe,2.873,70.32,47817823
France,1964,Europe,2.88,71.28,48319087
France,1965,Europe,2.826,71.11,48772824
France,1966,Europe,2.781,71.51,49184651
France,1967,Europe,2.649,71.5,49574907
France,1968,Europe,2.571,71.49,49947252
France,1969,Europe,2.526,71.21,50355300
France,1970,Europe,2.481,72.09,50813071
France,1971,Europe,2.499,72.07,51293056
France,1972,Europe,2.427,72.31,51743877
France,1973,Europe,2.32,72.48,52162210
France,1974,Europe,2.125,72.8,52504744
France,1975,Europe,1.935,72.9,52746324
France,1976,Europe,1.832,73.12,52959120
France,1977,Europe,1.868,73.73,53197133
France,1978,Europe,1.83,73.84,53429668
France,1979,Europe,1.863,74.12,53660898
France,1980,Europe,1.951,74.23,53941061
France,1981,Europe,1.947,74.4,54255004
France,1982,Europe,1.917,74.77,54582405
France,1983,Europe,1.79,74.73,54889407
France,1984,Europe,1.806,75.22,55176626
France,1985,Europe,1.816,75.31,55467153
France,1986,Europe,1.832,75.58,55752833
France,1987,Europe,1.804,76.15,56048366
France,1988,Europe,1.808,76.4,56361846
France,1989,Europe,1.791,76.54,56685081
France,1990,Europe,1.782,76.83,56990239
France,1991,Europe,1.773,77.02,57271564
France,1992,Europe,1.735,77.3,57554867
France,1993,Europe,1.661,77.35,57801261
France,1994,Europe,1.665,77.77,57999868
France,1995,Europe,1.718,77.87,58192207
France,1996,Europe,1.74,78.06,58380638
France,1997,Europe,1.73,78.42,58568662
France,1998,Europe,1.764,78.59,58778817
France,1999,Europe,1.793,78.75,59084209
France,2000,Europe,1.876,79.04,59483716
France,2001,Europe,1.879,79.22,59905131
France,2002,Europe,1.865,79.41,60327247
France,2003,Europe,1.873,79.42,60741119
France,2004,Europe,1.898,80.34,61175244
France,2005,Europe,1.916,80.34,61625031
France,2006,Europe,1.974,80.75,62049831
France,2007,Europe,1.952,80.96,62432438
France,2008,Europe,1.987,81.04,62780187
France,2009,Europe,1.99,81.16,63106460
France,2010,Europe,2.017,81.41,63417366
France,2011,Europe,1.995,81.78,63733776
France,2012,Europe,1.99,81.74,64058465
France,2013,Europe,1.973,81.98,64387736
France,2014,Europe,1.974,82.44,64692495
France,2015,Europe,1.927,82.15,64916337
France,2016,Europe,1.892,82.4,65086853
France,2017,Europe,1.859,82.44,65284775
France,2018,Europe,1.837,82.57,65519537
France,2019,Europe,1.826,82.73,65729460
France,2020,Europe,1.785,82.2,65905273
France,2021,Europe,1.799,82.32,66083547
France,2022,Europe,1.76,82.47,66277412
France,2023,Europe,1.639,83.33,66438828
France,2024,Europe,1.614,83.46,66548532
France,2025,Europe,1.59,83.58,66650804
Gabon,1950,Afrique,3.948,39.27,472843
Gabon,1951,Afrique,3.953,39.98,475640
Gabon,1952,Afrique,3.969,40.74,478588
Gabon,1953,Afrique,3.992,41.48,481760
Gabon,1954,Afrique,4.025,42.19,485163
Gabon,1955,Afrique,4.066,42.95,488818
Gabon,1956,Afrique,4.115,43.66,492790
Gabon,1957,Afrique,4.172,44.36,497074
Gabon,1958,Afrique,4.25,45.06,501738
Gabon,1959,Afrique,4.336,45.76,506813
Gabon,1960,Afrique,4.422,46.44,512324
Gabon,1961,Afrique,4.504,47.12,518275
Gabon,1962,Afrique,4.587,47.78,524656
Gabon,1963,Afrique,4.649,48.42,531459
Gabon,1964,Afrique,4.713,48.99,538665
Gabon,1965,Afrique,4.785,49.71,546320
Gabon,1966,Afrique,4.861,50.32,554471
Gabon,1967,Afrique,4.919,50.93,563114
Gabon,1968,Afrique,4.984,51.55,572267
Gabon,1969,Afrique,5.049,52.13,583284
Gabon,1970,Afrique,5.097,52.7,595856
Gabon,1971,Afrique,5.163,53.26,608355
Gabon,1972,Afrique,5.237,53.81,620968
Gabon,1973,Afrique,5.287,54.35,634003
Gabon,1974,Afrique,5.327,54.91,647699
Gabon,1975,Afrique,5.391,55.45,662205
Gabon,1976,Afrique,5.457,55.97,677631
Gabon,1977,Afrique,5.516,56.47,693994
Gabon,1978,Afrique,5.568,56.95,711250
Gabon,1979,Afrique,5.608,57.44,729380
Gabon,1980,Afrique,5.664,57.89,748395
Gabon,1981,Afrique,5.726,58.33,768394
Gabon,1982,Afrique,5.74,58.64,789291
Gabon,1983,Afrique,5.759,58.99,811007
Gabon,1984,Afrique,5.733,59.34,833501
Gabon,1985,Afrique,5.713,59.66,856737
Gabon,1986,Afrique,5.688,59.96,880706
Gabon,1987,Afrique,5.667,60.2,905481
Gabon,1988,Afrique,5.623,60.4,931023
Gabon,1989,Afrique,5.55,60.58,957147
Gabon,1990,Afrique,5.459,60.74,983740
Gabon,1991,Afrique,5.373,60.89,1010821
Gabon,1992,Afrique,5.289,61.01,1038386
Gabon,1993,Afrique,5.186,61.12,1066404
Gabon,1994,Afrique,5.044,61.18,1094724
Gabon,1995,Afrique,4.884,61.27,1123212
Gabon,1996,Afrique,4.742,61.27,1152018
Gabon,1997,Afrique,4.657,61.4,1181445
Gabon,1998,Afrique,4.576,61.51,1211744
Gabon,1999,Afrique,4.502,61.66,1243023
Gabon,2000,Afrique,4.469,61.81,1275578
Gabon,2001,Afrique,4.417,61.98,1309594
Gabon,2002,Afrique,4.36,62.17,1345142
Gabon,2003,Afrique,4.299,62.46,1382354
Gabon,2004,Afrique,4.252,62.69,1421620
Gabon,2005,Afrique,4.21,62.98,1463503
Gabon,2006,Afrique,4.17,63.26,1508338
Gabon,2007,Afrique,4.142,63.62,1556242
Gabon,2008,Afrique,4.118,64.01,1607182
Gabon,2009,Afrique,4.138,64.36,1661567
Gabon,2010,Afrique,4.153,64.72,1719883
Gabon,2011,Afrique,4.151,65.1,1781987
Gabon,2012,Afrique,4.086,65.44,1846893
Gabon,2013,Afrique,4.019,65.75,1913061
Gabon,2014,Afrique,3.953,66.07,1978400
Gabon,2015,Afrique,3.921,66.34,2040990
Gabon,2016,Afrique,3.921,66.58,2100310
Gabon,2017,Afrique,3.913,66.82,2156902
Gabon,2018,Afrique,3.908,67.04,2212320
Gabon,2019,Afrique,3.884,67.34,2267711
Gabon,2020,Afrique,3.831,67.07,2322538
Gabon,2021,Afrique,3.776,67.07,2376729
Gabon,2022,Afrique,3.712,67.71,2430750
Gabon,2023,Afrique,3.647,68.34,2484790
Gabon,2024,Afrique,3.614,68.51,2538953
Gabon,2025,Afrique,3.582,68.7,2593131
Royaume-Uni,1950,Europe,2.224,68.63,50121020
Royaume-Uni,1951,Europe,2.185,68.24,50346821
Royaume-Uni,1952,Europe,2.193,69.53,50496231
Royaume-Uni,1953,Europe,2.227,69.81,50727035
Royaume-Uni,1954,Europe,2.246,70.17,50958246
Royaume-Uni,1955,Europe,2.279,70.13,51176749
Royaume-Uni,1956,Europe,2.375,70.41,51400458
Royaume-Uni,1957,Europe,2.47,70.53,51655911
Royaume-Uni,1958,Europe,2.546,70.7,51935640
Royaume-Uni,1959,Europe,2.604,70.83,52226466
Royaume-Uni,1960,Europe,2.704,71.03,52538548
Royaume-Uni,1961,Europe,2.789,70.79,52884952
Royaume-Uni,1962,Europe,2.866,70.86,53272836
Royaume-Uni,1963,Europe,2.91,70.76,53652939
Royaume-Uni,1964,Europe,2.931,71.54,54009130
Royaume-Uni,1965,Europe,2.867,71.52,54359022
Royaume-Uni,1966,Europe,2.777,71.43,54676346
Royaume-Uni,1967,Europe,2.678,72.07,54973661
Royaume-Uni,1968,Europe,2.592,71.68,55240654
Royaume-Uni,1969,Europe,2.502,71.66,55456208
Royaume-Uni,1970,Europe,2.421,71.88,55663801
Royaume-Uni,1971,Europe,2.343,72.23,55890372
Royaume-Uni,1972,Europe,2.182,71.99,56079239
Royaume-Uni,1973,Europe,2.036,72.19,56188787
Royaume-Uni,1974,Europe,1.915,72.38,56224550
Royaume-Uni,1975,Europe,1.807,72.65,56220139
Royaume-Uni,1976,Europe,1.738,72.63,56201143
Royaume-Uni,1977,Europe,1.689,73.11,56175829
Royaume-Uni,1978,Europe,1.753,73.04,56175553
Royaume-Uni,1979,Europe,1.857,73.16,56218759
Royaume-Uni,1980,Europe,1.888,73.59,56282102
Royaume-Uni,1981,Europe,1.817,73.92,56304590
Royaume-Uni,1982,Europe,1.778,74.04,56292761
Royaume-Uni,1983,Europe,1.766,74.29,56332060
Royaume-Uni,1984,Europe,1.766,74.67,56451312
Royaume-Uni,1985,Europe,1.788,74.54,56606416
Royaume-Uni,1986,Europe,1.782,74.8,56751926
Royaume-Uni,1987,Europe,1.808,75.15,56886021
Royaume-Uni,1988,Europe,1.82,75.26,57026539
Royaume-Uni,1989,Europe,1.794,75.4,57182137
Royaume-Uni,1990,Europe,1.829,75.74,57367867
Royaume-Uni,1991,Europe,1.817,75.91,57555199
Royaume-Uni,1992,Europe,1.793,76.31,57719273
Royaume-Uni,1993,Europe,1.758,76.16,57861037
Royaume-Uni,1994,Europe,1.737,76.72,58003200
Royaume-Uni,1995,Europe,1.709,76.61,58154632
Royaume-Uni,1996,Europe,1.722,76.87,58298563
Royaume-Uni,1997,Europe,1.722,77.14,58447091
Royaume-Uni,1998,Europe,1.711,77.28,58626822
Royaume-Uni,1999,Europe,1.682,77.37,58838663
Royaume-Uni,2000,Europe,1.641,77.85,59057333
Royaume-Uni,2001,Europe,1.624,78.12,59288095
Royaume-Uni,2002,Europe,1.633,78.24,59540764
Royaume-Uni,2003,Europe,1.698,78.33,59820385
Royaume-Uni,2004,Europe,1.747,78.9,60169964
Royaume-Uni,2005,Europe,1.761,79.11,60596107
Royaume-Uni,2006,Europe,1.812,79.35,61051093
Royaume-Uni,2007,Europe,1.863,79.53,61535859
Royaume-Uni,2008,Europe,1.905,79.66,62027303
Royaume-Uni,2009,Europe,1.893,80.16,62506222
Royaume-Uni,2010,Europe,1.918,80.39,63006482
Royaume-Uni,2011,Europe,1.911,80.8,63509285
Royaume-Uni,2012,Europe,1.909,80.86,63960488
Royaume-Uni,2013,Europe,1.83,80.92,64389386
Royaume-Uni,2014,Europe,1.811,81.15,64865914
Royaume-Uni,2015,Europe,1.801,80.92,65382107
Royaume-Uni,2016,Europe,1.785,81.07,65893359
Royaume-Uni,2017,Europe,1.735,81.16,66354473
Royaume-Uni,2018,Europe,1.676,81.12,66752473
Royaume-Uni,2019,Europe,1.632,81.44,67110958
Royaume-Uni,2020,Europe,1.571,80.39,67351860
Royaume-Uni,2021,Europe,1.583,80.71,67668788
Royaume-Uni,2022,Europe,1.56,81.07,68179315
Royaume-Uni,2023,Europe,1.56,81.3,68682965
Royaume-Uni,2024,Europe,1.537,81.45,69138185
Royaume-Uni,2025,Europe,1.514,81.6,69551334
Géorgie,1992,Asie,2.045,67.78,5294186
Géorgie,1993,Asie,1.912,67.41,5178784
Géorgie,1994,Asie,1.835,68.67,5046267
Géorgie,1995,Asie,1.807,69.4,4925742
Géorgie,1996,Asie,1.759,70.64,4812774
Géorgie,1997,Asie,1.728,69.68,4695359
Géorgie,1998,Asie,1.703,69.79,4576447
Géorgie,1999,Asie,1.643,70.01,4455581
Géorgie,2000,Asie,1.609,70.09,4328361
Géorgie,2001,Asie,1.579,70.37,4209641
Géorgie,2002,Asie,1.571,70.44,4127854
Géorgie,2003,Asie,1.552,71.38,4085489
Géorgie,2004,Asie,1.566,71.01,4056076
Géorgie,2005,Asie,1.583,70.69,4026135
Géorgie,2006,Asie,1.617,70.98,3996584
Géorgie,2007,Asie,1.697,70.98,3967592
Géorgie,2008,Asie,1.832,70.95,3941192
Géorgie,2009,Asie,1.993,71.06,3918935
Géorgie,2010,Asie,1.973,71.73,3895932
Géorgie,2011,Asie,1.915,72.48,3868724
Géorgie,2012,Asie,1.929,72.67,3839208
Géorgie,2013,Asie,1.993,73.03,3809128
Géorgie,2014,Asie,2.18,73.11,3792921
Géorgie,2015,Asie,2.214,73.24,3791570
Géorgie,2016,Asie,2.228,73.14,3792061
Géorgie,2017,Asie,2.136,73.44,3792860
Géorgie,2018,Asie,2.093,73.98,3794881
Géorgie,2019,Asie,2.021,74.17,3796722
Géorgie,2020,Asie,1.976,73.51,3795680
Géorgie,2021,Asie,1.98,71.64,3788450
Géorgie,2022,Asie,1.82,74.14,3794782
Géorgie,2023,Asie,1.81,74.5,3807494
Géorgie,2024,Asie,1.783,74.66,3807668
Géorgie,2025,Asie,1.756,74.82,3806669
Ghana,1950,Afrique,6.7,43.07,5080664
Ghana,1951,Afrique,6.731,43.59,5229134
Ghana,1952,Afrique,6.755,44.04,5387494
Ghana,1953,Afrique,6.777,44.51,5553969
Ghana,1954,Afrique,6.799,44.99,5729430
Ghana,1955,Afrique,6.818,45.37,5914933
Ghana,1956,Afrique,6.843,45.75,6109604
Ghana,1957,Afrique,6.852,46.13,6312498
Ghana,1958,Afrique,6.86,46.4,6520157
Ghana,1959,Afrique,6.874,46.71,6735545
Ghana,1960,Afrique,6.89,46.94,6961216
Ghana,1961,Afrique,6.912,47.13,7162672
Ghana,1962,Afrique,6.942,47.34,7337378
Ghana,1963,Afrique,6.936,47.48,7514721
Ghana,1964,Afrique,6.902,47.64,7695744
Ghana,1965,Afrique,6.88,47.69,7882609
Ghana,1966,Afrique,6.862,47.71,8074529
Ghana,1967,Afrique,6.893,47.73,8271924
Ghana,1968,Afrique,6.892,47.76,8475734
Ghana,1969,Afrique,6.954,47.9,8690384
Ghana,1970,Afrique,6.952,47.89,8925813
Ghana,1971,Afrique,6.946,47.95,9176264
Ghana,1972,Afrique,6.916,48.27,9438189
Ghana,1973,Afrique,6.872,48.58,9714615
Ghana,1974,Afrique,6.822,48.92,10000528
Ghana,1975,Afrique,6.762,49.32,10294312
Ghana,1976,Afrique,6.703,49.73,10594918
Ghana,1977,Afrique,6.637,50.08,10911869
Ghana,1978,Afrique,6.564,50.46,11248453
Ghana,1979,Afrique,6.513,50.79,11597251
Ghana,1980,Afrique,6.474,51.06,11941451
Ghana,1981,Afrique,6.415,51.31,12281722
Ghana,1982,Afrique,6.312,51.42,12643820
Ghana,1983,Afrique,6.227,51.78,13029841
Ghana,1984,Afrique,6.153,52.23,13370591
Ghana,1985,Afrique,6.119,52.73,13661237
Ghana,1986,Afrique,6.084,53.28,13965221
Ghana,1987,Afrique,6.022,53.82,14289110
Ghana,1988,Afrique,5.922,54.4,14636577
Ghana,1989,Afrique,5.818,54.94,15006814
Ghana,1990,Afrique,5.737,55.4,15394650
Ghana,1991,Afrique,5.63,55.72,15787495
Ghana,1992,Afrique,5.517,56.05,16184863
Ghana,1993,Afrique,5.414,56.29,16589521
Ghana,1994,Afrique,5.254,56.23,16993190
Ghana,1995,Afrique,5.106,56.66,17399023
Ghana,1996,Afrique,4.959,56.96,17810184
Ghana,1997,Afrique,4.884,57.24,18238961
Ghana,1998,Afrique,4.829,57.52,18688041
Ghana,1999,Afrique,4.822,57.84,19149875
Ghana,2000,Afrique,4.827,58.14,19637085
Ghana,2001,Afrique,4.768,58.4,20167073
Ghana,2002,Afrique,4.687,58.71,20729392
Ghana,2003,Afrique,4.597,59.01,21296710
Ghana,2004,Afrique,4.504,59.32,21868298
Ghana,2005,Afrique,4.496,59.64,22449446
Ghana,2006,Afrique,4.399,59.98,23040704
Ghana,2007,Afrique,4.288,60.28,23642284
Ghana,2008,Afrique,4.217,60.58,24249945
Ghana,2009,Afrique,4.179,60.93,24862667
Ghana,2010,Afrique,4.181,61.3,25475000
Ghana,2011,Afrique,4.177,61.62,26095091
Ghana,2012,Afrique,4.154,61.99,26734273
Ghana,2013,Afrique,4.114,62.4,27386193
Ghana,2014,Afrique,4.029,62.83,28041592
Ghana,2015,Afrique,3.982,63.17,28696071
Ghana,2016,Afrique,3.873,63.52,29356736
Ghana,2017,Afrique,3.715,63.83,30008364
Ghana,2018,Afrique,3.65,64.14,30637592
Ghana,2019,Afrique,3.593,64.45,31258943
Ghana,2020,Afrique,3.541,64.31,31887802
Ghana,2021,Afrique,3.492,64.29,32518662
Ghana,2022,Afrique,3.434,65.25,33149152
Ghana,2023,Afrique,3.397,65.5,33787916
Ghana,2024,Afrique,3.346,65.69,34427417
Ghana,2025,Afrique,3.296,65.89,35064277
Guinée,1950,Afrique,5.971,35.59,3013177
Guinée,1951,Afrique,5.978,35.65,3061981
Guinée,1952,Afrique,5.993,35.73,3111689
Guinée,1953,Afrique,6.007,35.8,3162520
Guinée,1954,Afrique,6.022,35.86,3214564
Guinée,1955,Afrique,6.037,35.96,3267862
Guinée,1956,Afrique,6.052,36.06,3322503
Guinée,1957,Afrique,6.067,36.23,3378657
Guinée,1958,Afrique,6.082,36.36,3436437
Guinée,1959,Afrique,6.097,36.47,3495776
Guinée,1960,Afrique,6.112,36.62,3556756
Guinée,1961,Afrique,6.126,36.82,3619554
Guinée,1962,Afrique,6.14,37.0,3684278
Guinée,1963,Afrique,6.153,37.2,3750961
Guinée,1964,Afrique,6.166,37.41,3819729
Guinée,1965,Afrique,6.178,37.65,3890724
Guinée,1966,Afrique,6.19,37.96,3964159
Guinée,1967,Afrique,6.202,38.22,4040156
Guinée,1968,Afrique,6.214,38.5,4118553
Guinée,1969,Afrique,6.228,38.82,4198302
Guinée,1970,Afrique,6.243,39.06,4277540
Guinée,1971,Afrique,6.262,39.37,4355205
Guinée,1972,Afrique,6.283,39.68,4431293
Guinée,1973,Afrique,6.308,39.94,4506326
Guinée,1974,Afrique,6.336,40.23,4580513
Guinée,1975,Afrique,6.367,40.61,4653877
Guinée,1976,Afrique,6.4,41.03,4727031
Guinée,1977,Afrique,6.434,41.41,4801129
Guinée,1978,Afrique,6.44,41.88,4877853
Guinée,1979,Afrique,6.45,42.34,4959287
Guinée,1980,Afrique,6.459,42.84,5047423
Guinée,1981,Afrique,6.459,43.33,5143296
Guinée,1982,Afrique,6.487,43.86,5247672
Guinée,1983,Afrique,6.487,44.23,5359815
Guinée,1984,Afrique,6.512,44.86,5480098
Guinée,1985,Afrique,6.527,45.31,5610369
Guinée,1986,Afrique,6.548,45.72,5750669
Guinée,1987,Afrique,6.571,46.11,5900199
Guinée,1988,Afrique,6.561,46.48,6056575
Guinée,1989,Afrique,6.548,46.86,6215816
Guinée,1990,Afrique,6.515,47.25,6434383
Guinée,1991,Afrique,6.484,47.78,6697167
Guinée,1992,Afrique,6.453,48.27,6914370
Guinée,1993,Afrique,6.409,48.82,7128174
Guinée,1994,Afrique,6.358,49.19,7345106
Guinée,1995,Afrique,6.288,49.84,7553252
Guinée,1996,Afrique,6.205,50.55,7770035
Guinée,1997,Afrique,6.123,51.11,7931371
Guinée,1998,Afrique,6.051,51.61,8081993
Guinée,1999,Afrique,5.985,51.99,8265121
Guinée,2000,Afrique,5.918,52.42,8428837
Guinée,2001,Afrique,5.834,52.67,8539963
Guinée,2002,Afrique,5.781,53.2,8674072
Guinée,2003,Afrique,5.744,53.59,8870790
Guinée,2004,Afrique,5.733,53.98,9062724
Guinée,2005,Afrique,5.727,54.42,9245844
Guinée,2006,Afrique,5.704,54.88,9441174
Guinée,2007,Afrique,5.664,55.23,9662278
Guinée,2008,Afrique,5.596,55.7,9898870
Guinée,2009,Afrique,5.528,56.05,10143540
Guinée,2010,Afrique,5.435,56.43,10396090
Guinée,2011,Afrique,5.337,56.78,10656812
Guinée,2012,Afrique,5.232,57.12,10921580
Guinée,2013,Afrique,5.151,57.46,11191874
Guinée,2014,Afrique,5.07,57.58,11472921
Guinée,2015,Afrique,5.002,57.9,11767077
Guinée,2016,Afrique,4.915,58.49,12073031
Guinée,2017,Afrique,4.793,58.72,12385668
Guinée,2018,Afrique,4.669,59.04,12704776
Guinée,2019,Afrique,4.576,59.38,13034349
Guinée,2020,Afrique,4.489,59.35,13371185
Guinée,2021,Afrique,4.399,59.37,13710515
Guinée,2022,Afrique,4.303,60.43,14055136
Guinée,2023,Afrique,4.217,60.74,14405469
Guinée,2024,Afrique,4.154,60.9,14754779
Guinée,2025,Afrique,4.091,61.06,15099731
Gambie,1950,Afrique,6.353,31.16,306745
Gambie,1951,Afrique,6.354,31.45,314501
Gambie,1952,Afrique,6.354,31.71,322644
Gambie,1953,Afrique,6.351,31.92,331095
Gambie,1954,Afrique,6.344,32.18,339818
Gambie,1955,Afrique,6.334,32.41,348799
Gambie,1956,Afrique,6.32,32.76,358040
Gambie,1957,Afrique,6.304,33.12,367552
Gambie,1958,Afrique,6.285,33.61,377378
Gambie,1959,Afrique,6.266,34.09,387547
Gambie,1960,Afrique,6.246,34.57,398071
Gambie,1961,Afrique,6.228,35.06,408937
Gambie,1962,Afrique,6.213,35.6,420171
Gambie,1963,Afrique,6.202,36.09,431766
Gambie,1964,Afrique,6.195,36.58,443693
Gambie,1965,Afrique,6.192,37.12,455960
Gambie,1966,Afrique,6.183,37.56,468524
Gambie,1967,Afrique,6.206,38.06,481598
Gambie,1968,Afrique,6.221,38.53,495278
Gambie,1969,Afrique,6.246,39.0,509443
Gambie,1970,Afrique,6.257,39.53,524115
Gambie,1971,Afrique,6.33,40.05,539394
Gambie,1972,Afrique,6.366,40.55,555380
Gambie,1973,Afrique,6.405,41.09,572006
Gambie,1974,Afrique,6.415,41.68,589093
Gambie,1975,Afrique,6.428,42.19,606829
Gambie,1976,Afrique,6.434,42.88,625678
Gambie,1977,Afrique,6.433,43.37,645781
Gambie,1978,Afrique,6.421,43.57,667107
Gambie,1979,Afrique,6.411,44.52,689783
Gambie,1980,Afrique,6.414,44.98,713921
Gambie,1981,Afrique,6.399,44.49,739132
Gambie,1982,Afrique,6.396,46.25,765759
Gambie,1983,Afrique,6.393,46.89,794528
Gambie,1984,Afrique,6.385,47.51,825634
Gambie,1985,Afrique,6.357,48.15,858879
Gambie,1986,Afrique,6.344,48.8,894019
Gambie,1987,Afrique,6.3,49.39,931102
Gambie,1988,Afrique,6.258,50.15,970162
Gambie,1989,Afrique,6.254,50.73,1011367
Gambie,1990,Afrique,6.246,51.28,1054703
Gambie,1991,Afrique,6.191,51.86,1099960
Gambie,1992,Afrique,6.111,52.48,1145583
Gambie,1993,Afrique,6.034,53.15,1188372
Gambie,1994,Afrique,6.035,53.77,1227233
Gambie,1995,Afrique,5.994,54.29,1264320
Gambie,1996,Afrique,5.925,54.85,1301421
Gambie,1997,Afrique,5.851,55.23,1338898
Gambie,1998,Afrique,5.818,56.01,1376994
Gambie,1999,Afrique,5.772,56.47,1415786
Gambie,2000,Afrique,5.716,56.9,1455095
Gambie,2001,Afrique,5.67,57.28,1495023
Gambie,2002,Afrique,5.656,57.74,1535700
Gambie,2003,Afrique,5.656,58.22,1577619
Gambie,2004,Afrique,5.683,58.75,1621309
Gambie,2005,Afrique,5.708,59.11,1667035
Gambie,2006,Afrique,5.736,59.67,1715285
Gambie,2007,Afrique,5.685,60.0,1765778
Gambie,2008,Afrique,5.625,60.47,1817859
Gambie,2009,Afrique,5.574,60.73,1871428
Gambie,2010,Afrique,5.558,61.17,1926634
Gambie,2011,Afrique,5.542,61.56,1983785
Gambie,2012,Afrique,5.519,61.9,2043097
Gambie,2013,Afrique,5.392,62.25,2103825
Gambie,2014,Afrique,5.197,62.58,2164535
Gambie,2015,Afrique,5.003,62.97,2224530
Gambie,2016,Afrique,4.809,63.39,2283775
Gambie,2017,Afrique,4.614,63.71,2342191
Gambie,2018,Afrique,4.42,64.03,2399633
Gambie,2019,Afrique,4.33,64.43,2456847
Gambie,2020,Afrique,4.248,64.42,2515744
Gambie,2021,Afrique,4.165,63.85,2576015
Gambie,2022,Afrique,4.078,64.86,2636472
Gambie,2023,Afrique,4.006,65.86,2697846
Gambie,2024,Afrique,3.946,66.06,2759999
Gambie,2025,Afrique,3.887,66.25,2822094
Guinée-Bissau,1950,Afrique,5.914,35.74,543632
Guinée-Bissau,1951,Afrique,5.909,35.91,549745
Guinée-Bissau,1952,Afrique,5.901,36.09,553920
Guinée-Bissau,1953,Afrique,5.895,36.26,557634
Guinée-Bissau,1954,Afrique,5.892,36.43,560983
Guinée-Bissau,1955,Afrique,5.892,36.6,564074
Guinée-Bissau,1956,Afrique,5.893,36.78,566981
Guinée-Bissau,1957,Afrique,5.898,36.97,569752
Guinée-Bissau,1958,Afrique,5.904,37.14,572426
Guinée-Bissau,1959,Afrique,5.912,37.34,575035
Guinée-Bissau,1960,Afrique,5.921,37.55,577634
Guinée-Bissau,1961,Afrique,5.931,37.79,582546
Guinée-Bissau,1962,Afrique,5.941,38.03,589479
Guinée-Bissau,1963,Afrique,5.951,35.64,594426
Guinée-Bissau,1964,Afrique,5.961,35.81,588550
Guinée-Bissau,1965,Afrique,5.971,35.92,575012
Guinée-Bissau,1966,Afrique,5.982,36.08,566915
Guinée-Bissau,1967,Afrique,5.994,36.34,569016
Guinée-Bissau,1968,Afrique,6.008,36.67,578180
Guinée-Bissau,1969,Afrique,6.024,36.96,581625
Guinée-Bissau,1970,Afrique,6.041,37.26,584409
Guinée-Bissau,1971,Afrique,6.06,37.54,586230
Guinée-Bissau,1972,Afrique,6.078,37.82,586632
Guinée-Bissau,1973,Afrique,6.098,38.17,592815
Guinée-Bissau,1974,Afrique,6.12,41.61,613346
Guinée-Bissau,1975,Afrique,6.15,41.93,650972
Guinée-Bissau,1976,Afrique,6.192,42.25,694194
Guinée-Bissau,1977,Afrique,6.249,42.58,741796
Guinée-Bissau,1978,Afrique,6.32,42.91,791693
Guinée-Bissau,1979,Afrique,6.401,43.24,819878
Guinée-Bissau,1980,Afrique,6.487,43.57,829314
Guinée-Bissau,1981,Afrique,6.569,43.93,842436
Guinée-Bissau,1982,Afrique,6.64,44.29,855899
Guinée-Bissau,1983,Afrique,6.694,44.6,869596
Guinée-Bissau,1984,Afrique,6.727,44.94,883528
Guinée-Bissau,1985,Afrique,6.739,45.27,897707
Guinée-Bissau,1986,Afrique,6.734,45.52,912129
Guinée-Bissau,1987,Afrique,6.717,45.84,926872
Guinée-Bissau,1988,Afrique,6.693,46.28,942065
Guinée-Bissau,1989,Afrique,6.663,46.61,957792
Guinée-Bissau,1990,Afrique,6.501,46.89,973678
Guinée-Bissau,1991,Afrique,6.474,47.2,994640
Guinée-Bissau,1992,Afrique,6.435,47.52,1024365
Guinée-Bissau,1993,Afrique,6.369,47.84,1058755
Guinée-Bissau,1994,Afrique,6.299,47.77,1092037
Guinée-Bissau,1995,Afrique,6.223,48.53,1119950
Guinée-Bissau,1996,Afrique,6.141,48.77,1143544
Guinée-Bissau,1997,Afrique,6.06,48.03,1165550
Guinée-Bissau,1998,Afrique,5.97,48.12,1187478
Guinée-Bissau,1999,Afrique,5.871,48.49,1210211
Guinée-Bissau,2000,Afrique,5.786,50.56,1234747
Guinée-Bissau,2001,Afrique,5.688,51.05,1261281
Guinée-Bissau,2002,Afrique,5.634,51.61,1289317
Guinée-Bissau,2003,Afrique,5.577,52.19,1318809
Guinée-Bissau,2004,Afrique,5.5,52.8,1349569
Guinée-Bissau,2005,Afrique,5.46,52.95,1381590
Guinée-Bissau,2006,Afrique,5.406,54.09,1415315
Guinée-Bissau,2007,Afrique,5.365,54.87,1450989
Guinée-Bissau,2008,Afrique,5.266,55.3,1488059
Guinée-Bissau,2009,Afrique,5.176,56.3,1526384
Guinée-Bissau,2010,Afrique,5.111,57.0,1566352
Guinée-Bissau,2011,Afrique,5.067,57.66,1608084
Guinée-Bissau,2012,Afrique,5.003,58.27,1651425
Guinée-Bissau,2013,Afrique,4.93,58.88,1695980
Guinée-Bissau,2014,Afrique,4.79,59.48,1741126
Guinée-Bissau,2015,Afrique,4.661,60.07,1786461
Guinée-Bissau,2016,Afrique,4.519,60.62,1831898
Guinée-Bissau,2017,Afrique,4.347,61.15,1877074
Guinée-Bissau,2018,Afrique,4.241,61.65,1922167
Guinée-Bissau,2019,Afrique,4.153,62.16,1967704
Guinée-Bissau,2020,Afrique,4.075,61.34,2013259
Guinée-Bissau,2021,Afrique,3.998,61.65,2058841
Guinée-Bissau,2022,Afrique,3.911,63.6,2105535
Guinée-Bissau,2023,Afrique,3.836,64.08,2153343
Guinée-Bissau,2024,Afrique,3.778,64.25,2201360
Guinée-Bissau,2025,Afrique,3.722,64.41,2249521
Guinée équatoriale,1950,Afrique,5.676,40.11,226570
Guinée équatoriale,1951,Afrique,5.673,40.37,230628
Guinée équatoriale,1952,Afrique,5.668,40.63,234690
Guinée équatoriale,1953,Afrique,5.663,40.89,238805
Guinée équatoriale,1954,Afrique,5.659,41.15,242985
Guinée équatoriale,1955,Afrique,5.655,41.41,247228
Guinée équatoriale,1956,Afrique,5.652,41.67,251534
Guinée équatoriale,1957,Afrique,5.649,41.94,255931
Guinée équatoriale,1958,Afrique,5.648,42.2,260397
Guinée équatoriale,1959,Afrique,5.649,42.48,265003
Guinée équatoriale,1960,Afrique,5.653,42.74,269813
Guinée équatoriale,1961,Afrique,5.661,43.01,274907
Guinée équatoriale,1962,Afrique,5.673,43.27,280294
Guinée équatoriale,1963,Afrique,5.69,43.54,285974
Guinée équatoriale,1964,Afrique,5.711,43.8,291954
Guinée équatoriale,1965,Afrique,5.734,44.07,298248
Guinée équatoriale,1966,Afrique,5.756,44.33,304868
Guinée équatoriale,1967,Afrique,5.776,44.59,311814
Guinée équatoriale,1968,Afrique,5.791,44.85,318853
Guinée équatoriale,1969,Afrique,5.802,31.0,322525
Guinée équatoriale,1970,Afrique,5.808,31.09,320815
Guinée équatoriale,1971,Afrique,5.808,37.23,315946
Guinée équatoriale,1972,Afrique,5.805,44.44,309474
Guinée équatoriale,1973,Afrique,5.8,44.66,302293
Guinée équatoriale,1974,Afrique,5.795,41.49,294957
Guinée équatoriale,1975,Afrique,5.791,37.32,287912
Guinée équatoriale,1976,Afrique,5.791,30.54,281042
Guinée équatoriale,1977,Afrique,5.795,42.01,276784
Guinée équatoriale,1978,Afrique,5.804,42.33,276534
Guinée équatoriale,1979,Afrique,5.817,43.03,279848
Guinée équatoriale,1980,Afrique,5.835,48.78,288652
Guinée équatoriale,1981,Afrique,5.856,49.11,303262
Guinée équatoriale,1982,Afrique,5.88,49.67,322226
Guinée équatoriale,1983,Afrique,5.903,50.05,343429
Guinée équatoriale,1984,Afrique,5.926,50.2,364905
Guinée équatoriale,1985,Afrique,5.946,50.6,385553
Guinée équatoriale,1986,Afrique,5.962,50.85,404740
Guinée équatoriale,1987,Afrique,5.974,50.99,422529
Guinée équatoriale,1988,Afrique,5.982,51.18,439659
Guinée équatoriale,1989,Afrique,5.986,51.29,456821
Guinée équatoriale,1990,Afrique,5.987,51.4,474289
Guinée équatoriale,1991,Afrique,5.985,51.5,492220
Guinée équatoriale,1992,Afrique,5.984,51.58,510775
Guinée équatoriale,1993,Afrique,5.981,51.67,530030
Guinée équatoriale,1994,Afrique,5.978,51.78,550148
Guinée équatoriale,1995,Afrique,5.971,51.93,571274
Guinée équatoriale,1996,Afrique,5.96,52.12,593496
Guinée équatoriale,1997,Afrique,5.941,52.37,616897
Guinée équatoriale,1998,Afrique,5.914,52.65,641478
Guinée équatoriale,1999,Afrique,5.878,53.0,667222
Guinée équatoriale,2000,Afrique,5.834,53.4,703287
Guinée équatoriale,2001,Afrique,5.785,53.83,749836
Guinée équatoriale,2002,Afrique,5.731,54.32,797968
Guinée équatoriale,2003,Afrique,5.675,54.79,847867
Guinée équatoriale,2004,Afrique,5.618,55.31,899924
Guinée équatoriale,2005,Afrique,5.559,55.77,947370
Guinée équatoriale,2006,Afrique,5.498,56.35,990349
Guinée équatoriale,2007,Afrique,5.433,56.86,1036053
Guinée équatoriale,2008,Afrique,5.363,57.38,1084538
Guinée équatoriale,2009,Afrique,5.288,57.88,1135683
Guinée équatoriale,2010,Afrique,5.209,58.34,1189097
Guinée équatoriale,2011,Afrique,5.126,58.83,1241843
Guinée équatoriale,2012,Afrique,5.04,59.3,1293485
Guinée équatoriale,2013,Afrique,4.952,59.78,1346220
Guinée équatoriale,2014,Afrique,4.863,60.23,1399829
Guinée équatoriale,2015,Afrique,4.774,60.63,1453925
Guinée équatoriale,2016,Afrique,4.686,61.08,1508192
Guinée équatoriale,2017,Afrique,4.599,61.48,1562401
Guinée équatoriale,2018,Afrique,4.513,61.91,1616425
Guinée équatoriale,2019,Afrique,4.429,62.3,1670184
Guinée équatoriale,2020,Afrique,4.346,62.14,1716479
Guinée équatoriale,2021,Afrique,4.266,62.45,1758796
Guinée équatoriale,2022,Afrique,4.17,63.35,1803549
Guinée équatoriale,2023,Afrique,4.081,63.71,1847556
Guinée équatoriale,2024,Afrique,4.02,63.91,1892523
Guinée équatoriale,2025,Afrique,3.959,64.1,1938436
Grèce,1950,Europe,2.574,66.21,7651080
Grèce,1951,Europe,2.485,66.73,7712877
Grèce,1952,Europe,2.416,67.32,7775541
Grèce,1953,Europe,2.392,67.47,7841269
Grèce,1954,Europe,2.399,68.05,7910864
Grèce,1955,Europe,2.42,68.59,7984712
Grèce,1956,Europe,2.383,68.12,8060991
Grèce,1957,Europe,2.33,68.4,8136981
Grèce,1958,Europe,2.308,69.71,8214992
Grèce,1959,Europe,2.327,69.58,8297715
Grèce,1960,Europe,2.294,70.52,8384484
Grèce,1961,Europe,2.239,70.39,8447008
Grèce,1962,Europe,2.242,70.31,8473374
Grèce,1963,Europe,2.243,70.65,8488371
Grèce,1964,Europe,2.313,70.53,8504000
Grèce,1965,Europe,2.334,71.46,8521368
Grèce,1966,Europe,2.395,71.86,8579991
Grèce,1967,Europe,2.484,71.39,8655153
Grèce,1968,Europe,2.474,71.47,8717916
Grèce,1969,Europe,2.434,72.06,8747069
Grèce,1970,Europe,2.435,72.75,8747778
Grèce,1971,Europe,2.408,72.94,8787031
Grèce,1972,Europe,2.388,72.72,8849379
Grèce,1973,Europe,2.365,72.98,8893404
Grèce,1974,Europe,2.428,73.47,8929111
Grèce,1975,Europe,2.419,73.47,9016969
Grèce,1976,Europe,2.42,73.75,9160211
Grèce,1977,Europe,2.377,73.75,9282025
Grèce,1978,Europe,2.371,74.44,9389966
Grèce,1979,Europe,2.356,74.67,9526008
Grèce,1980,Europe,2.297,74.48,9653419
Grèce,1981,Europe,2.17,74.91,9754398
Grèce,1982,Europe,2.082,75.21,9837470
Grèce,1983,Europe,1.989,75.5,9911493
Grèce,1984,Europe,1.871,75.78,9978779
Grèce,1985,Europe,1.744,76.14,10037038
Grèce,1986,Europe,1.66,76.54,10088766
Grèce,1987,Europe,1.581,76.11,10134533
Grèce,1988,Europe,1.542,77.0,10177007
Grèce,1989,Europe,1.485,77.13,10218041
Grèce,1990,Europe,1.466,77.3,10258494
Grèce,1991,Europe,1.459,77.39,10306645
Grèce,1992,Europe,1.452,77.31,10359895
Grèce,1993,Europe,1.426,77.69,10412752
Grèce,1994,Europe,1.414,77.86,10466266
Grèce,1995,Europe,1.385,77.89,10519233
Grèce,1996,Europe,1.365,78.04,10570083
Grèce,1997,Europe,1.357,78.4,10622327
Grèce,1998,Europe,1.339,78.3,10675411
Grèce,1999,Europe,1.326,78.42,10727953
Grèce,2000,Europe,1.331,78.44,10782638
Grèce,2001,Europe,1.327,78.91,10843166
Grèce,2002,Europe,1.335,79.03,10890287
Grèce,2003,Europe,1.333,79.08,10918467
Grèce,2004,Europe,1.34,79.35,10947369
Grèce,2005,Europe,1.358,79.65,10981340
Grèce,2006,Europe,1.403,79.76,11016107
Grèce,2007,Europe,1.416,79.66,11045737
Grèce,2008,Europe,1.494,80.11,11076874
Grèce,2009,Europe,1.507,80.37,11108067
Grèce,2010,Europe,1.485,80.57,11124666
Grèce,2011,Europe,1.395,80.62,11108838
Grèce,2012,Europe,1.345,80.42,11048291
Grèce,2013,Europe,1.292,81.07,10967534
Grèce,2014,Europe,1.298,81.12,10893169
Grèce,2015,Europe,1.328,80.79,10820902
Grèce,2016,Europe,1.382,81.27,10775506
Grèce,2017,Europe,1.35,80.96,10753532
Grèce,2018,Europe,1.35,81.5,10730846
Grèce,2019,Europe,1.337,81.35,10718581
Grèce,2020,Europe,1.386,81.54,10699370
Grèce,2021,Europe,1.432,80.53,10579561
Grèce,2022,Europe,1.308,79.94,10412481
Grèce,2023,Europe,1.334,81.86,10242910
Grèce,2024,Europe,1.338,82.03,10047813
Grèce,2025,Europe,1.342,82.22,9938847
Guatemala,1950,Amériques,6.804,37.8,3097199
Guatemala,1951,Amériques,6.841,38.34,3177369
Guatemala,1952,Amériques,6.876,38.92,3261653
Guatemala,1953,Amériques,6.898,39.5,3348816
Guatemala,1954,Amériques,6.923,40.06,3439109
Guatemala,1955,Amériques,6.95,40.68,3533311
Guatemala,1956,Amériques,6.977,41.29,3631180
Guatemala,1957,Amériques,7.015,41.92,3732743
Guatemala,1958,Amériques,7.006,43.14,3837036
Guatemala,1959,Amériques,7.006,44.33,3946497
Guatemala,1960,Amériques,6.999,45.76,4063659
Guatemala,1961,Amériques,6.979,46.12,4186205
Guatemala,1962,Amériques,6.934,46.49,4312050
Guatemala,1963,Amériques,6.899,46.62,4440271
Guatemala,1964,Amériques,6.871,47.05,4571105
Guatemala,1965,Amériques,6.839,47.19,4704973
Guatemala,1966,Amériques,6.802,47.51,4840960
Guatemala,1967,Amériques,6.755,47.73,4978867
Guatemala,1968,Amériques,6.699,47.76,5118119
Guatemala,1969,Amériques,6.646,47.52,5257088
Guatemala,1970,Amériques,6.6,48.51,5396972
Guatemala,1971,Amériques,6.546,50.28,5538359
Guatemala,1972,Amériques,6.511,51.82,5682834
Guatemala,1973,Amériques,6.487,52.85,5831640
Guatemala,1974,Amériques,6.458,53.02,5981201
Guatemala,1975,Amériques,6.41,52.83,6128733
Guatemala,1976,Amériques,6.368,47.62,6262409
Guatemala,1977,Amériques,6.319,55.18,6401516
Guatemala,1978,Amériques,6.261,56.41,6561540
Guatemala,1979,Amériques,6.216,56.6,6727798
Guatemala,1980,Amériques,6.171,55.3,6900215
Guatemala,1981,Amériques,6.121,54.71,7075648
Guatemala,1982,Amériques,6.057,48.86,7240249
Guatemala,1983,Amériques,5.976,57.91,7419642
Guatemala,1984,Amériques,5.855,59.07,7630682
Guatemala,1985,Amériques,5.729,59.79,7849691
Guatemala,1986,Amériques,5.663,60.34,8070818
Guatemala,1987,Amériques,5.639,60.99,8296488
Guatemala,1988,Amériques,5.621,61.54,8532104
Guatemala,1989,Amériques,5.559,61.74,8775549
Guatemala,1990,Amériques,5.48,61.77,9024775
Guatemala,1991,Amériques,5.377,61.93,9272592
Guatemala,1992,Amériques,5.314,61.99,9522265
Guatemala,1993,Amériques,5.254,62.44,9779760
Guatemala,1994,Amériques,5.191,63.03,10043713
Guatemala,1995,Amériques,5.105,63.66,10312999
Guatemala,1996,Amériques,5.008,64.54,10583528
Guatemala,1997,Amériques,4.906,65.25,10857754
Guatemala,1998,Amériques,4.8,65.97,11139147
Guatemala,1999,Amériques,4.687,66.63,11422977
Guatemala,2000,Amériques,4.583,67.1,11697592
Guatemala,2001,Amériques,4.502,67.44,11969423
Guatemala,2002,Amériques,4.371,67.83,12246923
Guatemala,2003,Amériques,4.25,68.2,12525843
Guatemala,2004,Amériques,4.134,68.25,12807409
Guatemala,2005,Amériques,3.974,68.17,13087637
Guatemala,2006,Amériques,3.845,68.79,13367455
Guatemala,2007,Amériques,3.716,69.3,13652042
Guatemala,2008,Amériques,3.571,69.49,13935172
Guatemala,2009,Amériques,3.465,69.68,14215614
Guatemala,2010,Amériques,3.375,69.89,14500118
Guatemala,2011,Amériques,3.292,70.32,14792123
Guatemala,2012,Amériques,3.219,70.72,15089639
Guatemala,2013,Amériques,3.151,70.88,15387339
Guatemala,2014,Amériques,3.088,70.94,15681725
Guatemala,2015,Amériques,3.029,70.92,15971745
Guatemala,2016,Amériques,2.973,71.22,16268761
Guatemala,2017,Amériques,2.857,71.58,16567363
Guatemala,2018,Amériques,2.743,71.5,16845688
Guatemala,2019,Amériques,2.593,71.64,17103803
Guatemala,2020,Amériques,2.47,69.97,17357331
Guatemala,2021,Amériques,2.388,67.86,17598652
Guatemala,2022,Amériques,2.343,71.21,17847877
Guatemala,2023,Amériques,2.311,72.6,18124841
Guatemala,2024,Amériques,2.276,72.75,18406366
Guatemala,2025,Amériques,2.242,72.89,18687881
Hong Kong,1950,Asie,4.255,57.82,1978347
Hong Kong,1951,Asie,4.349,58.72,2069492
Hong Kong,1952,Asie,4.389,59.77,2164804
Hong Kong,1953,Asie,4.427,60.86,2264328
Hong Kong,1954,Asie,4.461,61.92,2368614
Hong Kong,1955,Asie,4.55,62.77,2478199
Hong Kong,1956,Asie,4.64,63.45,2594259
Hong Kong,1957,Asie,4.763,64.05,2717187
Hong Kong,1958,Asie,4.88,64.69,2845505
Hong Kong,1959,Asie,4.998,65.39,2974551
Hong Kong,1960,Asie,5.085,66.15,3094853
Hong Kong,1961,Asie,5.169,66.87,3076660
Hong Kong,1962,Asie,5.177,67.31,2889091
Hong Kong,1963,Asie,5.152,68.02,2662600
Hong Kong,1964,Asie,5.085,68.58,3136041
Hong Kong,1965,Asie,4.923,68.89,3855425
Hong Kong,1966,Asie,4.464,69.29,4015304
Hong Kong,1967,Asie,4.123,69.93,3474133
Hong Kong,1968,Asie,3.783,70.69,3065330
Hong Kong,1969,Asie,3.599,71.03,3395527
Hong Kong,1970,Asie,3.386,71.27,3739916
Hong Kong,1971,Asie,3.4,71.47,3989231
Hong Kong,1972,Asie,3.254,71.67,4117125
Hong Kong,1973,Asie,3.135,72.21,4223248
Hong Kong,1974,Asie,2.954,72.54,4330727
Hong Kong,1975,Asie,2.627,72.82,4438382
Hong Kong,1976,Asie,2.421,73.04,4545134
Hong Kong,1977,Asie,2.308,73.31,4650487
Hong Kong,1978,Asie,2.205,73.58,4754069
Hong Kong,1979,Asie,2.117,73.9,4857668
Hong Kong,1980,Asie,2.061,74.25,4962488
Hong Kong,1981,Asie,1.953,74.6,5060960
Hong Kong,1982,Asie,1.872,74.93,5150097
Hong Kong,1983,Asie,1.745,75.3,5235115
Hong Kong,1984,Asie,1.585,75.67,5315980
Hong Kong,1985,Asie,1.504,76.25,5393122
Hong Kong,1986,Asie,1.391,76.69,5451437
Hong Kong,1987,Asie,1.339,77.06,5486376
Hong Kong,1988,Asie,1.403,77.09,5514904
Hong Kong,1989,Asie,1.316,77.23,5540576
Hong Kong,1990,Asie,1.283,77.45,5560599
Hong Kong,1991,Asie,1.299,77.69,5628091
Hong Kong,1992,Asie,1.359,77.99,5759558
Hong Kong,1993,Asie,1.359,78.33,5902506
Hong Kong,1994,Asie,1.368,78.72,6042259
Hong Kong,1995,Asie,1.304,79.11,6177105
Hong Kong,1996,Asie,1.203,79.45,6302469
Hong Kong,1997,Asie,1.123,79.73,6416674
Hong Kong,1998,Asie,1.025,80.07,6521331
Hong Kong,1999,Asie,0.994,80.39,6616524
Hong Kong,2000,Asie,1.027,80.7,6704665
Hong Kong,2001,Asie,0.941,80.99,6774243
Hong Kong,2002,Asie,0.932,81.18,6821412
Hong Kong,2003,Asie,0.904,81.14,6858906
Hong Kong,2004,Asie,0.921,81.45,6888164
Hong Kong,2005,Asie,0.957,81.67,6908483
Hong Kong,2006,Asie,0.987,81.95,6931089
Hong Kong,2007,Asie,1.03,82.14,6971344
Hong Kong,2008,Asie,1.054,82.34,7020689
Hong Kong,2009,Asie,1.05,82.59,7064464
Hong Kong,2010,Asie,1.12,82.86,7101614
Hong Kong,2011,Asie,1.136,83.16,7142969
Hong Kong,2012,Asie,1.207,83.42,7201059
Hong Kong,2013,Asie,1.265,83.69,7264330
Hong Kong,2014,Asie,1.201,83.93,7319502
Hong Kong,2015,Asie,1.227,84.15,7366411
Hong Kong,2016,Asie,1.205,84.38,7408006
Hong Kong,2017,Asie,1.136,84.66,7444889
Hong Kong,2018,Asie,1.086,84.99,7471190
Hong Kong,2019,Asie,1.055,85.26,7485817
Hong Kong,2020,Asie,0.892,84.71,7490240
Hong Kong,2021,Asie,0.778,85.08,7484604
Hong Kong,2022,Asie,0.708,83.48,7465913
Hong Kong,2023,Asie,0.717,85.51,7442738
Hong Kong,2024,Asie,0.706,85.63,7414914
Hong Kong,2025,Asie,0.696,85.77,7396075
Honduras,1950,Amériques,7.469,41.05,1558941
Honduras,1951,Amériques,7.479,41.59,1601493
Honduras,1952,Amériques,7.496,42.02,1645832
Honduras,1953,Amériques,7.507,42.53,1691967
Honduras,1954,Amériques,7.512,43.04,1739823
Honduras,1955,Amériques,7.513,43.67,1789399
Honduras,1956,Amériques,7.508,44.25,1840670
Honduras,1957,Amériques,7.498,44.93,1893583
Honduras,1958,Amériques,7.485,45.63,1948157
Honduras,1959,Amériques,7.471,46.38,2004321
Honduras,1960,Amériques,7.458,47.15,2062067
Honduras,1961,Amériques,7.448,47.71,2121245
Honduras,1962,Amériques,7.443,48.65,2182064
Honduras,1963,Amériques,7.441,49.38,2244884
Honduras,1964,Amériques,7.443,50.2,2309861
Honduras,1965,Amériques,7.442,50.86,2377163
Honduras,1966,Amériques,7.41,51.59,2446752
Honduras,1967,Amériques,7.359,52.33,2518650
Honduras,1968,Amériques,7.295,53.04,2593057
Honduras,1969,Amériques,7.228,53.71,2670286
Honduras,1970,Amériques,7.172,54.36,2750721
Honduras,1971,Amériques,7.113,55.01,2834624
Honduras,1972,Amériques,7.058,55.69,2922075
Honduras,1973,Amériques,6.985,54.56,3011471
Honduras,1974,Amériques,6.913,52.52,3099844
Honduras,1975,Amériques,6.866,57.52,3193239
Honduras,1976,Amériques,6.814,58.15,3294460
Honduras,1977,Amériques,6.732,58.7,3398659
Honduras,1978,Amériques,6.634,59.25,3505466
Honduras,1979,Amériques,6.531,59.83,3614990
Honduras,1980,Amériques,6.418,60.39,3727179
Honduras,1981,Amériques,6.301,61.03,3841781
Honduras,1982,Amériques,6.179,61.69,3958735
Honduras,1983,Amériques,6.059,62.41,4078177
Honduras,1984,Amériques,5.935,62.82,4199855
Honduras,1985,Amériques,5.816,63.22,4323338
Honduras,1986,Amériques,5.7,63.65,4448905
Honduras,1987,Amériques,5.581,64.07,4576911
Honduras,1988,Amériques,5.468,64.39,4707683
Honduras,1989,Amériques,5.354,64.78,4841843
Honduras,1990,Amériques,5.271,65.18,4980493
Honduras,1991,Amériques,5.191,65.58,5123797
Honduras,1992,Amériques,5.113,65.91,5271437
Honduras,1993,Amériques,5.028,66.07,5423253
Honduras,1994,Amériques,4.935,66.52,5579247
Honduras,1995,Amériques,4.835,66.92,5739636
Honduras,1996,Amériques,4.713,67.26,5903962
Honduras,1997,Amériques,4.59,67.54,6071458
Honduras,1998,Amériques,4.473,62.43,6234436
Honduras,1999,Amériques,4.366,68.0,6400470
Honduras,2000,Amériques,4.289,68.3,6577781
Honduras,2001,Amériques,4.153,68.49,6757992
Honduras,2002,Amériques,4.0,68.71,6938866
Honduras,2003,Amériques,3.844,68.87,7119213
Honduras,2004,Amériques,3.71,69.05,7299003
Honduras,2005,Amériques,3.577,69.2,7478362
Honduras,2006,Amériques,3.449,69.36,7656832
Honduras,2007,Amériques,3.351,69.54,7834806
Honduras,2008,Amériques,3.26,69.66,8012590
Honduras,2009,Amériques,3.173,69.82,8189904
Honduras,2010,Amériques,3.078,69.77,8365881
Honduras,2011,Amériques,2.998,70.12,8540587
Honduras,2012,Amériques,2.927,70.46,8715081
Honduras,2013,Amériques,2.855,70.77,8889276
Honduras,2014,Amériques,2.793,71.03,9063127
Honduras,2015,Amériques,2.746,71.32,9237306
Honduras,2016,Amériques,2.704,71.61,9412380
Honduras,2017,Amériques,2.663,71.81,9588144
Honduras,2018,Amériques,2.645,72.0,9765209
Honduras,2019,Amériques,2.611,72.12,9943637
Honduras,2020,Amériques,2.577,70.86,10119638
Honduras,2021,Amériques,2.548,69.49,10289881
Honduras,2022,Amériques,2.522,72.72,10463880
Honduras,2023,Amériques,2.5,72.88,10644853
Honduras,2024,Amériques,2.469,73.04,10825704
Honduras,2025,Amériques,2.439,73.22,11005852
Croatie,1992,Europe,1.462,71.72,4782235
Croatie,1993,Europe,1.508,72.31,4729734
Croatie,1994,Europe,1.52,72.61,4675517
Croatie,1995,Europe,1.579,72.56,4619362
Croatie,1996,Europe,1.675,72.97,4562290
Croatie,1997,Europe,1.685,72.99,4504627
Croatie,1998,Europe,1.499,73.19,4445669
Croatie,1999,Europe,1.438,73.61,4385823
Croatie,2000,Europe,1.423,74.0,4326105
Croatie,2001,Europe,1.458,74.36,4301079
Croatie,2002,Europe,1.428,74.65,4305783
Croatie,2003,Europe,1.412,74.71,4306683
Croatie,2004,Europe,1.419,75.27,4310050
Croatie,2005,Europe,1.506,75.57,4313946
Croatie,2006,Europe,1.469,75.68,4315802
Croatie,2007,Europe,1.487,75.89,4315959
Croatie,2008,Europe,1.555,76.0,4314635
Croatie,2009,Europe,1.588,76.31,4310537
Croatie,2010,Europe,1.551,76.68,4301150
Croatie,2011,Europe,1.485,76.99,4280827
Croatie,2012,Europe,1.516,77.28,4259233
Croatie,2013,Europe,1.461,77.51,4242403
Croatie,2014,Europe,1.461,77.51,4219485
Croatie,2015,Europe,1.403,77.63,4183732
Croatie,2016,Europe,1.427,77.63,4136438
Croatie,2017,Europe,1.423,77.73,4079198
Croatie,2018,Europe,1.472,77.86,4024868
Croatie,2019,Europe,1.47,78.2,3986338
Croatie,2020,Europe,1.484,77.5,3953956
Croatie,2021,Europe,1.624,77.14,3924607
Croatie,2022,Europe,1.53,78.28,3907031
Croatie,2023,Europe,1.468,78.58,3896023
Croatie,2024,Europe,1.469,78.75,3875325
Croatie,2025,Europe,1.47,78.92,3848164
Haïti,1950,Amériques,6.251,37.24,3265716
Haïti,1951,Amériques,6.241,38.08,3314920
Haïti,1952,Amériques,6.241,38.78,3366271
Haïti,1953,Amériques,6.233,39.53,3419842
Haïti,1954,Amériques,6.223,40.05,3475540
Haïti,1955,Amériques,6.23,40.95,3533747
Haïti,1956,Amériques,6.232,41.6,3594808
Haïti,1957,Amériques,6.199,42.15,3657822
Haïti,1958,Amériques,6.196,42.62,3722713
Haïti,1959,Amériques,6.198,43.02,3789692
Haïti,1960,Amériques,6.178,43.44,3858447
Haïti,1961,Amériques,6.179,43.83,3929036
Haïti,1962,Amériques,6.175,44.2,4001578
Haïti,1963,Amériques,6.173,42.72,4073068
Haïti,1964,Amériques,6.164,44.93,4146245
Haïti,1965,Amériques,6.129,45.37,4223822
Haïti,1966,Amériques,6.093,45.56,4302647
Haïti,1967,Amériques,6.051,46.13,4383003
Haïti,1968,Amériques,6.009,46.52,4465327
Haïti,1969,Amériques,5.957,46.9,4549340
Haïti,1970,Amériques,5.911,47.27,4635126
Haïti,1971,Amériques,5.877,47.62,4723251
Haïti,1972,Amériques,5.849,47.88,4813866
Haïti,1973,Amériques,5.811,48.19,4906746
Haïti,1974,Amériques,5.781,48.46,5001803
Haïti,1975,Amériques,5.748,48.72,5099095
Haïti,1976,Amériques,5.71,48.97,5198354
Haïti,1977,Amériques,5.674,49.23,5299480
Haïti,1978,Amériques,5.642,49.48,5402580
Haïti,1979,Amériques,5.594,49.75,5507590
Haïti,1980,Amériques,5.557,49.97,5614494
Haïti,1981,Amériques,5.533,50.31,5723727
Haïti,1982,Amériques,5.526,50.63,5835939
Haïti,1983,Amériques,5.513,50.95,5951101
Haïti,1984,Amériques,5.505,51.25,6069238
Haïti,1985,Amériques,5.495,51.58,6190868
Haïti,1986,Amériques,5.479,51.87,6316123
Haïti,1987,Amériques,5.471,52.24,6445125
Haïti,1988,Amériques,5.472,52.55,6578150
Haïti,1989,Amériques,5.444,52.88,6714732
Haïti,1990,Amériques,5.414,53.22,6854444
Haïti,1991,Amériques,5.317,53.52,6995455
Haïti,1992,Amériques,5.208,54.04,7136577
Haïti,1993,Amériques,5.099,54.48,7278182
Haïti,1994,Amériques,4.991,54.73,7419776
Haïti,1995,Amériques,4.884,55.58,7562551
Haïti,1996,Amériques,4.777,56.11,7707560
Haïti,1997,Amériques,4.669,56.67,7854304
Haïti,1998,Amériques,4.561,57.14,8002144
Haïti,1999,Amériques,4.452,57.69,8151301
Haïti,2000,Amériques,4.39,58.17,8303151
Haïti,2001,Amériques,4.248,58.59,8455917
Haïti,2002,Amériques,4.125,59.04,8607648
Haïti,2003,Amériques,4.047,59.44,8759913
Haïti,2004,Amériques,3.943,58.52,8910267
Haïti,2005,Amériques,3.835,60.32,9061274
Haïti,2006,Amériques,3.761,60.74,9216569
Haïti,2007,Amériques,3.687,61.09,9373300
Haïti,2008,Amériques,3.621,61.28,9530782
Haïti,2009,Amériques,3.565,61.69,9689585
Haïti,2010,Amériques,3.497,45.58,9803299
Haïti,2011,Amériques,3.431,61.58,9914904
Haïti,2012,Amériques,3.321,62.27,10069770
Haïti,2013,Amériques,3.221,62.62,10222365
Haïti,2014,Amériques,3.164,62.97,10373241
Haïti,2015,Amériques,3.11,63.22,10523249
Haïti,2016,Amériques,3.054,63.33,10671462
Haïti,2017,Amériques,2.985,63.83,10817759
Haïti,2018,Amériques,2.924,64.08,10962373
Haïti,2019,Amériques,2.862,64.33,11105165
Haïti,2020,Amériques,2.804,63.77,11243846
Haïti,2021,Amériques,2.748,62.61,11374592
Haïti,2022,Amériques,2.699,63.95,11503603
Haïti,2023,Amériques,2.656,64.94,11637402
Haïti,2024,Amériques,2.616,65.12,11772562
Haïti,2025,Amériques,2.577,65.3,11906094
Hongrie,1950,Europe,2.615,62.14,9337883
Hongrie,1951,Europe,2.544,62.47,9423178
Hongrie,1952,Europe,2.484,63.93,9503933
Hongrie,1953,Europe,2.75,63.85,9594481
Hongrie,1954,Europe,2.964,65.43,9704596
Hongrie,1955,Europe,2.817,66.9,9823216
Hongrie,1956,Europe,2.607,66.0,9853996
Hongrie,1957,Europe,2.296,66.35,9837926
Hongrie,1958,Europe,2.176,67.44,9880680
Hongrie,1959,Europe,2.079,67.33,9936845
Hongrie,1960,Europe,2.021,68.09,9983383
Hongrie,1961,Europe,1.937,69.02,10026515
Hongrie,1962,Europe,1.801,67.94,10058067
Hongrie,1963,Europe,1.82,68.94,10083843
Hongrie,1964,Europe,1.814,69.47,10114375
Hongrie,1965,Europe,1.82,69.15,10141118
Hongrie,1966,Europe,1.89,69.9,10170409
Hongrie,1967,Europe,2.013,69.46,10206812
Hongrie,1968,Europe,2.067,69.34,10244548
Hongrie,1969,Europe,2.041,69.38,10281595
Hongrie,1970,Europe,1.98,69.22,10315142
Hongrie,1971,Europe,1.931,69.08,10343972
Hongrie,1972,Europe,1.931,69.72,10374303
Hongrie,1973,Europe,1.952,69.6,10407441
Hongrie,1974,Europe,2.284,69.27,10453918
Hongrie,1975,Europe,2.363,69.42,10515654
Hongrie,1976,Europe,2.251,69.66,10573770
Hongrie,1977,Europe,2.164,69.94,10623145
Hongrie,1978,Europe,2.077,69.47,10660190
Hongrie,1979,Europe,2.018,69.67,10688259
Hongrie,1980,Europe,1.92,69.09,10695372
Hongrie,1981,Europe,1.877,69.15,10679329
Hongrie,1982,Europe,1.796,69.35,10656109
Hongrie,1983,Europe,1.745,68.93,10622989
Hongrie,1984,Europe,1.757,68.97,10584329
Hongrie,1985,Europe,1.847,68.9,10547258
Hongrie,1986,Europe,1.846,69.11,10511099
Hongrie,1987,Europe,1.829,69.56,10475103
Hongrie,1988,Europe,1.816,69.94,10440534
Hongrie,1989,Europe,1.819,69.39,10403421
Hongrie,1990,Europe,1.857,69.37,10381280
Hongrie,1991,Europe,1.863,69.44,10378174
Hongrie,1992,Europe,1.77,69.17,10371477
Hongrie,1993,Europe,1.686,69.18,10356869
Hongrie,1994,Europe,1.64,69.6,10339936
Hongrie,1995,Europe,1.568,69.97,10322792
Hongrie,1996,Europe,1.458,70.6,10302238
Hongrie,1997,Europe,1.377,71.0,10278600
Hongrie,1998,Europe,1.326,70.92,10251717
Hongrie,1999,Europe,1.29,71.04,10219797
Hongrie,2000,Europe,1.32,71.76,10190598
Hongrie,2001,Europe,1.312,72.39,10166693
Hongrie,2002,Europe,1.303,72.51,10138461
Hongrie,2003,Europe,1.275,72.51,10108970
Hongrie,2004,Europe,1.281,72.91,10085788
Hongrie,2005,Europe,1.312,72.86,10065703
Hongrie,2006,Europe,1.341,73.34,10049946
Hongrie,2007,Europe,1.322,73.43,10034084
Hongrie,2008,Europe,1.346,73.96,10016653
Hongrie,2009,Europe,1.321,74.18,10001381
Hongrie,2010,Europe,1.257,74.52,9979128
Hongrie,2011,Europe,1.25,74.92,9946675
Hongrie,2012,Europe,1.334,75.18,9916621
Hongrie,2013,Europe,1.35,75.68,9889344
Hongrie,2014,Europe,1.424,75.85,9862843
Hongrie,2015,Europe,1.446,75.65,9839211
Hongrie,2016,Europe,1.514,76.16,9810529
Hongrie,2017,Europe,1.524,76.01,9785608
Hongrie,2018,Europe,1.522,76.2,9774395
Hongrie,2019,Europe,1.531,76.45,9770346
Hongrie,2020,Europe,1.576,75.73,9749459
Hongrie,2021,Europe,1.605,74.19,9707848
Hongrie,2022,Europe,1.55,76.21,9684308
Hongrie,2023,Europe,1.486,77.02,9686465
Hongrie,2024,Europe,1.493,77.18,9676135
Hongrie,2025,Europe,1.5,77.33,9632286
Indonésie,1950,Asie,5.109,40.21,68799031
Indonésie,1951,Asie,5.159,40.83,70286313
Indonésie,1952,Asie,5.21,41.54,71876439
Indonésie,1953,Asie,5.256,42.21,73569145
Indonésie,1954,Asie,5.314,42.91,75367367
Indonésie,1955,Asie,5.362,43.59,77273505
Indonésie,1956,Asie,5.393,44.3,79282557
Indonésie,1957,Asie,5.418,44.99,81390843
Indonésie,1958,Asie,5.448,45.42,83592765
Indonésie,1959,Asie,5.476,46.2,85892866
Indonésie,1960,Asie,5.505,46.84,88296074
Indonésie,1961,Asie,5.522,47.38,90791252
Indonésie,1962,Asie,5.534,48.14,93375848
Indonésie,1963,Asie,5.551,48.74,96051426
Indonésie,1964,Asie,5.568,49.44,98833758
Indonésie,1965,Asie,5.593,42.76,101365131
Indonésie,1966,Asie,5.593,48.41,103792758
Indonésie,1967,Asie,5.583,51.31,106526398
Indonésie,1968,Asie,5.568,51.89,109450008
Indonésie,1969,Asie,5.553,52.59,112517639
Indonésie,1970,Asie,5.488,53.25,115657496
Indonésie,1971,Asie,5.397,53.82,118833700
Indonésie,1972,Asie,5.315,54.36,122039844
Indonésie,1973,Asie,5.246,54.92,125288516
Indonésie,1974,Asie,5.089,55.44,128555052
Indonésie,1975,Asie,5.032,56.0,131843848
Indonésie,1976,Asie,4.921,56.45,135173656
Indonésie,1977,Asie,4.807,57.09,138533540
Indonésie,1978,Asie,4.732,57.61,141953161
Indonésie,1979,Asie,4.625,58.18,145434830
Indonésie,1980,Asie,4.495,58.7,148950537
Indonésie,1981,Asie,4.356,59.1,152485036
Indonésie,1982,Asie,4.247,59.7,156052153
Indonésie,1983,Asie,4.109,60.34,159651382
Indonésie,1984,Asie,3.956,60.89,163251124
Indonésie,1985,Asie,3.725,61.39,166776183
Indonésie,1986,Asie,3.53,61.74,170175065
Indonésie,1987,Asie,3.42,62.09,173511157
Indonésie,1988,Asie,3.353,62.39,176855071
Indonésie,1989,Asie,3.247,62.88,180201638
Indonésie,1990,Asie,3.114,63.25,183501097
Indonésie,1991,Asie,3.058,63.7,186778239
Indonésie,1992,Asie,2.95,64.18,190043742
Indonésie,1993,Asie,2.9,64.85,193305169
Indonésie,1994,Asie,2.851,65.04,196591829
Indonésie,1995,Asie,2.809,65.26,199888055
Indonésie,1996,Asie,2.782,65.47,203204353
Indonésie,1997,Asie,2.742,65.77,206536089
Indonésie,1998,Asie,2.66,65.94,209826791
Indonésie,1999,Asie,2.568,66.0,213004667
Indonésie,2000,Asie,2.503,66.29,216077789
Indonésie,2001,Asie,2.466,66.58,219097905
Indonésie,2002,Asie,2.436,66.95,222088499
Indonésie,2003,Asie,2.41,67.13,225048005
Indonésie,2004,Asie,2.415,65.52,227926649
Indonésie,2005,Asie,2.452,67.53,230871648
Indonésie,2006,Asie,2.457,67.66,233951650
Indonésie,2007,Asie,2.476,67.91,237062338
Indonésie,2008,Asie,2.44,68.08,240157902
Indonésie,2009,Asie,2.442,68.27,243220024
Indonésie,2010,Asie,2.462,68.36,246305327
Indonésie,2011,Asie,2.515,68.63,249470029
Indonésie,2012,Asie,2.514,68.86,252698525
Indonésie,2013,Asie,2.441,69.06,255852464
Indonésie,2014,Asie,2.393,69.29,258877395
Indonésie,2015,Asie,2.346,69.52,261799249
Indonésie,2016,Asie,2.311,69.73,264627429
Indonésie,2017,Asie,2.253,69.95,267346654
Indonésie,2018,Asie,2.219,70.08,269951847
Indonésie,2019,Asie,2.205,70.35,272489381
Indonésie,2020,Asie,2.189,68.82,274814861
Indonésie,2021,Asie,2.166,67.45,276758056
Indonésie,2022,Asie,2.149,70.92,278830527
Indonésie,2023,Asie,2.127,71.15,281190068
Indonésie,2024,Asie,2.099,71.29,283487933
Indonésie,2025,Asie,2.072,71.44,285721230
Inde,1950,Asie,5.732,41.18,346278818
Inde,1951,Asie,5.772,41.59,353870058
Inde,1952,Asie,5.821,42.09,361874906
Inde,1953,Asie,5.865,42.39,370104570
Inde,1954,Asie,5.906,43.25,378687141
Inde,1955,Asie,5.911,43.74,387700892
Inde,1956,Asie,5.913,44.13,396988905
Inde,1957,Asie,5.913,44.41,406253895
Inde,1958,Asie,5.903,44.78,415777436
Inde,1959,Asie,5.892,45.26,425780669
Inde,1960,Asie,5.921,45.61,435990342
Inde,1961,Asie,5.937,45.82,446564731
Inde,1962,Asie,5.953,46.13,457283091
Inde,1963,Asie,5.969,46.46,468138576
Inde,1964,Asie,5.979,46.74,479229599
Inde,1965,Asie,5.941,45.56,490140142
Inde,1966,Asie,5.881,45.88,500740250
Inde,1967,Asie,5.825,46.18,511606377
Inde,1968,Asie,5.76,47.92,522716893
Inde,1969,Asie,5.684,48.26,533880545
Inde,1970,Asie,5.624,48.59,545864271
Inde,1971,Asie,5.565,48.9,558096385
Inde,1972,Asie,5.482,49.21,570482138
Inde,1973,Asie,5.402,49.64,583465599
Inde,1974,Asie,5.325,50.26,597041391
Inde,1975,Asie,5.195,50.76,611309536
Inde,1976,Asie,5.13,51.3,625861887
Inde,1977,Asie,5.007,51.82,640801106
Inde,1978,Asie,4.888,52.42,655728226
Inde,1979,Asie,4.808,53.01,671155746
Inde,1980,Asie,4.775,53.59,687354029
Inde,1981,Asie,4.698,54.17,703696251
Inde,1982,Asie,4.62,54.73,720313473
Inde,1983,Asie,4.565,55.28,737372683
Inde,1984,Asie,4.516,55.81,754875449
Inde,1985,Asie,4.432,56.32,772647800
Inde,1986,Asie,4.399,56.82,790689977
Inde,1987,Asie,4.311,57.29,808931268
Inde,1988,Asie,4.222,57.74,827342994
Inde,1989,Asie,4.132,58.2,846039528
Inde,1990,Asie,4.045,58.62,864972221
Inde,1991,Asie,3.959,59.03,883927605
Inde,1992,Asie,3.877,59.45,902957075
Inde,1993,Asie,3.799,59.82,922118380
Inde,1994,Asie,3.723,60.24,941163772
Inde,1995,Asie,3.651,60.63,960301046
Inde,1996,Asie,3.582,61.03,979678460
Inde,1997,Asie,3.514,61.44,999133764
Inde,1998,Asie,3.446,61.85,1018665080
Inde,1999,Asie,3.383,62.28,1038225822
Inde,2000,Asie,3.35,62.75,1057922731
Inde,2001,Asie,3.303,63.16,1077898579
Inde,2002,Asie,3.217,63.65,1097600380
Inde,2003,Asie,3.122,64.09,1116803000
Inde,2004,Asie,3.046,64.48,1135991509
Inde,2005,Asie,2.958,64.94,1154676321
Inde,2006,Asie,2.867,65.37,1172878888
Inde,2007,Asie,2.775,65.8,1190676028
Inde,2008,Asie,2.711,66.25,1207930960
Inde,2009,Asie,2.674,66.7,1225524764
Inde,2010,Asie,2.598,67.16,1243481565
Inde,2011,Asie,2.532,67.62,1261224956
Inde,2012,Asie,2.47,68.08,1278674501
Inde,2013,Asie,2.399,68.5,1295829507
Inde,2014,Asie,2.293,68.93,1312277184
Inde,2015,Asie,2.289,69.33,1328024494
Inde,2016,Asie,2.284,69.71,1343944296
Inde,2017,Asie,2.193,70.07,1359657398
Inde,2018,Asie,2.184,70.42,1374659067
Inde,2019,Asie,2.12,70.75,1389030307
Inde,2020,Asie,2.047,70.16,1402617694
Inde,2021,Asie,2.014,67.28,1414203896
Inde,2022,Asie,1.994,71.7,1425423209
Inde,2023,Asie,1.975,72.0,1438069597
Inde,2024,Asie,1.945,72.23,1450935785
Inde,2025,Asie,1.916,72.48,1463865527
Irlande,1950,Europe,3.497,65.58,2912656
Irlande,1951,Europe,3.548,64.75,2936865
Irlande,1952,Europe,3.56,67.17,2941463
Irlande,1953,Europe,3.535,67.91,2929083
Irlande,1954,Europe,3.467,68.01,2915174
Irlande,1955,Europe,3.366,68.0,2899545
Irlande,1956,Europe,3.382,68.96,2883752
Irlande,1957,Europe,3.479,69.0,2869103
Irlande,1958,Europe,3.465,69.28,2854004
Irlande,1959,Europe,3.602,69.42,2839216
Irlande,1960,Europe,3.755,70.17,2827691
Irlande,1961,Europe,3.784,69.64,2824696
Irlande,1962,Europe,3.93,69.95,2831496
Irlande,1963,Europe,4.027,70.19,2843035
Irlande,1964,Europe,4.079,70.45,2857169
Irlande,1965,Europe,4.04,70.64,2873157
Irlande,1966,Europe,3.942,70.16,2888884
Irlande,1967,Europe,3.843,71.2,2905420
Irlande,1968,Europe,3.77,70.88,2922789
Irlande,1969,Europe,3.824,70.8,2940759
Irlande,1970,Europe,3.85,70.83,2961402
Irlande,1971,Europe,3.934,71.62,2993119
Irlande,1972,Europe,3.849,70.95,3037153
Irlande,1973,Europe,3.713,71.17,3084436
Irlande,1974,Europe,3.588,71.11,3132177
Irlande,1975,Europe,3.372,71.69,3180119
Irlande,1976,Europe,3.287,71.8,3228393
Irlande,1977,Europe,3.242,71.94,3277756
Irlande,1978,Europe,3.211,71.93,3329185
Irlande,1979,Europe,3.214,72.18,3375806
Irlande,1980,Europe,3.205,72.54,3415240
Irlande,1981,Europe,3.059,72.89,3448825
Irlande,1982,Europe,2.947,73.16,3475532
Irlande,1983,Europe,2.749,73.18,3497614
Irlande,1984,Europe,2.586,73.62,3515953
Irlande,1985,Europe,2.492,73.56,3531275
Irlande,1986,Europe,2.441,73.61,3541875
Irlande,1987,Europe,2.315,74.41,3540382
Irlande,1988,Europe,2.173,74.42,3525092
Irlande,1989,Europe,2.081,74.45,3511070
Irlande,1990,Europe,2.11,74.84,3514015
Irlande,1991,Europe,2.077,75.03,3534258
Irlande,1992,Europe,1.991,75.42,3558417
Irlande,1993,Europe,1.904,75.29,3576118
Irlande,1994,Europe,1.848,75.8,3590162
Irlande,1995,Europe,1.843,75.47,3610695
Irlande,1996,Europe,1.883,75.83,3638507
Irlande,1997,Europe,1.932,75.98,3672287
Irlande,1998,Europe,1.941,76.19,3711075
Irlande,1999,Europe,1.903,76.09,3752938
Irlande,2000,Europe,1.893,76.53,3802589
Irlande,2001,Europe,1.94,77.1,3862981
Irlande,2002,Europe,1.971,77.59,3928441
Irlande,2003,Europe,1.96,78.1,3992935
Irlande,2004,Europe,1.93,78.5,4066066
Irlande,2005,Europe,1.865,78.91,4155283
Irlande,2006,Europe,1.915,79.15,4268775
Irlande,2007,Europe,2.011,79.56,4393518
Irlande,2008,Europe,2.065,79.79,4485992
Irlande,2009,Europe,2.063,80.09,4533750
Irlande,2010,Europe,2.056,80.6,4559084
Irlande,2011,Europe,2.033,80.73,4579603
Irlande,2012,Europe,1.99,80.85,4600135
Irlande,2013,Europe,1.934,81.06,4624686
Irlande,2014,Europe,1.9,81.41,4658236
Irlande,2015,Europe,1.861,81.53,4702497
Irlande,2016,Europe,1.816,81.68,4753506
Irlande,2017,Europe,1.772,82.1,4810258
Irlande,2018,Europe,1.761,82.12,4872559
Irlande,2019,Europe,1.718,82.41,4933493
Irlande,2020,Europe,1.653,82.39,4982602
Irlande,2021,Europe,1.777,81.86,5028428
Irlande,2022,Europe,1.594,82.05,5110015
Irlande,2023,Europe,1.598,82.41,5196629
Irlande,2024,Europe,1.574,82.58,5255016
Irlande,2025,Europe,1.55,82.75,5308035
Iran,1950,Asie,6.97,38.19,16510553
Iran,1951,Asie,6.977,38.66,16921282
Iran,1952,Asie,7.005,39.15,17344436
Iran,1953,Asie,7.026,39.51,17778109
Iran,1954,Asie,7.048,40.0,18226205
Iran,1955,Asie,7.151,40.62,18700800
Iran,1956,Asie,7.249,41.05,19204391
Iran,1957,Asie,7.354,41.31,19726844
Iran,1958,Asie,7.458,42.2,20266508
Iran,1959,Asie,7.571,42.76,20846777
Iran,1960,Asie,7.519,43.3,21470433
Iran,1961,Asie,7.459,43.9,22125729
Iran,1962,Asie,7.401,43.77,22807908
Iran,1963,Asie,7.317,45.1,23519008
Iran,1964,Asie,7.237,45.73,24262863
Iran,1965,Asie,7.222,46.37,25036982
Iran,1966,Asie,7.214,47.07,25829273
Iran,1967,Asie,7.19,47.8,26628430
Iran,1968,Asie,7.119,47.95,27437391
Iran,1969,Asie,7.007,49.38,28273483
Iran,1970,Asie,6.798,50.22,29145099
Iran,1971,Asie,6.549,51.12,30029069
Iran,1972,Asie,6.257,51.73,30921178
Iran,1973,Asie,6.061,52.94,31839835
Iran,1974,Asie,5.968,53.86,32796453
Iran,1975,Asie,5.947,54.82,33802971
Iran,1976,Asie,6.066,55.77,34837282
Iran,1977,Asie,6.179,56.66,35933181
Iran,1978,Asie,6.344,56.04,37126534
Iran,1979,Asie,6.549,58.45,38424956
Iran,1980,Asie,6.63,58.37,39842323
Iran,1981,Asie,6.618,56.62,41989316
Iran,1982,Asie,6.586,57.63,44272140
Iran,1983,Asie,6.528,58.52,46029540
Iran,1984,Asie,6.433,60.88,47793999
Iran,1985,Asie,6.242,61.54,49582289
Iran,1986,Asie,6.011,62.14,51446046
Iran,1987,Asie,5.719,62.69,53323491
Iran,1988,Asie,5.434,63.26,55072691
Iran,1989,Asie,5.172,65.31,56704920
Iran,1990,Asie,4.934,64.07,58380098
Iran,1991,Asie,4.568,66.23,59986931
Iran,1992,Asie,4.099,66.65,61184982
Iran,1993,Asie,3.674,67.04,61403548
Iran,1994,Asie,3.244,67.49,61520598
Iran,1995,Asie,2.852,67.9,62205571
Iran,1996,Asie,2.542,68.33,62881298
Iran,1997,Asie,2.323,68.65,63639637
Iran,1998,Asie,2.19,69.21,64519866
Iran,1999,Asie,2.089,69.69,65445389
Iran,2000,Asie,1.999,70.17,66418661
Iran,2001,Asie,1.918,70.62,67452005
Iran,2002,Asie,1.836,71.11,68011318
Iran,2003,Asie,1.801,70.46,68769343
Iran,2004,Asie,1.78,72.04,70256316
Iran,2005,Asie,1.756,72.45,71828455
Iran,2006,Asie,1.755,72.89,73392747
Iran,2007,Asie,1.748,73.3,74602648
Iran,2008,Asie,1.743,73.68,75514201
Iran,2009,Asie,1.74,74.04,76457831
Iran,2010,Asie,1.749,74.39,77420851
Iran,2011,Asie,1.792,74.72,78383602
Iran,2012,Asie,1.851,75.04,79370583
Iran,2013,Asie,1.913,75.35,80414689
Iran,2014,Asie,1.975,75.64,81502045
Iran,2015,Asie,2.017,75.91,82619365
Iran,2016,Asie,2.054,76.16,83812230
Iran,2017,Asie,2.023,76.4,85026761
Iran,2018,Asie,1.919,76.62,86117999
Iran,2019,Asie,1.766,76.86,87051649
Iran,2020,Asie,1.7,74.14,87723448
Iran,2021,Asie,1.709,73.75,88455490
Iran,2022,Asie,1.704,76.8,89524247
Iran,2023,Asie,1.695,77.65,90608708
Iran,2024,Asie,1.67,77.85,91567737
Iran,2025,Asie,1.645,78.05,92417684
Irak,1950,Asie,6.2,37.4,5653357
Irak,1951,Asie,6.4,38.97,5774132
Irak,1952,Asie,6.837,40.52,5913013
Irak,1953,Asie,6.844,42.08,6064249
Irak,1954,Asie,6.758,43.53,6219477
Irak,1955,Asie,6.0,44.98,6366279
Irak,1956,Asie,6.0,46.37,6507499
Irak,1957,Asie,4.8,47.73,6633379
Irak,1958,Asie,4.8,48.98,6741679
Irak,1959,Asie,5.3,49.72,6870386
Irak,1960,Asie,5.3,51.46,7022057
Irak,1961,Asie,5.8,52.34,7194561
Irak,1962,Asie,6.991,53.48,7413876
Irak,1963,Asie,7.005,54.36,7667932
Irak,1964,Asie,7.01,55.24,7929572
Irak,1965,Asie,7.02,56.39,8202145
Irak,1966,Asie,7.022,57.32,8485103
Irak,1967,Asie,7.029,58.42,8778876
Irak,1968,Asie,7.056,58.97,9085016
Irak,1969,Asie,7.083,59.64,9403356
Irak,1970,Asie,7.071,60.53,9735611
Irak,1971,Asie,7.055,61.33,10077818
Irak,1972,Asie,7.024,61.82,10430169
Irak,1973,Asie,6.986,62.34,10795872
Irak,1974,Asie,6.952,60.99,11167770
Irak,1975,Asie,6.913,61.43,11543643
Irak,1976,Asie,6.856,63.57,11927652
Irak,1977,Asie,6.795,63.9,12331051
Irak,1978,Asie,6.726,64.17,12753355
Irak,1979,Asie,6.662,64.42,13170372
Irak,1980,Asie,6.593,60.92,13591996
Irak,1981,Asie,6.526,58.65,14006379
Irak,1982,Asie,6.46,58.98,14406082
Irak,1983,Asie,6.387,59.29,14840558
Irak,1984,Asie,6.321,59.54,15310729
Irak,1985,Asie,6.246,59.8,15683431
Irak,1986,Asie,6.182,60.03,16074146
Irak,1987,Asie,6.114,60.26,16521051
Irak,1988,Asie,6.052,56.69,16908823
Irak,1989,Asie,5.988,57.5,17364553
Irak,1990,Asie,5.929,57.59,17581208
Irak,1991,Asie,5.833,61.34,17767257
Irak,1992,Asie,5.718,65.34,18300849
Irak,1993,Asie,5.609,65.31,19201195
Irak,1994,Asie,5.488,65.03,20139818
Irak,1995,Asie,5.36,64.76,20825859
Irak,1996,Asie,5.249,64.62,21501321
Irak,1997,Asie,5.194,64.24,22176604
Irak,1998,Asie,5.112,64.41,22884402
Irak,1999,Asie,5.035,64.53,23636530
Irak,2000,Asie,4.92,64.86,24424060
Irak,2001,Asie,4.799,65.29,25197842
Irak,2002,Asie,4.668,65.72,26006558
Irak,2003,Asie,4.581,64.83,26802660
Irak,2004,Asie,4.527,64.63,27577876
Irak,2005,Asie,4.446,64.9,28407450
Irak,2006,Asie,4.459,64.03,28616518
Irak,2007,Asie,4.404,64.43,28391606
Irak,2008,Asie,4.373,66.47,28971042
Irak,2009,Asie,4.378,67.83,30058207
Irak,2010,Asie,4.457,68.09,31045367
Irak,2011,Asie,4.588,68.44,32161425
Irak,2012,Asie,4.544,68.83,33654843
Irak,2013,Asie,4.441,69.05,35281987
Irak,2014,Asie,4.31,69.68,36550058
Irak,2015,Asie,4.08,69.98,37560535
Irak,2016,Asie,3.843,68.68,38469628
Irak,2017,Asie,3.64,69.79,39337358
Irak,2018,Asie,3.547,71.12,40265629
Irak,2019,Asie,3.48,71.25,41192172
Irak,2020,Asie,3.419,69.65,42116602
Irak,2021,Asie,3.358,70.7,43071208
Irak,2022,Asie,3.294,72.04,44070556
Irak,2023,Asie,3.249,72.32,45074055
Irak,2024,Asie,3.2,72.42,46042015
Irak,2025,Asie,3.152,72.53,47020778
Islande,1950,Europe,3.854,71.03,142684
Islande,1951,Europe,3.721,71.0,145432
Islande,1952,Europe,3.788,72.41,147778
Islande,1953,Europe,3.933,72.28,150750
Islande,1954,Europe,3.913,73.34,154272
Islande,1955,Europe,4.036,73.28,157751
Islande,1956,Europe,4.111,72.9,161091
Islande,1957,Europe,4.173,73.39,164767
Islande,1958,Europe,4.072,73.35,168490
Islande,1959,Europe,4.213,72.62,172008
Islande,1960,Europe,4.259,74.05,175572
Islande,1961,Europe,3.913,73.39,179014
Islande,1962,Europe,3.979,73.61,182360
Islande,1963,Europe,3.984,72.94,185658
Islande,1964,Europe,3.87,73.53,189043
Islande,1965,Europe,3.72,73.8,192344
Islande,1966,Europe,3.578,73.14,195604
Islande,1967,Europe,3.282,73.69,198796
Islande,1968,Europe,3.063,73.9,201519
Islande,1969,Europe,2.984,73.66,203383
Islande,1970,Europe,2.815,73.78,204489
Islande,1971,Europe,2.917,73.49,206171
Islande,1972,Europe,3.085,74.39,209209
Islande,1973,Europe,2.941,74.28,212385
Islande,1974,Europe,2.661,74.12,215273
Islande,1975,Europe,2.64,75.27,218029
Islande,1976,Europe,2.522,76.63,220196
Islande,1977,Europe,2.32,76.08,221842
Islande,1978,Europe,2.352,76.38,223580
Islande,1979,Europe,2.487,76.53,225765
Islande,1980,Europe,2.478,76.6,228147
Islande,1981,Europe,2.337,76.19,230754
Islande,1982,Europe,2.272,76.8,233852
Islande,1983,Europe,2.246,76.42,236968
Islande,1984,Europe,2.083,77.3,239513
Islande,1985,Europe,1.942,77.39,241414
Islande,1986,Europe,1.935,77.87,243195
Islande,1987,Europe,2.069,77.05,245864
Islande,1988,Europe,2.258,76.89,249734
Islande,1989,Europe,2.208,77.93,252861
Islande,1990,Europe,2.302,77.74,254842
Islande,1991,Europe,2.196,77.76,257817
Islande,1992,Europe,2.214,78.59,261087
Islande,1993,Europe,2.221,78.81,263760
Islande,1994,Europe,2.144,79.02,266063
Islande,1995,Europe,2.083,77.54,267516
Islande,1996,Europe,2.111,78.65,268967
Islande,1997,Europe,2.04,78.67,271194
Islande,1998,Europe,2.043,79.4,274121
Islande,1999,Europe,1.997,79.24,277450
Islande,2000,Europe,2.071,79.55,281293
Islande,2001,Europe,1.955,80.42,285058
Islande,2002,Europe,1.936,80.28,287609
Islande,2003,Europe,1.991,80.77,289616
Islande,2004,Europe,2.037,80.72,292172
Islande,2005,Europe,2.046,81.17,296852
Islande,2006,Europe,2.075,80.94,303883
Islande,2007,Europe,2.089,81.09,311662
Islande,2008,Europe,2.156,81.24,317519
Islande,2009,Europe,2.227,81.42,318619
Islande,2010,Europe,2.192,81.59,318163
Islande,2011,Europe,2.023,81.97,319139
Islande,2012,Europe,2.034,82.35,320851
Islande,2013,Europe,1.938,81.74,323891
Islande,2014,Europe,1.928,82.43,327517
Islande,2015,Europe,1.809,82.16,330962
Islande,2016,Europe,1.744,81.83,335571
Islande,2017,Europe,1.711,82.24,343537
Islande,2018,Europe,1.71,82.45,352860
Islande,2019,Europe,1.744,82.85,360709
Islande,2020,Europe,1.718,82.71,366626
Islande,2021,Europe,1.818,82.84,372647
Islande,2022,Europe,1.589,81.59,380368
Islande,2023,Europe,1.54,82.69,387559
Islande,2024,Europe,1.517,83.01,393404
Islande,2025,Europe,1.494,83.15,398270
Israël,1950,Asie,4.571,69.86,1289244
Israël,1951,Asie,4.666,67.63,1351813
Israël,1952,Asie,4.741,67.22,1414224
Israël,1953,Asie,4.722,66.42,1476336
Israël,1954,Asie,4.341,66.25,1538044
Israël,1955,Asie,4.387,68.0,1599497
Israël,1956,Asie,4.436,66.59,1660640
Israël,1957,Asie,4.382,66.5,1720530
Israël,1958,Asie,4.326,68.39,1779007
Israël,1959,Asie,4.364,68.92,1836348
Israël,1960,Asie,4.366,69.75,1891941
Israël,1961,Asie,4.148,69.81,1956894
Israël,1962,Asie,4.086,69.33,2040967
Israël,1963,Asie,4.087,69.62,2135049
Israël,1964,Asie,4.163,69.61,2231855
Israël,1965,Asie,4.125,70.5,2331450
Israël,1966,Asie,3.96,70.94,2433836
Israël,1967,Asie,3.824,70.9,2538658
Israël,1968,Asie,3.711,70.75,2645472
Israël,1969,Asie,3.676,71.03,2754159
Israël,1970,Asie,3.786,71.16,2864773
Israël,1971,Asie,3.849,71.83,2977303
Israël,1972,Asie,3.798,71.62,3079404
Israël,1973,Asie,3.606,71.61,3163042
Israël,1974,Asie,3.641,71.56,3239987
Israël,1975,Asie,3.614,71.6,3318087
Israël,1976,Asie,3.622,72.67,3398266
Israël,1977,Asie,3.47,72.69,3479619
Israël,1978,Asie,3.245,73.06,3560404
Israël,1979,Asie,3.203,73.39,3640877
Israël,1980,Asie,3.153,73.68,3721666
Israël,1981,Asie,3.073,74.19,3802233
Israël,1982,Asie,3.131,74.33,3883640
Israël,1983,Asie,3.143,75.08,3959631
Israël,1984,Asie,3.077,75.5,4033735
Israël,1985,Asie,3.039,75.97,4105362
Israël,1986,Asie,2.991,75.91,4168966
Israël,1987,Asie,2.923,76.38,4236875
Israël,1988,Asie,2.896,76.89,4307324
Israël,1989,Asie,2.84,77.64,4381512
Israël,1990,Asie,2.84,78.04,4544995
Israël,1991,Asie,2.832,77.58,4779892
Israël,1992,Asie,2.87,77.27,4957240
Israël,1993,Asie,2.866,77.86,5086041
Israël,1994,Asie,2.837,78.05,5216697
Israël,1995,Asie,2.823,78.05,5354734
Israël,1996,Asie,2.862,78.57,5499555
Israël,1997,Asie,2.876,78.55,5646476
Israël,1998,Asie,2.922,78.59,5790143
Israël,1999,Asie,2.888,78.89,5946079
Israël,2000,Asie,2.921,79.18,6111194
Israël,2001,Asie,2.868,79.48,6259977
Israël,2002,Asie,2.877,79.51,6387714
Israël,2003,Asie,2.919,79.82,6502821
Israël,2004,Asie,2.848,80.31,6615084
Israël,2005,Asie,2.793,80.39,6728212
Israël,2006,Asie,2.828,80.79,6844029
Israël,2007,Asie,2.852,80.95,6962456
Israël,2008,Asie,2.903,81.28,7082621
Israël,2009,Asie,2.944,81.82,7206096
Israël,2010,Asie,3.028,81.97,7336735
Israël,2011,Asie,3.01,81.99,7471023
Israël,2012,Asie,3.05,81.98,7607781
Israël,2013,Asie,3.036,82.35,7749369
Israël,2014,Asie,3.081,82.36,7897173
Israël,2015,Asie,3.093,82.25,8052916
Israël,2016,Asie,3.113,82.61,8210006
Israël,2017,Asie,3.123,82.7,8361796
Israël,2018,Asie,3.103,82.92,8510067
Israël,2019,Asie,3.034,82.91,8657466
Israël,2020,Asie,2.937,82.7,8800380
Israël,2021,Asie,3.019,82.52,8942925
Israël,2022,Asie,2.936,82.81,9103143
Israël,2023,Asie,2.83,82.41,9256311
Israël,2024,Asie,2.803,82.73,9387015
Israël,2025,Asie,2.777,82.77,9517182
Italie,1950,Europe,2.523,65.72,46391674
Italie,1951,Europe,2.376,65.32,46751901
Italie,1952,Europe,2.323,65.91,47018177
Italie,1953,Europe,2.285,66.58,47410885
Italie,1954,Europe,2.349,67.86,47832233
Italie,1955,Europe,2.343,68.25,48130817
Italie,1956,Europe,2.351,67.64,48401948
Italie,1957,Europe,2.348,67.78,48657025
Italie,1958,Europe,2.326,68.85,48927096
Italie,1959,Europe,2.387,69.31,49219450
Italie,1960,Europe,2.384,69.21,49514555
Italie,1961,Europe,2.42,69.82,49815254
Italie,1962,Europe,2.451,69.22,50170591
Italie,1963,Europe,2.52,69.32,50570978
Italie,1964,Europe,2.662,70.38,51019579
Italie,1965,Europe,2.617,70.26,51480733
Italie,1966,Europe,2.588,71.0,51919068
Italie,1967,Europe,2.509,71.03,52338335
Italie,1968,Europe,2.49,70.87,52712156
Italie,1969,Europe,2.47,70.86,53060141
Italie,1970,Europe,2.396,71.63,53390231
Italie,1971,Europe,2.398,71.88,53707794
Italie,1972,Europe,2.351,72.14,54067562
Italie,1973,Europe,2.315,72.11,54450571
Italie,1974,Europe,2.292,72.8,54821114
Italie,1975,Europe,2.177,72.73,55166046
Italie,1976,Europe,2.056,73.07,55459415
Italie,1977,Europe,1.939,73.44,55714552
Italie,1978,Europe,1.841,73.78,55938969
Italie,1979,Europe,1.733,74.11,56132382
Italie,1980,Europe,1.647,74.05,56412086
Italie,1981,Europe,1.582,74.44,56646752
Italie,1982,Europe,1.561,74.91,56719178
Italie,1983,Europe,1.506,74.73,56766114
Italie,1984,Europe,1.458,75.5,56810355
Italie,1985,Europe,1.416,75.61,56855499
Italie,1986,Europe,1.351,75.92,56875982
Italie,1987,Europe,1.33,76.34,56891919
Italie,1988,Europe,1.355,76.53,56928748
Italie,1989,Europe,1.328,76.93,56976750
Italie,1990,Europe,1.331,76.99,57031457
Italie,1991,Europe,1.303,76.99,57075394
Italie,1992,Europe,1.296,77.36,57124993
Italie,1993,Europe,1.249,77.65,57170762
Italie,1994,Europe,1.208,77.87,57420136
Italie,1995,Europe,1.188,78.12,57403342
Italie,1996,Europe,1.197,78.44,57162098
Italie,1997,Europe,1.21,78.73,57189272
Italie,1998,Europe,1.21,78.81,57215190
Italie,1999,Europe,1.228,79.2,57240796
Italie,2000,Europe,1.249,79.61,57272200
Italie,2001,Europe,1.247,79.89,57305760
Italie,2002,Europe,1.264,80.11,57420636
Italie,2003,Europe,1.285,80.19,57739697
Italie,2004,Europe,1.337,81.02,58176736
Italie,2005,Europe,1.332,81.02,58519696
Italie,2006,Europe,1.364,81.41,58754434
Italie,2007,Europe,1.393,81.5,59108723
Italie,2008,Europe,1.435,81.64,59561687
Italie,2009,Europe,1.439,81.76,59904016
Italie,2010,Europe,1.443,82.13,60164212
Italie,2011,Europe,1.427,82.23,60367882
Italie,2012,Europe,1.416,82.25,60531522
Italie,2013,Europe,1.38,82.65,60653864
Italie,2014,Europe,1.364,82.9,60664169
Italie,2015,Europe,1.344,82.52,60575314
Italie,2016,Europe,1.336,83.05,60478103
Italie,2017,Europe,1.317,82.73,60390317
Italie,2018,Europe,1.286,83.18,60277496
Italie,2019,Europe,1.259,83.34,60130136
Italie,2020,Europe,1.242,82.18,59912763
Italie,2021,Europe,1.252,82.86,59729353
Italie,2022,Europe,1.24,82.05,59619106
Italie,2023,Europe,1.198,83.72,59499452
Italie,2024,Europe,1.181,83.87,59342870
Italie,2025,Europe,1.164,84.03,59146263
Jamaïque,1950,Amériques,3.923,56.56,1407214
Jamaïque,1951,Amériques,4.013,57.13,1447471
Jamaïque,1952,Amériques,4.054,58.11,1481349
Jamaïque,1953,Amériques,4.184,58.88,1509742
Jamaïque,1954,Amériques,4.333,59.64,1533451
Jamaïque,1955,Amériques,4.524,60.4,1553716
Jamaïque,1956,Amériques,4.741,61.16,1571975
Jamaïque,1957,Amériques,4.963,61.95,1589680
Jamaïque,1958,Amériques,5.192,62.65,1608269
Jamaïque,1959,Amériques,5.323,63.25,1628236
Jamaïque,1960,Amériques,5.538,63.83,1650009
Jamaïque,1961,Amériques,5.597,64.26,1673267
Jamaïque,1962,Amériques,5.635,64.62,1696935
Jamaïque,1963,Amériques,5.731,65.0,1721105
Jamaïque,1964,Amériques,5.79,65.35,1745574
Jamaïque,1965,Amériques,5.719,65.66,1769206
Jamaïque,1966,Amériques,5.692,65.93,1791477
Jamaïque,1967,Amériques,5.668,66.09,1812870
Jamaïque,1968,Amériques,5.576,66.32,1833769
Jamaïque,1969,Amériques,5.468,66.52,1855132
Jamaïque,1970,Amériques,5.349,66.73,1878191
Jamaïque,1971,Amériques,5.212,67.0,1903734
Jamaïque,1972,Amériques,5.06,67.3,1931552
Jamaïque,1973,Amériques,4.995,67.61,1961225
Jamaïque,1974,Amériques,4.665,67.91,1990904
Jamaïque,1975,Amériques,4.436,68.17,2018985
Jamaïque,1976,Amériques,4.213,68.41,2045578
Jamaïque,1977,Amériques,4.004,68.59,2070657
Jamaïque,1978,Amériques,3.838,68.74,2094848
Jamaïque,1979,Amériques,3.719,68.81,2119492
Jamaïque,1980,Amériques,3.588,68.99,2145661
Jamaïque,1981,Amériques,3.51,69.12,2173823
Jamaïque,1982,Amériques,3.458,69.25,2203895
Jamaïque,1983,Amériques,3.411,69.55,2234834
Jamaïque,1984,Amériques,3.324,69.81,2264563
Jamaïque,1985,Amériques,3.212,70.1,2290657
Jamaïque,1986,Amériques,3.106,70.45,2312124
Jamaïque,1987,Amériques,3.024,70.87,2329816
Jamaïque,1988,Amériques,2.982,71.16,2345786
Jamaïque,1989,Amériques,2.93,71.51,2361923
Jamaïque,1990,Amériques,2.955,71.7,2379880
Jamaïque,1991,Amériques,2.997,71.79,2400873
Jamaïque,1992,Amériques,3.026,71.82,2424698
Jamaïque,1993,Amériques,2.987,71.76,2449913
Jamaïque,1994,Amériques,2.93,71.62,2475225
Jamaïque,1995,Amériques,2.851,71.49,2500152
Jamaïque,1996,Amériques,2.77,71.33,2524470
Jamaïque,1997,Amériques,2.677,71.22,2547853
Jamaïque,1998,Amériques,2.574,71.17,2569740
Jamaïque,1999,Amériques,2.465,71.19,2589796
Jamaïque,2000,Amériques,2.345,71.28,2607827
Jamaïque,2001,Amériques,2.296,71.29,2624410
Jamaïque,2002,Amériques,2.271,71.48,2640582
Jamaïque,2003,Amériques,2.244,71.58,2656629
Jamaïque,2004,Amériques,2.198,71.54,2672227
Jamaïque,2005,Amériques,2.148,71.49,2687070
Jamaïque,2006,Amériques,2.089,71.39,2700973
Jamaïque,2007,Amériques,2.023,71.41,2713808
Jamaïque,2008,Amériques,1.953,71.5,2725633
Jamaïque,2009,Amériques,1.879,71.72,2737001
Jamaïque,2010,Amériques,1.799,71.98,2748573
Jamaïque,2011,Amériques,1.717,72.25,2760493
Jamaïque,2012,Amériques,1.648,72.41,2772432
Jamaïque,2013,Amériques,1.591,72.44,2783689
Jamaïque,2014,Amériques,1.544,72.36,2793756
Jamaïque,2015,Amériques,1.508,72.21,2802536
Jamaïque,2016,Amériques,1.464,72.05,2809919
Jamaïque,2017,Amériques,1.428,71.88,2815765
Jamaïque,2018,Amériques,1.4,71.61,2820103
Jamaïque,2019,Amériques,1.39,71.53,2823275
Jamaïque,2020,Amériques,1.383,71.45,2830745
Jamaïque,2021,Amériques,1.378,69.08,2837680
Jamaïque,2022,Amériques,1.372,71.48,2839150
Jamaïque,2023,Amériques,1.358,71.48,2839785
Jamaïque,2024,Amériques,1.339,71.61,2839182
Jamaïque,2025,Amériques,1.32,71.73,2837080
Jordanie,1950,Asie,7.444,40.87,438808
Jordanie,1951,Asie,7.44,42.02,471160
Jordanie,1952,Asie,7.422,43.22,506449
Jordanie,1953,Asie,7.41,44.45,544109
Jordanie,1954,Asie,7.399,45.63,583856
Jordanie,1955,Asie,7.42,46.76,625572
Jordanie,1956,Asie,7.441,48.0,669110
Jordanie,1957,Asie,7.46,49.23,714362
Jordanie,1958,Asie,7.479,50.45,760829
Jordanie,1959,Asie,7.512,51.61,807612
Jordanie,1960,Asie,7.599,52.68,853471
Jordanie,1961,Asie,7.699,53.68,897599
Jordanie,1962,Asie,7.785,54.63,940564
Jordanie,1963,Asie,7.854,55.49,984720
Jordanie,1964,Asie,7.913,56.46,1035644
Jordanie,1965,Asie,7.932,57.32,1099446
Jordanie,1966,Asie,7.992,57.76,1178371
Jordanie,1967,Asie,8.059,58.97,1271186
Jordanie,1968,Asie,8.135,59.77,1372468
Jordanie,1969,Asie,8.192,60.5,1473101
Jordanie,1970,Asie,8.181,59.83,1565172
Jordanie,1971,Asie,8.15,61.77,1645148
Jordanie,1972,Asie,8.117,62.48,1714562
Jordanie,1973,Asie,8.062,63.06,1778096
Jordanie,1974,Asie,7.997,63.61,1839191
Jordanie,1975,Asie,7.925,64.15,1899059
Jordanie,1976,Asie,7.832,64.65,1958181
Jordanie,1977,Asie,7.723,65.13,2019008
Jordanie,1978,Asie,7.594,65.6,2083604
Jordanie,1979,Asie,7.448,66.05,2153891
Jordanie,1980,Asie,7.287,66.49,2234192
Jordanie,1981,Asie,7.121,66.92,2325528
Jordanie,1982,Asie,6.959,67.36,2426933
Jordanie,1983,Asie,6.812,67.78,2537307
Jordanie,1984,Asie,6.671,68.21,2654689
Jordanie,1985,Asie,6.534,68.59,2778819
Jordanie,1986,Asie,6.387,68.96,2909896
Jordanie,1987,Asie,6.196,69.3,3047634
Jordanie,1988,Asie,6.011,69.61,3193044
Jordanie,1989,Asie,5.798,69.86,3349638
Jordanie,1990,Asie,5.544,70.09,3621915
Jordanie,1991,Asie,5.33,70.24,3915152
Jordanie,1992,Asie,5.137,70.4,4127699
Jordanie,1993,Asie,4.972,70.57,4348018
Jordanie,1994,Asie,4.819,70.74,4561409
Jordanie,1995,Asie,4.676,70.92,4752097
Jordanie,1996,Asie,4.508,71.11,4912518
Jordanie,1997,Asie,4.318,71.32,5046287
Jordanie,1998,Asie,4.112,71.52,5164290
Jordanie,1999,Asie,3.971,71.74,5276450
Jordanie,2000,Asie,3.864,71.93,5386945
Jordanie,2001,Asie,3.803,72.14,5498900
Jordanie,2002,Asie,3.805,72.36,5616077
Jordanie,2003,Asie,3.816,72.58,5741837
Jordanie,2004,Asie,3.729,72.79,5882066
Jordanie,2005,Asie,3.653,72.98,6029597
Jordanie,2006,Asie,3.711,73.22,6427377
Jordanie,2007,Asie,3.797,73.41,6827235
Jordanie,2008,Asie,3.876,73.56,6989874
Jordanie,2009,Asie,3.841,73.71,7141763
Jordanie,2010,Asie,3.78,73.8,7297046
Jordanie,2011,Asie,3.69,73.93,7480431
Jordanie,2012,Asie,3.568,74.09,7587133
Jordanie,2013,Asie,3.449,74.28,7991812
Jordanie,2014,Asie,3.302,74.61,8791715
Jordanie,2015,Asie,3.141,75.06,9544730
Jordanie,2016,Asie,3.072,75.55,10006369
Jordanie,2017,Asie,2.994,76.07,10234227
Jordanie,2018,Asie,2.923,76.49,10462310
Jordanie,2019,Asie,2.855,76.86,10671893
Jordanie,2020,Asie,2.791,75.58,10865232
Jordanie,2021,Asie,2.735,74.2,11066356
Jordanie,2022,Asie,2.679,77.09,11256269
Jordanie,2023,Asie,2.639,77.81,11439220
Jordanie,2024,Asie,2.599,77.98,11552885
Jordanie,2025,Asie,2.56,78.13,11520687
Japon,1950,Asie,3.615,59.26,86443278
Japon,1951,Asie,3.225,60.99,87849929
Japon,1952,Asie,2.947,63.0,89135133
Japon,1953,Asie,2.673,63.33,90324185
Japon,1954,Asie,2.468,64.54,91407673
Japon,1955,Asie,2.349,65.71,92425476
Japon,1956,Asie,2.206,65.56,93342005
Japon,1957,Asie,2.036,65.44,94108980
Japon,1958,Asie,2.097,67.04,94846958
Japon,1959,Asie,2.035,67.46,95622973
Japon,1960,Asie,1.981,67.72,96399755
Japon,1961,Asie,1.928,68.37,97217594
Japon,1962,Asie,1.928,68.67,98076405
Japon,1963,Asie,1.951,69.75,98958230
Japon,1964,Asie,1.998,70.2,99890175
Japon,1965,Asie,2.089,70.26,100916018
Japon,1966,Asie,1.632,71.06,101887833
Japon,1967,Asie,2.158,71.4,102965530
Japon,1968,Asie,2.065,71.67,104237476
Japon,1969,Asie,2.026,71.92,105475169
Japon,1970,Asie,2.035,72.01,106712370
Japon,1971,Asie,2.089,72.83,107952031
Japon,1972,Asie,2.114,73.26,109238963
Japon,1973,Asie,2.145,73.42,110614742
Japon,1974,Asie,2.065,73.85,112009689
Japon,1975,Asie,1.921,74.36,113321197
Japon,1976,Asie,1.841,74.76,114502792
Japon,1977,Asie,1.789,75.33,115574278
Japon,1978,Asie,1.786,75.66,116576940
Japon,1979,Asie,1.769,76.17,117521561
Japon,1980,Asie,1.739,76.14,118358761
Japon,1981,Asie,1.718,76.56,118994054
Japon,1982,Asie,1.738,77.07,119485775
Japon,1983,Asie,1.77,77.11,119948943
Japon,1984,Asie,1.78,77.51,120384395
Japon,1985,Asie,1.736,77.8,120832158
Japon,1986,Asie,1.698,78.21,121366733
Japon,1987,Asie,1.666,78.63,121943588
Japon,1988,Asie,1.625,78.55,122476957
Japon,1989,Asie,1.547,78.98,122947411
Japon,1990,Asie,1.509,78.99,123399767
Japon,1991,Asie,1.504,79.26,123889870
Japon,1992,Asie,1.478,79.3,124383707
Japon,1993,Asie,1.44,79.45,124839955
Japon,1994,Asie,1.468,79.84,125286861
Japon,1995,Asie,1.407,79.68,125672659
Japon,1996,Asie,1.403,80.36,125975304
Japon,1997,Asie,1.376,80.58,126265926
Japon,1998,Asie,1.371,80.65,126549182
Japon,1999,Asie,1.34,80.61,126801566
Japon,2000,Asie,1.346,81.18,127027794
Japon,2001,Asie,1.325,81.51,127260144
Japon,2002,Asie,1.308,81.8,127484599
Japon,2003,Asie,1.285,81.85,127671254
Japon,2004,Asie,1.277,82.13,127815769
Japon,2005,Asie,1.245,82.01,127913331
Japon,2006,Asie,1.285,82.37,127997247
Japon,2007,Asie,1.305,82.55,128087683
Japon,2008,Asie,1.33,82.63,128155992
Japon,2009,Asie,1.333,82.97,128192471
Japon,2010,Asie,1.357,82.92,128185273
Japon,2011,Asie,1.363,82.67,128096430
Japon,2012,Asie,1.376,83.17,127928283
Japon,2013,Asie,1.389,83.4,127723642
Japon,2014,Asie,1.388,83.64,127486601
Japon,2015,Asie,1.415,83.88,127275868
Japon,2016,Asie,1.408,84.06,127159950
Japon,2017,Asie,1.39,84.19,127064686
Japon,2018,Asie,1.373,84.29,126913432
Japon,2019,Asie,1.323,84.42,126699421
Japon,2020,Asie,1.304,84.67,126304533
Japon,2021,Asie,1.275,84.55,125679342
Japon,2022,Asie,1.256,84.05,124997585
Japon,2023,Asie,1.208,84.71,124370947
Japon,2024,Asie,1.19,84.85,123753041
Japon,2025,Asie,1.172,85.0,123103480
Kazakhstan,1992,Asie,2.584,64.98,17332624
Kazakhstan,1993,Asie,2.483,64.54,17274487
Kazakhstan,1994,Asie,2.378,64.11,17043775
Kazakhstan,1995,Asie,2.253,63.72,16730541
Kazakhstan,1996,Asie,2.084,63.45,16416036
Kazakhstan,1997,Asie,1.97,63.32,16043250
Kazakhstan,1998,Asie,1.938,63.35,15647789
Kazakhstan,1999,Asie,1.902,63.53,15455877
Kazakhstan,2000,Asie,1.898,63.79,15501108
Kazakhstan,2001,Asie,1.906,64.11,15575550
Kazakhstan,2002,Asie,1.956,64.44,15656680
Kazakhstan,2003,Asie,2.075,64.75,15747377
Kazakhstan,2004,Asie,2.201,65.04,15850164
Kazakhstan,2005,Asie,2.274,65.36,15968118
Kazakhstan,2006,Asie,2.38,65.72,16103718
Kazakhstan,2007,Asie,2.49,66.18,16257212
Kazakhstan,2008,Asie,2.616,66.76,16426527
Kazakhstan,2009,Asie,2.58,67.46,16619851
Kazakhstan,2010,Asie,2.61,68.26,16836808
Kazakhstan,2011,Asie,2.605,69.11,17065996
Kazakhstan,2012,Asie,2.64,69.94,17306115
Kazakhstan,2013,Asie,2.67,70.72,17556502
Kazakhstan,2014,Asie,2.76,71.42,17816285
Kazakhstan,2015,Asie,2.755,72.02,18084175
Kazakhstan,2016,Asie,2.795,72.55,18363600
Kazakhstan,2017,Asie,2.745,73.0,18651931
Kazakhstan,2018,Asie,2.845,73.37,18932725
Kazakhstan,2019,Asie,2.89,73.66,19209556
Kazakhstan,2020,Asie,3.13,71.19,19482116
Kazakhstan,2021,Asie,3.32,70.13,19743607
Kazakhstan,2022,Asie,3.05,73.5,20034612
Kazakhstan,2023,Asie,3.012,74.4,20330109
Kazakhstan,2024,Asie,3.041,74.53,20592574
Kazakhstan,2025,Asie,3.071,74.67,20843758
Kenya,1950,Afrique,7.389,36.86,5769190
Kenya,1951,Afrique,7.4,38.04,5893576
Kenya,1952,Afrique,7.41,38.64,6033296
Kenya,1953,Afrique,7.426,39.82,6183900
Kenya,1954,Afrique,7.434,41.04,6348143
Kenya,1955,Afrique,7.46,42.28,6529301
Kenya,1956,Afrique,7.513,43.53,6727685
Kenya,1957,Afrique,7.571,45.34,6944873
Kenya,1958,Afrique,7.604,46.46,7174794
Kenya,1959,Afrique,7.643,47.52,7422742
Kenya,1960,Afrique,7.651,48.48,7695310
Kenya,1961,Afrique,7.715,49.33,7987768
Kenya,1962,Afrique,7.769,50.1,8299311
Kenya,1963,Afrique,7.817,50.76,8627972
Kenya,1964,Afrique,7.869,51.32,8973539
Kenya,1965,Afrique,7.923,51.89,9338084
Kenya,1966,Afrique,7.955,52.38,9717825
Kenya,1967,Afrique,7.953,52.8,10111061
Kenya,1968,Afrique,7.948,53.3,10518828
Kenya,1969,Afrique,7.947,53.73,10939697
Kenya,1970,Afrique,7.943,54.14,11368806
Kenya,1971,Afrique,7.922,54.54,11788906
Kenya,1972,Afrique,7.894,55.01,12206063
Kenya,1973,Afrique,7.86,55.5,12634841
Kenya,1974,Afrique,7.822,56.04,13070078
Kenya,1975,Afrique,7.795,56.62,13511672
Kenya,1976,Afrique,7.767,57.15,13957620
Kenya,1977,Afrique,7.729,57.68,14428824
Kenya,1978,Afrique,7.666,58.23,14934127
Kenya,1979,Afrique,7.598,58.69,15460668
Kenya,1980,Afrique,7.531,59.17,16018465
Kenya,1981,Afrique,7.454,59.56,16601510
Kenya,1982,Afrique,7.345,59.9,17206177
Kenya,1983,Afrique,7.218,60.34,17846374
Kenya,1984,Afrique,7.083,60.61,18514908
Kenya,1985,Afrique,6.96,60.86,19201772
Kenya,1986,Afrique,6.84,60.82,19901643
Kenya,1987,Afrique,6.686,60.72,20616091
Kenya,1988,Afrique,6.515,60.32,21356222
Kenya,1989,Afrique,6.332,59.99,22118437
Kenya,1990,Afrique,6.135,58.33,22892655
Kenya,1991,Afrique,5.94,57.83,23646514
Kenya,1992,Afrique,5.74,57.09,24382466
Kenya,1993,Afrique,5.569,56.67,25117192
Kenya,1994,Afrique,5.438,56.1,25857136
Kenya,1995,Afrique,5.372,55.86,26601753
Kenya,1996,Afrique,5.307,55.58,27344211
Kenya,1997,Afrique,5.268,55.48,28101762
Kenya,1998,Afrique,5.244,55.57,28888063
Kenya,1999,Afrique,5.177,55.87,29733413
Kenya,2000,Afrique,5.136,56.08,30642893
Kenya,2001,Afrique,5.094,56.5,31619170
Kenya,2002,Afrique,5.027,56.76,32629809
Kenya,2003,Afrique,4.937,57.37,33652233
Kenya,2004,Afrique,4.861,57.95,34713453
Kenya,2005,Afrique,4.801,58.51,35796485
Kenya,2006,Afrique,4.754,59.06,36904010
Kenya,2007,Afrique,4.718,59.41,38036354
Kenya,2008,Afrique,4.66,59.95,39206349
Kenya,2009,Afrique,4.567,60.48,40408887
Kenya,2010,Afrique,4.446,60.91,41598570
Kenya,2011,Afrique,4.284,61.28,42758467
Kenya,2012,Afrique,4.116,61.54,43888306
Kenya,2013,Afrique,3.955,61.73,44986794
Kenya,2014,Afrique,3.843,61.99,46051441
Kenya,2015,Afrique,3.766,62.28,47088528
Kenya,2016,Afrique,3.689,62.53,48139683
Kenya,2017,Afrique,3.609,62.73,49197757
Kenya,2018,Afrique,3.536,62.83,50207109
Kenya,2019,Afrique,3.433,62.94,51202829
Kenya,2020,Afrique,3.364,61.6,52217327
Kenya,2021,Afrique,3.312,61.23,53219167
Kenya,2022,Afrique,3.262,63.55,54252458
Kenya,2023,Afrique,3.208,63.65,55339007
Kenya,2024,Afrique,3.16,63.83,56432946
Kenya,2025,Afrique,3.112,64.01,57532491
Kirghizistan,1992,Asie,3.637,64.43,4600308
Kirghizistan,1993,Asie,3.41,63.65,4626809
Kirghizistan,1994,Asie,3.283,62.72,4649190
Kirghizistan,1995,Asie,3.291,62.92,4713641
Kirghizistan,1996,Asie,3.092,63.45,4782885
Kirghizistan,1997,Asie,2.88,64.16,4847998
Kirghizistan,1998,Asie,2.795,64.58,4907792
Kirghizistan,1999,Asie,2.714,64.92,4968593
Kirghizistan,2000,Asie,2.576,65.24,5025150
Kirghizistan,2001,Asie,2.546,65.32,5071960
Kirghizistan,2002,Asie,2.566,65.34,5116252
Kirghizistan,2003,Asie,2.595,65.45,5159422
Kirghizistan,2004,Asie,2.631,65.65,5203048
Kirghizistan,2005,Asie,2.645,65.79,5246337
Kirghizistan,2006,Asie,2.744,65.78,5282451
Kirghizistan,2007,Asie,2.781,66.05,5313376
Kirghizistan,2008,Asie,2.838,66.62,5342530
Kirghizistan,2009,Asie,2.955,67.14,5398013
Kirghizistan,2010,Asie,3.096,67.52,5491763
Kirghizistan,2011,Asie,3.14,67.75,5594537
Kirghizistan,2012,Asie,3.183,68.14,5696521
Kirghizistan,2013,Asie,3.15,68.46,5797294
Kirghizistan,2014,Asie,3.21,68.83,5898322
Kirghizistan,2015,Asie,3.208,69.31,6001876
Kirghizistan,2016,Asie,3.104,69.91,6108460
Kirghizistan,2017,Asie,3.044,70.5,6220148
Kirghizistan,2018,Asie,3.28,70.67,6341733
Kirghizistan,2019,Asie,3.33,70.89,6494036
Kirghizistan,2020,Asie,3.05,69.14,6664143
Kirghizistan,2021,Asie,2.89,69.29,6820483
Kirghizistan,2022,Asie,2.81,71.49,6955792
Kirghizistan,2023,Asie,2.8,71.68,7073523
Kirghizistan,2024,Asie,2.758,71.82,7186014
Kirghizistan,2025,Asie,2.717,71.97,7295037
Cambodge,1950,Asie,6.53,38.86,4375252
Cambodge,1951,Asie,6.514,39.04,4475694
Cambodge,1952,Asie,6.509,39.34,4577965
Cambodge,1953,Asie,6.519,39.62,4680458
Cambodge,1954,Asie,6.516,39.91,4783832
Cambodge,1955,Asie,6.526,40.25,4890375
Cambodge,1956,Asie,6.509,40.5,4999483
Cambodge,1957,Asie,6.481,40.87,5110435
Cambodge,1958,Asie,6.425,41.22,5220837
Cambodge,1959,Asie,6.361,41.65,5332933
Cambodge,1960,Asie,6.313,42.13,5449964
Cambodge,1961,Asie,6.302,42.59,5571174
Cambodge,1962,Asie,6.301,43.08,5697559
Cambodge,1963,Asie,6.292,43.61,5823012
Cambodge,1964,Asie,6.288,44.04,5946186
Cambodge,1965,Asie,6.267,44.5,6072288
Cambodge,1966,Asie,6.237,44.95,6201235
Cambodge,1967,Asie,6.201,45.19,6332946
Cambodge,1968,Asie,6.165,45.59,6467323
Cambodge,1969,Asie,6.124,45.94,6604731
Cambodge,1970,Asie,6.071,38.63,6639187
Cambodge,1971,Asie,6.007,38.7,6620880
Cambodge,1972,Asie,5.943,38.91,6673890
Cambodge,1973,Asie,5.559,39.08,6739737
Cambodge,1974,Asie,4.797,39.3,6783251
Cambodge,1975,Asie,4.103,12.78,6581373
Cambodge,1976,Asie,3.409,11.63,6134989
Cambodge,1977,Asie,2.716,11.29,5668561
Cambodge,1978,Asie,3.338,11.57,5211654
Cambodge,1979,Asie,4.556,41.07,5088812
Cambodge,1980,Asie,5.774,47.5,5199874
Cambodge,1981,Asie,6.042,48.03,5284493
Cambodge,1982,Asie,6.193,48.76,5436436
Cambodge,1983,Asie,6.296,49.38,5636206
Cambodge,1984,Asie,6.338,50.09,5845115
Cambodge,1985,Asie,6.313,50.8,6043782
Cambodge,1986,Asie,6.226,51.55,6285699
Cambodge,1987,Asie,6.097,53.67,6557971
Cambodge,1988,Asie,5.944,54.43,6812012
Cambodge,1989,Asie,5.681,54.77,7073472
Cambodge,1990,Asie,5.642,55.2,7374754
Cambodge,1991,Asie,5.588,55.58,7686857
Cambodge,1992,Asie,5.486,55.75,8113085
Cambodge,1993,Asie,5.433,56.04,8616383
Cambodge,1994,Asie,5.281,56.22,9239160
Cambodge,1995,Asie,5.076,56.56,10018500
Cambodge,1996,Asie,4.867,56.83,10801268
Cambodge,1997,Asie,4.395,57.27,11570986
Cambodge,1998,Asie,4.13,57.86,12058180
Cambodge,1999,Asie,3.933,58.61,12265734
Cambodge,2000,Asie,3.794,59.49,12462343
Cambodge,2001,Asie,3.687,60.46,12658486
Cambodge,2002,Asie,3.57,61.4,12855249
Cambodge,2003,Asie,3.429,62.34,13050977
Cambodge,2004,Asie,3.307,63.26,13244737
Cambodge,2005,Asie,3.238,64.11,13439203
Cambodge,2006,Asie,3.175,64.89,13639032
Cambodge,2007,Asie,3.13,65.55,13841773
Cambodge,2008,Asie,3.048,66.15,14053479
Cambodge,2009,Asie,2.971,66.75,14276819
Cambodge,2010,Asie,2.859,67.31,14500730
Cambodge,2011,Asie,2.782,67.87,14722587
Cambodge,2012,Asie,2.751,68.37,14945090
Cambodge,2013,Asie,2.742,68.75,15170210
Cambodge,2014,Asie,2.734,69.12,15396771
Cambodge,2015,Asie,2.729,69.4,15623253
Cambodge,2016,Asie,2.725,69.64,15852802
Cambodge,2017,Asie,2.719,69.84,16073374
Cambodge,2018,Asie,2.724,69.99,16274522
Cambodge,2019,Asie,2.725,70.13,16481305
Cambodge,2020,Asie,2.699,70.06,16725484
Cambodge,2021,Asie,2.664,69.3,16974309
Cambodge,2022,Asie,2.616,70.53,17201721
Cambodge,2023,Asie,2.579,70.67,17423884
Cambodge,2024,Asie,2.562,70.82,17638804
Cambodge,2025,Asie,2.546,70.97,17847981
Corée du Sud,1950,Asie,6.063,22.23,19757319
Corée du Sud,1951,Asie,6.089,26.64,19868990
Corée du Sud,1952,Asie,6.122,36.57,20229880
Corée du Sud,1953,Asie,6.171,40.51,20775325
Corée du Sud,1954,Asie,6.174,46.08,21415578
Corée du Sud,1955,Asie,6.169,48.35,22125104
Corée du Sud,1956,Asie,6.175,50.2,22874441
Corée du Sud,1957,Asie,6.178,51.55,23660791
Corée du Sud,1958,Asie,6.152,51.84,24473927
Corée du Sud,1959,Asie,6.096,52.94,25298234
Corée du Sud,1960,Asie,5.994,53.76,26115388
Corée du Sud,1961,Asie,5.803,54.44,26852962
Corée du Sud,1962,Asie,5.562,55.03,27509235
Corée du Sud,1963,Asie,5.334,54.99,28145547
Corée du Sud,1964,Asie,5.068,55.34,28744980
Corée du Sud,1965,Asie,4.887,55.78,29284343
Corée du Sud,1966,Asie,4.782,55.42,29845941
Corée du Sud,1967,Asie,4.615,60.87,30495725
Corée du Sud,1968,Asie,4.51,60.87,31175295
Corée du Sud,1969,Asie,4.447,61.43,31852769
Corée du Sud,1970,Asie,4.459,62.17,32542203
Corée du Sud,1971,Asie,4.259,62.67,33239859
Corée du Sud,1972,Asie,4.02,63.22,33936470
Corée du Sud,1973,Asie,3.803,63.77,34625848
Corée du Sud,1974,Asie,3.555,64.24,35287834
Corée du Sud,1975,Asie,3.313,64.67,35875741
Corée du Sud,1976,Asie,3.119,65.01,36379928
Corée du Sud,1977,Asie,2.954,64.62,36843638
Corée du Sud,1978,Asie,2.699,64.96,37281935
Corée du Sud,1979,Asie,2.748,66.11,37710898
Corée du Sud,1980,Asie,2.734,64.85,38141109
Corée du Sud,1981,Asie,2.669,67.14,38689192
Corée du Sud,1982,Asie,2.431,67.06,39356159
Corée du Sud,1983,Asie,2.102,66.72,40000945
Corée du Sud,1984,Asie,1.832,68.11,40598302
Corée du Sud,1985,Asie,1.705,68.41,41148956
Corée du Sud,1986,Asie,1.623,69.03,41718508
Corée du Sud,1987,Asie,1.571,69.31,42322092
Corée du Sud,1988,Asie,1.558,70.16,42922980
Corée du Sud,1989,Asie,1.564,70.68,43524765
Corée du Sud,1990,Asie,1.603,70.99,44081425
Corée du Sud,1991,Asie,1.702,71.4,44439146
Corée du Sud,1992,Asie,1.738,72.17,44653699
Corée du Sud,1993,Asie,1.683,72.75,44887721
Corée du Sud,1994,Asie,1.67,72.89,45130842
Corée du Sud,1995,Asie,1.646,73.38,45368425
Corée du Sud,1996,Asie,1.599,74.02,45638701
Corée du Sud,1997,Asie,1.555,74.53,45941541
Corée du Sud,1998,Asie,1.497,75.03,46230885
Corée du Sud,1999,Asie,1.469,75.62,46500382
Corée du Sud,2000,Asie,1.467,76.23,46766660
Corée du Sud,2001,Asie,1.342,76.92,47043467
Corée du Sud,2002,Asie,1.227,77.23,47299118
Corée du Sud,2003,Asie,1.199,77.5,47514158
Corée du Sud,2004,Asie,1.164,77.96,47697076
Corée du Sud,2005,Asie,1.115,78.45,47851646
Corée du Sud,2006,Asie,1.145,79.03,48006518
Corée du Sud,2007,Asie,1.215,79.43,48178122
Corée du Sud,2008,Asie,1.19,80.0,48356485
Corée du Sud,2009,Asie,1.178,80.55,48546690
Corée du Sud,2010,Asie,1.226,80.72,48769329
Corée du Sud,2011,Asie,1.258,81.17,49127640
Corée du Sud,2012,Asie,1.274,81.31,49599580
Corée du Sud,2013,Asie,1.206,81.84,50071168
Corée du Sud,2014,Asie,1.197,82.36,50539055
Corée du Sud,2015,Asie,1.202,82.54,50983909
Corée du Sud,2016,Asie,1.14,82.92,51297836
Corée du Sud,2017,Asie,1.035,83.28,51486268
Corée du Sud,2018,Asie,0.951,83.34,51640894
Corée du Sud,2019,Asie,0.881,83.69,51767844
Corée du Sud,2020,Asie,0.812,83.67,51858481
Corée du Sud,2021,Asie,0.783,83.85,51848401
Corée du Sud,2022,Asie,0.78,82.73,51782515
Corée du Sud,2023,Asie,0.72,84.33,51748744
Corée du Sud,2024,Asie,0.709,84.43,51717587
Corée du Sud,2025,Asie,0.699,84.53,51667035
Koweït,1950,Asie,7.115,49.74,153973
Koweït,1951,Asie,7.121,50.58,158462
Koweït,1952,Asie,7.127,51.42,163169
Koweït,1953,Asie,7.136,52.26,168102
Koweït,1954,Asie,7.135,53.13,173256
Koweït,1955,Asie,7.14,54.03,186125
Koweït,1956,Asie,7.154,54.94,207222
Koweït,1957,Asie,7.167,55.89,227052
Koweït,1958,Asie,7.188,56.88,250216
Koweït,1959,Asie,7.203,57.89,279532
Koweït,1960,Asie,7.223,58.92,311066
Koweït,1961,Asie,7.248,59.95,345953
Koweït,1962,Asie,7.254,60.98,385005
Koweït,1963,Asie,7.275,61.99,427702
Koweït,1964,Asie,7.286,62.97,473122
Koweït,1965,Asie,7.314,63.94,521180
Koweït,1966,Asie,7.34,64.88,572597
Koweït,1967,Asie,7.326,65.78,628104
Koweït,1968,Asie,7.278,66.61,687726
Koweït,1969,Asie,7.181,67.35,749460
Koweït,1970,Asie,7.025,67.98,809118
Koweït,1971,Asie,6.839,68.48,865079
Koweït,1972,Asie,6.637,68.88,920358
Koweït,1973,Asie,6.43,69.19,977665
Koweït,1974,Asie,6.233,69.45,1038354
Koweït,1975,Asie,6.059,69.68,1104869
Koweït,1976,Asie,5.896,69.92,1178717
Koweït,1977,Asie,5.712,70.17,1258029
Koweït,1978,Asie,5.521,70.45,1340323
Koweït,1979,Asie,5.333,70.78,1423523
Koweït,1980,Asie,5.184,71.13,1504789
Koweït,1981,Asie,5.021,71.52,1583428
Koweït,1982,Asie,4.848,71.95,1662489
Koweït,1983,Asie,4.658,72.39,1744302
Koweït,1984,Asie,4.452,72.85,1820692
Koweït,1985,Asie,4.218,73.32,1894255
Koweït,1986,Asie,4.003,73.78,1972520
Koweït,1987,Asie,3.827,74.22,2053007
Koweït,1988,Asie,3.702,74.64,2134708
Koweït,1989,Asie,3.593,75.03,2217470
Koweït,1990,Asie,3.487,72.85,1684833
Koweït,1991,Asie,3.398,73.31,1351403
Koweït,1992,Asie,3.353,75.73,1634968
Koweït,1993,Asie,3.313,75.77,1672158
Koweït,1994,Asie,3.272,75.73,1664371
Koweït,1995,Asie,3.248,75.67,1681518
Koweït,1996,Asie,3.223,75.6,1730255
Koweït,1997,Asie,3.135,75.56,1787692
Koweït,1998,Asie,3.039,75.61,1844308
Koweït,1999,Asie,2.952,75.72,1900035
Koweït,2000,Asie,2.887,75.87,1954713
Koweït,2001,Asie,2.839,76.04,2008127
Koweït,2002,Asie,2.795,76.19,2059983
Koweït,2003,Asie,2.771,76.3,2109886
Koweït,2004,Asie,2.762,76.39,2157329
Koweït,2005,Asie,2.731,76.46,2236797
Koweït,2006,Asie,2.589,76.55,2364741
Koweït,2007,Asie,2.412,76.69,2507890
Koweït,2008,Asie,2.266,76.89,2651433
Koweït,2009,Asie,2.155,77.17,2795489
Koweït,2010,Asie,2.044,77.5,2943374
Koweït,2011,Asie,1.956,77.86,3132815
Koweït,2012,Asie,1.99,78.23,3337025
Koweït,2013,Asie,1.968,78.58,3507755
Koweït,2014,Asie,2.06,78.93,3665769
Koweït,2015,Asie,2.03,79.22,3834465
Koweït,2016,Asie,2.061,79.52,4003976
Koweït,2017,Asie,2.16,79.73,4154686
Koweït,2018,Asie,2.118,79.9,4323389
Koweït,2019,Asie,2.087,80.02,4442201
Koweït,2020,Asie,2.099,78.25,4400146
Koweït,2021,Asie,1.82,77.62,4360748
Koweït,2022,Asie,1.547,78.79,4589514
Koweït,2023,Asie,1.525,80.41,4838781
Koweït,2024,Asie,1.502,80.6,4934508
Koweït,2025,Asie,1.48,80.78,5026079
Laos,1950,Asie,6.248,38.94,1684556
Laos,1951,Asie,6.233,39.17,1725246
Laos,1952,Asie,6.243,39.43,1766187
Laos,1953,Asie,6.254,39.73,1807820
Laos,1954,Asie,6.245,40.01,1850134
Laos,1955,Asie,6.258,40.31,1893226
Laos,1956,Asie,6.27,40.56,1937237
Laos,1957,Asie,6.268,40.87,1982140
Laos,1958,Asie,6.278,41.18,2028028
Laos,1959,Asie,6.289,40.75,2074484
Laos,1960,Asie,6.292,41.04,2121517
Laos,1961,Asie,6.31,41.34,2169800
Laos,1962,Asie,6.313,42.27,2219918
Laos,1963,Asie,6.318,41.54,2271068
Laos,1964,Asie,6.313,41.86,2322828
Laos,1965,Asie,6.316,42.22,2376200
Laos,1966,Asie,6.307,42.35,2431088
Laos,1967,Asie,6.306,42.87,2487719
Laos,1968,Asie,6.298,43.18,2546381
Laos,1969,Asie,6.301,43.46,2606965
Laos,1970,Asie,6.31,43.78,2669703
Laos,1971,Asie,6.295,44.12,2734637
Laos,1972,Asie,6.284,44.42,2801657
Laos,1973,Asie,6.281,44.73,2870578
Laos,1974,Asie,6.289,45.89,2939759
Laos,1975,Asie,6.287,46.15,3005524
Laos,1976,Asie,6.289,46.01,3064882
Laos,1977,Asie,6.293,46.41,3118926
Laos,1978,Asie,6.298,46.83,3171753
Laos,1979,Asie,6.314,47.46,3228198
Laos,1980,Asie,6.332,48.56,3292575
Laos,1981,Asie,6.35,49.24,3366638
Laos,1982,Asie,6.369,49.93,3450022
Laos,1983,Asie,6.376,50.48,3541003
Laos,1984,Asie,6.37,51.01,3637845
Laos,1985,Asie,6.328,51.58,3739985
Laos,1986,Asie,6.255,52.14,3846720
Laos,1987,Asie,6.205,52.6,3957624
Laos,1988,Asie,6.158,53.08,4072608
Laos,1989,Asie,6.102,53.59,4190972
Laos,1990,Asie,6.057,54.03,4311960
Laos,1991,Asie,5.986,54.7,4435121
Laos,1992,Asie,5.9,55.1,4559650
Laos,1993,Asie,5.798,55.58,4685064
Laos,1994,Asie,5.598,55.81,4809223
Laos,1995,Asie,5.355,56.34,4929410
Laos,1996,Asie,5.148,56.82,5045686
Laos,1997,Asie,4.961,57.3,5152015
Laos,1998,Asie,4.792,57.55,5248273
Laos,1999,Asie,4.639,57.87,5340784
Laos,2000,Asie,4.429,58.32,5431213
Laos,2001,Asie,4.29,58.89,5521481
Laos,2002,Asie,4.132,59.3,5610888
Laos,2003,Asie,4.024,59.64,5697944
Laos,2004,Asie,3.898,60.08,5781627
Laos,2005,Asie,3.685,60.69,5869531
Laos,2006,Asie,3.559,61.07,5963199
Laos,2007,Asie,3.438,61.69,6056237
Laos,2008,Asie,3.331,62.25,6148974
Laos,2009,Asie,3.229,63.02,6241649
Laos,2010,Asie,3.137,63.69,6334198
Laos,2011,Asie,3.049,64.5,6426592
Laos,2012,Asie,2.953,65.13,6518981
Laos,2013,Asie,2.872,65.72,6611385
Laos,2014,Asie,2.802,66.35,6703170
Laos,2015,Asie,2.796,66.69,6801647
Laos,2016,Asie,2.744,67.01,6908800
Laos,2017,Asie,2.691,67.34,7018150
Laos,2018,Asie,2.633,67.59,7128043
Laos,2019,Asie,2.589,67.91,7237635
Laos,2020,Asie,2.535,68.34,7346534
Laos,2021,Asie,2.494,67.81,7453192
Laos,2022,Asie,2.455,68.72,7559008
Laos,2023,Asie,2.421,68.96,7665001
Laos,2024,Asie,2.385,69.22,7769823
Laos,2025,Asie,2.349,69.47,7873048
Liban,1950,Asie,5.805,59.9,1349351
Liban,1951,Asie,5.805,60.33,1387575
Liban,1952,Asie,5.799,60.76,1427087
Liban,1953,Asie,5.805,61.18,1468018
Liban,1954,Asie,5.806,61.59,1510417
Liban,1955,Asie,5.811,61.45,1554070
Liban,1956,Asie,5.812,62.24,1599146
Liban,1957,Asie,5.809,62.81,1645925
Liban,1958,Asie,5.817,61.23,1693554
Liban,1959,Asie,5.841,63.58,1742776
Liban,1960,Asie,5.877,63.93,1794411
Liban,1961,Asie,5.891,64.27,1850090
Liban,1962,Asie,5.902,64.59,1909583
Liban,1963,Asie,5.905,64.88,1970319
Liban,1964,Asie,5.851,65.1,2030547
Liban,1965,Asie,5.768,65.32,2088838
Liban,1966,Asie,5.677,65.5,2148255
Liban,1967,Asie,5.569,65.68,2206736
Liban,1968,Asie,5.448,65.8,2266376
Liban,1969,Asie,5.316,65.92,2328162
Liban,1970,Asie,5.188,66.02,2386119
Liban,1971,Asie,5.05,66.12,2446319
Liban,1972,Asie,4.912,66.2,2509730
Liban,1973,Asie,4.79,66.3,2572932
Liban,1974,Asie,4.654,66.41,2635185
Liban,1975,Asie,4.521,57.74,2693197
Liban,1976,Asie,4.394,36.44,2726474
Liban,1977,Asie,4.279,60.33,2762162
Liban,1978,Asie,4.176,60.0,2822681
Liban,1979,Asie,4.077,59.56,2882635
Liban,1980,Asie,4.011,59.91,2944765
Liban,1981,Asie,3.953,60.28,3008985
Liban,1982,Asie,3.855,47.19,3054932
Liban,1983,Asie,3.734,60.75,3095001
Liban,1984,Asie,3.658,61.17,3152742
Liban,1985,Asie,3.533,61.57,3217377
Liban,1986,Asie,3.466,62.01,3300373
Liban,1987,Asie,3.42,62.54,3385557
Liban,1988,Asie,3.392,62.92,3454647
Liban,1989,Asie,3.363,65.11,3525288
Liban,1990,Asie,3.268,65.48,3595175
Liban,1991,Asie,3.162,70.86,3668916
Liban,1992,Asie,3.052,71.17,3747375
Liban,1993,Asie,2.937,71.56,3820652
Liban,1994,Asie,2.823,72.03,3889802
Liban,1995,Asie,2.725,72.38,3960741
Liban,1996,Asie,2.698,72.61,4034782
Liban,1997,Asie,2.667,72.94,4108409
Liban,1998,Asie,2.648,73.2,4181287
Liban,1999,Asie,2.631,73.51,4255278
Liban,2000,Asie,2.6,73.89,4329345
Liban,2001,Asie,2.576,74.35,4401923
Liban,2002,Asie,2.523,74.84,4463505
Liban,2003,Asie,2.457,75.28,4525513
Liban,2004,Asie,2.378,75.69,4599285
Liban,2005,Asie,2.291,76.07,4671105
Liban,2006,Asie,2.244,75.68,4751146
Liban,2007,Asie,2.201,76.73,4844119
Liban,2008,Asie,2.172,76.96,4925359
Liban,2009,Asie,2.191,77.26,4992295
Liban,2010,Asie,2.256,77.53,5041290
Liban,2011,Asie,2.32,77.77,5096018
Liban,2012,Asie,2.345,77.94,5235742
Liban,2013,Asie,2.361,78.04,5743441
Liban,2014,Asie,2.375,78.15,6346993
Liban,2015,Asie,2.382,78.28,6472470
Liban,2016,Asie,2.39,78.31,6323061
Liban,2017,Asie,2.372,78.19,6160129
Liban,2018,Asie,2.347,78.26,5984120
Liban,2019,Asie,2.327,78.21,5794601
Liban,2020,Asie,2.308,76.3,5702400
Liban,2021,Asie,2.283,73.65,5718129
Liban,2022,Asie,2.263,78.0,5744492
Liban,2023,Asie,2.239,77.82,5773494
Liban,2024,Asie,2.224,77.94,5805962
Liban,2025,Asie,2.21,78.08,5849423
Liberia,1950,Afrique,6.001,37.97,918912
Liberia,1951,Afrique,6.043,38.02,936416
Liberia,1952,Afrique,6.087,38.05,954977
Liberia,1953,Afrique,6.124,38.08,974392
Liberia,1954,Afrique,6.161,38.1,994771
Liberia,1955,Afrique,6.191,38.11,1016396
Liberia,1956,Afrique,6.238,38.1,1039157
Liberia,1957,Afrique,6.28,38.08,1062947
Liberia,1958,Afrique,6.306,38.05,1087253
Liberia,1959,Afrique,6.353,38.06,1112560
Liberia,1960,Afrique,6.391,38.07,1139519
Liberia,1961,Afrique,6.446,38.1,1167721
Liberia,1962,Afrique,6.504,38.17,1197042
Liberia,1963,Afrique,6.556,38.31,1227417
Liberia,1964,Afrique,6.585,38.45,1258749
Liberia,1965,Afrique,6.617,38.69,1291155
Liberia,1966,Afrique,6.628,38.95,1324390
Liberia,1967,Afrique,6.65,39.26,1358439
Liberia,1968,Afrique,6.657,39.59,1393532
Liberia,1969,Afrique,6.644,39.99,1429612
Liberia,1970,Afrique,6.578,40.36,1466677
Liberia,1971,Afrique,6.542,40.72,1504082
Liberia,1972,Afrique,6.599,41.2,1542674
Liberia,1973,Afrique,6.651,41.62,1583590
Liberia,1974,Afrique,6.691,42.06,1626363
Liberia,1975,Afrique,6.744,42.46,1670914
Liberia,1976,Afrique,6.793,42.85,1717071
Liberia,1977,Afrique,6.841,43.22,1766028
Liberia,1978,Afrique,6.884,43.57,1818255
Liberia,1979,Afrique,6.919,43.89,1872714
Liberia,1980,Afrique,6.872,44.09,1929260
Liberia,1981,Afrique,6.834,44.34,1986864
Liberia,1982,Afrique,6.788,44.45,2045076
Liberia,1983,Afrique,6.76,44.58,2107114
Liberia,1984,Afrique,6.728,44.68,2173314
Liberia,1985,Afrique,6.693,44.03,2240549
Liberia,1986,Afrique,6.638,44.49,2308516
Liberia,1987,Afrique,6.572,44.27,2377233
Liberia,1988,Afrique,6.507,44.06,2446942
Liberia,1989,Afrique,6.434,43.86,2517864
Liberia,1990,Afrique,6.37,37.64,2223667
Liberia,1991,Afrique,6.323,43.58,1956523
Liberia,1992,Afrique,6.277,43.57,2072466
Liberia,1993,Afrique,6.246,43.02,2155135
Liberia,1994,Afrique,6.21,42.62,2149929
Liberia,1995,Afrique,6.173,44.57,2169167
Liberia,1996,Afrique,6.129,44.95,2232286
Liberia,1997,Afrique,6.079,48.3,2412995
Liberia,1998,Afrique,6.017,49.37,2670128
Liberia,1999,Afrique,5.953,50.41,2821689
Liberia,2000,Afrique,5.875,51.85,2928117
Liberia,2001,Afrique,5.774,53.11,3015343
Liberia,2002,Afrique,5.653,54.06,3094793
Liberia,2003,Afrique,5.547,53.05,3119534
Liberia,2004,Afrique,5.506,55.95,3156893
Liberia,2005,Afrique,5.519,56.77,3301016
Liberia,2006,Afrique,5.53,57.49,3490792
Liberia,2007,Afrique,5.462,58.15,3669050
Liberia,2008,Afrique,5.328,58.67,3821006
Liberia,2009,Afrique,5.174,59.11,3943035
Liberia,2010,Afrique,5.058,59.36,4058897
Liberia,2011,Afrique,4.97,59.49,4221177
Liberia,2012,Afrique,4.881,59.78,4373046
Liberia,2013,Afrique,4.749,59.99,4470246
Liberia,2014,Afrique,4.622,59.21,4564299
Liberia,2015,Afrique,4.523,59.25,4659436
Liberia,2016,Afrique,4.461,60.48,4755607
Liberia,2017,Afrique,4.396,60.78,4848927
Liberia,2018,Afrique,4.336,61.0,4944728
Liberia,2019,Afrique,4.257,61.23,5043719
Liberia,2020,Afrique,4.174,61.27,5149470
Liberia,2021,Afrique,4.089,61.17,5259327
Liberia,2022,Afrique,4.016,61.93,5373297
Liberia,2023,Afrique,3.95,62.16,5493035
Liberia,2024,Afrique,3.891,62.32,5612813
Liberia,2025,Afrique,3.832,62.47,5731206
Libye,1950,Afrique,7.009,33.11,1131471
Libye,1951,Afrique,7.03,33.47,1145389
Libye,1952,Afrique,7.052,33.8,1162480
Libye,1953,Afrique,7.126,34.18,1183300
Libye,1954,Afrique,7.184,34.66,1208183
Libye,1955,Afrique,7.241,35.25,1241389
Libye,1956,Afrique,7.289,36.0,1282962
Libye,1957,Afrique,7.347,36.88,1328858
Libye,1958,Afrique,7.404,37.99,1379206
Libye,1959,Afrique,7.455,39.27,1433965
Libye,1960,Afrique,7.509,40.75,1492890
Libye,1961,Afrique,7.556,42.36,1555703
Libye,1962,Afrique,7.61,44.08,1621960
Libye,1963,Afrique,7.685,45.58,1690458
Libye,1964,Afrique,7.752,47.65,1753692
Libye,1965,Afrique,7.823,49.28,1804016
Libye,1966,Afrique,7.891,50.95,1849066
Libye,1967,Afrique,7.932,52.46,1898203
Libye,1968,Afrique,7.974,53.85,1952789
Libye,1969,Afrique,8.011,55.17,2014294
Libye,1970,Afrique,8.048,56.38,2082597
Libye,1971,Afrique,8.096,57.58,2153537
Libye,1972,Afrique,8.073,58.69,2226105
Libye,1973,Afrique,8.047,59.71,2314200
Libye,1974,Afrique,8.02,60.71,2432218
Libye,1975,Afrique,7.977,61.62,2571563
Libye,1976,Afrique,7.932,62.45,2721246
Libye,1977,Afrique,7.872,63.13,2881540
Libye,1978,Afrique,7.789,63.8,3052532
Libye,1979,Afrique,7.68,64.33,3233849
Libye,1980,Afrique,7.543,64.8,3424375
Libye,1981,Afrique,7.371,65.25,3621488
Libye,1982,Afrique,7.162,65.77,3724772
Libye,1983,Afrique,6.91,66.26,3718966
Libye,1984,Afrique,6.622,66.75,3773639
Libye,1985,Afrique,6.328,67.28,3898746
Libye,1986,Afrique,6.022,67.81,4017403
Libye,1987,Afrique,5.718,68.26,4129743
Libye,1988,Afrique,5.41,68.61,4237757
Libye,1989,Afrique,5.091,68.98,4342927
Libye,1990,Afrique,4.776,69.31,4445243
Libye,1991,Afrique,4.461,69.64,4544404
Libye,1992,Afrique,4.162,69.97,4640360
Libye,1993,Afrique,3.883,70.25,4733053
Libye,1994,Afrique,3.649,70.47,4822039
Libye,1995,Afrique,3.442,70.64,4906851
Libye,1996,Afrique,3.256,70.74,4987402
Libye,1997,Afrique,3.132,70.72,5064642
Libye,1998,Afrique,3.043,70.66,5140711
Libye,1999,Afrique,2.972,70.6,5218039
Libye,2000,Afrique,2.906,70.54,5305020
Libye,2001,Afrique,2.866,70.65,5403639
Libye,2002,Afrique,2.831,70.79,5508412
Libye,2003,Afrique,2.797,71.0,5619405
Libye,2004,Afrique,2.773,71.21,5736696
Libye,2005,Afrique,2.765,71.44,5858793
Libye,2006,Afrique,2.699,71.63,5980212
Libye,2007,Afrique,2.648,71.79,6104381
Libye,2008,Afrique,2.599,71.94,6235433
Libye,2009,Afrique,2.556,72.07,6366689
Libye,2010,Afrique,2.603,72.2,6497837
Libye,2011,Afrique,2.646,69.95,6343210
Libye,2012,Afrique,2.68,72.19,6179327
Libye,2013,Afrique,2.716,72.34,6304636
Libye,2014,Afrique,2.754,71.3,6427260
Libye,2015,Afrique,2.711,71.64,6531825
Libye,2016,Afrique,2.673,71.8,6632130
Libye,2017,Afrique,2.626,72.72,6738771
Libye,2018,Afrique,2.581,73.15,6849058
Libye,2019,Afrique,2.539,72.94,6951040
Libye,2020,Afrique,2.507,72.39,7045403
Libye,2021,Afrique,2.462,72.06,7135179
Libye,2022,Afrique,2.402,74.46,7223804
Libye,2023,Afrique,2.355,69.34,7305659
Libye,2024,Afrique,2.32,71.12,7381029
Libye,2025,Afrique,2.285,73.19,7458554
Sainte-Lucie,1950,Amériques,6.42,48.29,93009
Sainte-Lucie,1951,Amériques,6.439,49.82,93988
Sainte-Lucie,1952,Amériques,6.46,52.43,94432
Sainte-Lucie,1953,Amériques,6.091,53.22,94347
Sainte-Lucie,1954,Amériques,6.245,54.53,94123
Sainte-Lucie,1955,Amériques,6.446,55.41,93821
Sainte-Lucie,1956,Amériques,6.598,55.89,93473
Sainte-Lucie,1957,Amériques,6.701,55.88,93100
Sainte-Lucie,1958,Amériques,6.759,56.56,92731
Sainte-Lucie,1959,Amériques,6.779,57.32,92369
Sainte-Lucie,1960,Amériques,6.767,57.87,92605
Sainte-Lucie,1961,Amériques,6.835,59.09,93506
Sainte-Lucie,1962,Amériques,6.818,59.88,94523
Sainte-Lucie,1963,Amériques,6.721,60.54,95539
Sainte-Lucie,1964,Amériques,6.758,61.34,96529
Sainte-Lucie,1965,Amériques,6.688,61.92,97513
Sainte-Lucie,1966,Amériques,6.607,62.53,98486
Sainte-Lucie,1967,Amériques,6.508,63.16,99523
Sainte-Lucie,1968,Amériques,6.387,63.75,100696
Sainte-Lucie,1969,Amériques,6.249,64.03,101904
Sainte-Lucie,1970,Amériques,6.101,64.29,103184
Sainte-Lucie,1971,Amériques,5.953,64.49,104577
Sainte-Lucie,1972,Amériques,5.813,64.64,106021
Sainte-Lucie,1973,Amériques,5.686,64.57,107512
Sainte-Lucie,1974,Amériques,5.571,65.42,109093
Sainte-Lucie,1975,Amériques,5.358,65.91,110740
Sainte-Lucie,1976,Amériques,5.161,66.2,112442
Sainte-Lucie,1977,Amériques,4.966,66.96,114150
Sainte-Lucie,1978,Amériques,4.825,67.38,115853
Sainte-Lucie,1979,Amériques,4.583,67.36,117547
Sainte-Lucie,1980,Amériques,4.412,67.8,119302
Sainte-Lucie,1981,Amériques,4.276,68.69,121183
Sainte-Lucie,1982,Amériques,4.169,68.98,123097
Sainte-Lucie,1983,Amériques,4.082,69.99,125055
Sainte-Lucie,1984,Amériques,4.018,70.52,127085
Sainte-Lucie,1985,Amériques,3.97,70.31,129174
Sainte-Lucie,1986,Amériques,3.801,70.23,131253
Sainte-Lucie,1987,Amériques,3.613,69.67,133243
Sainte-Lucie,1988,Amériques,3.435,69.74,135019
Sainte-Lucie,1989,Amériques,3.314,70.03,136526
Sainte-Lucie,1990,Amériques,3.238,70.01,137874
Sainte-Lucie,1991,Amériques,3.19,70.31,139536
Sainte-Lucie,1992,Amériques,3.11,70.73,141629
Sainte-Lucie,1993,Amériques,2.999,71.05,143735
Sainte-Lucie,1994,Amériques,3.028,71.08,145901
Sainte-Lucie,1995,Amériques,3.026,71.17,148227
Sainte-Lucie,1996,Amériques,2.712,70.96,150453
Sainte-Lucie,1997,Amériques,2.743,70.78,152584
Sainte-Lucie,1998,Amériques,2.403,70.68,154688
Sainte-Lucie,1999,Amériques,2.501,70.69,156719
Sainte-Lucie,2000,Amériques,2.207,70.78,158624
Sainte-Lucie,2001,Amériques,2.125,71.37,160247
Sainte-Lucie,2002,Amériques,2.032,71.71,161655
Sainte-Lucie,2003,Amériques,1.939,72.19,162985
Sainte-Lucie,2004,Amériques,1.863,72.45,164250
Sainte-Lucie,2005,Amériques,1.807,72.54,165460
Sainte-Lucie,2006,Amériques,1.765,72.79,166657
Sainte-Lucie,2007,Amériques,1.7,72.86,167766
Sainte-Lucie,2008,Amériques,1.7,72.96,168816
Sainte-Lucie,2009,Amériques,1.735,72.95,169880
Sainte-Lucie,2010,Amériques,1.673,72.77,170921
Sainte-Lucie,2011,Amériques,1.5,72.96,171814
Sainte-Lucie,2012,Amériques,1.5,72.86,172595
Sainte-Lucie,2013,Amériques,1.5,72.69,173380
Sainte-Lucie,2014,Amériques,1.485,72.68,174145
Sainte-Lucie,2015,Amériques,1.473,72.93,174919
Sainte-Lucie,2016,Amériques,1.461,72.55,175651
Sainte-Lucie,2017,Amériques,1.448,72.52,176352
Sainte-Lucie,2018,Amériques,1.436,72.66,177032
Sainte-Lucie,2019,Amériques,1.424,72.25,177675
Sainte-Lucie,2020,Amériques,1.411,72.31,178261
Sainte-Lucie,2021,Amériques,1.399,69.12,178540
Sainte-Lucie,2022,Amériques,1.387,72.67,178794
Sainte-Lucie,2023,Amériques,1.379,72.7,179291
Sainte-Lucie,2024,Amériques,1.368,72.85,179751
Sainte-Lucie,2025,Amériques,1.356,73.0,180157
Sri Lanka,1950,Asie,5.462,53.17,7811051
Sri Lanka,1951,Asie,5.461,53.98,7956333
Sri Lanka,1952,Asie,5.431,54.86,8111562
Sri Lanka,1953,Asie,5.393,55.65,8275136
Sri Lanka,1954,Asie,5.35,56.44,8445937
Sri Lanka,1955,Asie,5.308,57.18,8623328
Sri Lanka,1956,Asie,5.262,57.9,8807222
Sri Lanka,1957,Asie,5.337,58.53,9001000
Sri Lanka,1958,Asie,5.404,59.28,9208815
Sri Lanka,1959,Asie,5.414,59.97,9430157
Sri Lanka,1960,Asie,5.352,60.6,9661384
Sri Lanka,1961,Asie,5.24,61.16,9899372
Sri Lanka,1962,Asie,5.177,61.63,10143750
Sri Lanka,1963,Asie,5.118,62.03,10395039
Sri Lanka,1964,Asie,5.057,62.38,10653403
Sri Lanka,1965,Asie,4.934,62.79,10916965
Sri Lanka,1966,Asie,4.828,63.16,11183925
Sri Lanka,1967,Asie,4.787,63.56,11457329
Sri Lanka,1968,Asie,4.658,63.87,11736084
Sri Lanka,1969,Asie,4.499,64.14,12013864
Sri Lanka,1970,Asie,4.387,64.35,12287113
Sri Lanka,1971,Asie,4.266,64.24,12551910
Sri Lanka,1972,Asie,4.156,64.62,12809207
Sri Lanka,1973,Asie,4.001,64.78,13060920
Sri Lanka,1974,Asie,3.855,64.97,13305697
Sri Lanka,1975,Asie,3.816,65.36,13548989
Sri Lanka,1976,Asie,3.783,65.84,13796776
Sri Lanka,1977,Asie,3.741,66.39,14049365
Sri Lanka,1978,Asie,3.81,66.84,14310127
Sri Lanka,1979,Asie,3.822,67.51,14579616
Sri Lanka,1980,Asie,3.725,68.01,14847972
Sri Lanka,1981,Asie,3.649,68.38,15099417
Sri Lanka,1982,Asie,3.32,68.67,15286571
Sri Lanka,1983,Asie,3.114,68.73,15388795
Sri Lanka,1984,Asie,3.006,68.76,15441858
Sri Lanka,1985,Asie,2.895,68.88,15544152
Sri Lanka,1986,Asie,2.743,68.96,15731253
Sri Lanka,1987,Asie,2.644,69.01,15916578
Sri Lanka,1988,Asie,2.565,69.0,16078624
Sri Lanka,1989,Asie,2.578,67.28,16248560
Sri Lanka,1990,Asie,2.541,69.24,16352460
Sri Lanka,1991,Asie,2.514,69.13,16475354
Sri Lanka,1992,Asie,2.487,69.62,16739297
Sri Lanka,1993,Asie,2.438,70.05,17025924
Sri Lanka,1994,Asie,2.405,70.21,17275777
Sri Lanka,1995,Asie,2.353,69.75,17564065
Sri Lanka,1996,Asie,2.285,69.84,17905020
Sri Lanka,1997,Asie,2.215,69.93,18248205
Sri Lanka,1998,Asie,2.136,70.13,18596006
Sri Lanka,1999,Asie,2.142,70.43,18944734
Sri Lanka,2000,Asie,2.213,71.18,19293056
Sri Lanka,2001,Asie,2.283,71.8,19600361
Sri Lanka,2002,Asie,2.31,72.27,19805750
Sri Lanka,2003,Asie,2.301,72.44,19951521
Sri Lanka,2004,Asie,2.271,68.02,20087608
Sri Lanka,2005,Asie,2.263,73.07,20216531
Sri Lanka,2006,Asie,2.292,72.83,20352416
Sri Lanka,2007,Asie,2.295,72.98,20492546
Sri Lanka,2008,Asie,2.232,72.56,20629377
Sri Lanka,2009,Asie,2.179,70.3,20756438
Sri Lanka,2010,Asie,2.134,74.46,20879092
Sri Lanka,2011,Asie,2.144,74.74,21009054
Sri Lanka,2012,Asie,2.173,75.19,21169461
Sri Lanka,2013,Asie,2.178,75.55,21358829
Sri Lanka,2014,Asie,2.134,75.76,21547454
Sri Lanka,2015,Asie,2.09,75.99,21729975
Sri Lanka,2016,Asie,2.062,76.14,21910763
Sri Lanka,2017,Asie,2.044,76.24,22087525
Sri Lanka,2018,Asie,2.033,76.48,22253116
Sri Lanka,2019,Asie,2.022,76.7,22410552
Sri Lanka,2020,Asie,2.007,76.93,22561808
Sri Lanka,2021,Asie,1.995,76.28,22700377
Sri Lanka,2022,Asie,1.984,77.3,22834965
Sri Lanka,2023,Asie,1.974,77.48,22971615
Sri Lanka,2024,Asie,1.957,77.67,23103561
Sri Lanka,2025,Asie,1.94,77.85,23229474
Lesotho,1950,Afrique,5.701,44.63,579554
Lesotho,1951,Afrique,5.721,45.22,590270
Lesotho,1952,Afrique,5.733,45.9,601947
Lesotho,1953,Afrique,5.745,46.58,614478
Lesotho,1954,Afrique,5.785,47.3,627902
Lesotho,1955,Afrique,5.786,47.96,642186
Lesotho,1956,Afrique,5.791,48.61,657317
Lesotho,1957,Afrique,5.791,49.16,674674
Lesotho,1958,Afrique,5.791,49.6,694324
Lesotho,1959,Afrique,5.787,49.92,714949
Lesotho,1960,Afrique,5.784,50.17,736507
Lesotho,1961,Afrique,5.785,50.27,758833
Lesotho,1962,Afrique,5.787,50.31,781819
Lesotho,1963,Afrique,5.776,50.26,805374
Lesotho,1964,Afrique,5.765,50.31,829442
Lesotho,1965,Afrique,5.772,50.33,854094
Lesotho,1966,Afrique,5.756,50.38,881879
Lesotho,1967,Afrique,5.745,50.51,913986
Lesotho,1968,Afrique,5.725,50.79,948108
Lesotho,1969,Afrique,5.704,51.12,983200
Lesotho,1970,Afrique,5.698,51.5,1019273
Lesotho,1971,Afrique,5.696,51.84,1056248
Lesotho,1972,Afrique,5.694,52.26,1094069
Lesotho,1973,Afrique,5.688,52.62,1132706
Lesotho,1974,Afrique,5.753,52.94,1172420
Lesotho,1975,Afrique,5.825,53.45,1213650
Lesotho,1976,Afrique,5.871,53.93,1253217
Lesotho,1977,Afrique,5.848,54.53,1289966
Lesotho,1978,Afrique,5.823,55.17,1327244
Lesotho,1979,Afrique,5.789,55.84,1366171
Lesotho,1980,Afrique,5.746,56.53,1406530
Lesotho,1981,Afrique,5.694,57.31,1448073
Lesotho,1982,Afrique,5.632,57.98,1490732
Lesotho,1983,Afrique,5.56,58.49,1534414
Lesotho,1984,Afrique,5.478,58.95,1578992
Lesotho,1985,Afrique,5.401,59.21,1624385
Lesotho,1986,Afrique,5.317,59.35,1666140
Lesotho,1987,Afrique,5.222,59.56,1703395
Lesotho,1988,Afrique,5.104,59.57,1739847
Lesotho,1989,Afrique,4.964,59.51,1775437
Lesotho,1990,Afrique,4.813,59.32,1809698
Lesotho,1991,Afrique,4.681,59.06,1842383
Lesotho,1992,Afrique,4.541,58.64,1873281
Lesotho,1993,Afrique,4.365,58.06,1901799
Lesotho,1994,Afrique,4.21,57.29,1927708
Lesotho,1995,Afrique,4.125,56.37,1951441
Lesotho,1996,Afrique,4.058,55.14,1972424
Lesotho,1997,Afrique,3.982,53.73,1988140
Lesotho,1998,Afrique,3.815,52.03,1998048
Lesotho,1999,Afrique,3.67,50.38,2003238
Lesotho,2000,Afrique,3.605,48.78,2003919
Lesotho,2001,Afrique,3.63,47.15,2000859
Lesotho,2002,Afrique,3.682,45.95,1994686
Lesotho,2003,Afrique,3.619,44.92,1985060
Lesotho,2004,Afrique,3.508,44.04,1971130
Lesotho,2005,Afrique,3.428,43.61,1953080
Lesotho,2006,Afrique,3.414,43.18,1945066
Lesotho,2007,Afrique,3.442,43.66,1953273
Lesotho,2008,Afrique,3.392,44.3,1966547
Lesotho,2009,Afrique,3.309,45.05,1980884
Lesotho,2010,Afrique,3.25,46.05,1996256
Lesotho,2011,Afrique,3.343,46.93,2014015
Lesotho,2012,Afrique,3.296,48.23,2034363
Lesotho,2013,Afrique,3.283,49.55,2056509
Lesotho,2014,Afrique,3.239,50.79,2080091
Lesotho,2015,Afrique,3.217,51.83,2104614
Lesotho,2016,Afrique,3.18,52.91,2130424
Lesotho,2017,Afrique,3.105,53.87,2157117
Lesotho,2018,Afrique,3.016,54.64,2183611
Lesotho,2019,Afrique,2.924,55.25,2209414
Lesotho,2020,Afrique,2.846,55.13,2235727
Lesotho,2021,Afrique,2.769,54.21,2261549
Lesotho,2022,Afrique,2.716,56.81,2286112
Lesotho,2023,Afrique,2.694,57.38,2311476
Lesotho,2024,Afrique,2.654,57.8,2337428
Lesotho,2025,Afrique,2.614,58.22,2363330
Lituanie,1992,Europe,1.97,70.34,3697552
Lituanie,1993,Europe,1.741,68.93,3680201
Lituanie,1994,Europe,1.577,68.5,3654893
Lituanie,1995,Europe,1.552,69.02,3627038
Lituanie,1996,Europe,1.495,70.19,3599721
Lituanie,1997,Europe,1.468,71.03,3573418
Lituanie,1998,Europe,1.458,71.33,3547768
Lituanie,1999,Europe,1.456,71.72,3522905
Lituanie,2000,Europe,1.383,72.14,3500410
Lituanie,2001,Europe,1.281,71.71,3473008
Lituanie,2002,Europe,1.231,71.84,3444051
Lituanie,2003,Europe,1.26,72.09,3415276
Lituanie,2004,Europe,1.271,72.0,3376703
Lituanie,2005,Europe,1.291,71.25,3322264
Lituanie,2006,Europe,1.322,70.96,3269809
Lituanie,2007,Europe,1.359,70.7,3231378
Lituanie,2008,Europe,1.444,71.7,3198482
Lituanie,2009,Europe,1.499,72.85,3163255
Lituanie,2010,Europe,1.499,73.2,3097721
Lituanie,2011,Europe,1.548,73.61,3028642
Lituanie,2012,Europe,1.591,73.96,2988334
Lituanie,2013,Europe,1.583,74.03,2958359
Lituanie,2014,Europe,1.628,74.6,2933171
Lituanie,2015,Europe,1.705,74.47,2905771
Lituanie,2016,Europe,1.692,74.82,2869109
Lituanie,2017,Europe,1.633,75.7,2829317
Lituanie,2018,Europe,1.635,75.91,2802485
Lituanie,2019,Europe,1.61,76.42,2795057
Lituanie,2020,Europe,1.487,75.11,2795766
Lituanie,2021,Europe,1.359,74.3,2794490
Lituanie,2022,Europe,1.27,74.7,2816923
Lituanie,2023,Europe,1.201,76.03,2854104
Lituanie,2024,Europe,1.183,76.17,2859112
Lituanie,2025,Europe,1.165,76.32,2830150
Luxembourg,1950,Europe,1.96,65.55,296580
Luxembourg,1951,Europe,1.989,65.86,298161
Luxembourg,1952,Europe,2.129,66.12,299909
Luxembourg,1953,Europe,2.129,66.39,301692
Luxembourg,1954,Europe,2.181,66.67,303489
Luxembourg,1955,Europe,2.165,67.37,305315
Luxembourg,1956,Europe,2.103,67.14,306957
Luxembourg,1957,Europe,2.156,66.89,308439
Luxembourg,1958,Europe,2.168,68.41,310039
Luxembourg,1959,Europe,2.208,68.37,312043
Luxembourg,1960,Europe,2.28,68.78,313888
Luxembourg,1961,Europe,2.331,69.15,316347
Luxembourg,1962,Europe,2.337,68.4,319663
Luxembourg,1963,Europe,2.32,68.67,322855
Luxembourg,1964,Europe,2.362,68.83,326232
Luxembourg,1965,Europe,2.397,69.21,329709
Luxembourg,1966,Europe,2.345,68.91,333085
Luxembourg,1967,Europe,2.236,69.47,335524
Luxembourg,1968,Europe,2.12,69.99,337015
Luxembourg,1969,Europe,2.02,69.72,338271
Luxembourg,1970,Europe,1.973,69.23,339337
Luxembourg,1971,Europe,1.947,69.25,341961
Luxembourg,1972,Europe,1.747,70.47,346085
Luxembourg,1973,Europe,1.584,70.32,349206
Luxembourg,1974,Europe,1.585,70.22,351432
Luxembourg,1975,Europe,1.561,70.34,353686
Luxembourg,1976,Europe,1.5,70.24,355877
Luxembourg,1977,Europe,1.509,71.46,358252
Luxembourg,1978,Europe,1.49,71.47,361047
Luxembourg,1979,Europe,1.479,72.25,362898
Luxembourg,1980,Europe,1.496,72.39,363711
Luxembourg,1981,Europe,1.548,72.08,364487
Luxembourg,1982,Europe,1.49,72.16,365061
Luxembourg,1983,Europe,1.439,72.98,365495
Luxembourg,1984,Europe,1.424,72.72,365904
Luxembourg,1985,Europe,1.386,73.28,366665
Luxembourg,1986,Europe,1.429,74.08,368409
Luxembourg,1987,Europe,1.408,73.87,370789
Luxembourg,1988,Europe,1.51,74.28,373789
Luxembourg,1989,Europe,1.528,74.29,377384
Luxembourg,1990,Europe,1.602,74.97,381707
Luxembourg,1991,Europe,1.613,74.96,386819
Luxembourg,1992,Europe,1.651,74.75,391972
Luxembourg,1993,Europe,1.706,75.43,397210
Luxembourg,1994,Europe,1.725,75.93,402597
Luxembourg,1995,Europe,1.705,75.88,408237
Luxembourg,1996,Europe,1.768,76.17,413779
Luxembourg,1997,Europe,1.719,76.39,418970
Luxembourg,1998,Europe,1.687,76.57,424158
Luxembourg,1999,Europe,1.744,76.99,429909
Luxembourg,2000,Europe,1.761,77.26,436142
Luxembourg,2001,Europe,1.662,77.53,441754
Luxembourg,2002,Europe,1.629,77.55,446392
Luxembourg,2003,Europe,1.62,77.26,451845
Luxembourg,2004,Europe,1.657,78.66,458305
Luxembourg,2005,Europe,1.631,78.88,465369
Luxembourg,2006,Europe,1.646,78.84,472869
Luxembourg,2007,Europe,1.611,79.12,480277
Luxembourg,2008,Europe,1.606,80.11,488995
Luxembourg,2009,Europe,1.59,79.91,498196
Luxembourg,2010,Europe,1.622,80.1,507418
Luxembourg,2011,Europe,1.53,80.28,518583
Luxembourg,2012,Europe,1.572,80.44,530951
Luxembourg,2013,Europe,1.55,80.85,543358
Luxembourg,2014,Europe,1.499,81.24,556285
Luxembourg,2015,Europe,1.464,81.26,569540
Luxembourg,2016,Europe,1.415,81.62,583511
Luxembourg,2017,Europe,1.392,81.09,596506
Luxembourg,2018,Europe,1.38,81.52,608109
Luxembourg,2019,Europe,1.343,81.59,620167
Luxembourg,2020,Europe,1.361,81.41,630597
Luxembourg,2021,Europe,1.382,81.84,640276
Luxembourg,2022,Europe,1.39,82.2,653315
Luxembourg,2023,Europe,1.396,82.23,665101
Luxembourg,2024,Europe,1.385,82.36,673042
Luxembourg,2025,Europe,1.374,82.49,680454
Lettonie,1992,Europe,1.72,68.45,2614833
Lettonie,1993,Europe,1.503,66.63,2563820
Lettonie,1994,Europe,1.384,65.18,2521238
Lettonie,1995,Europe,1.252,66.0,2485948
Lettonie,1996,Europe,1.161,68.59,2457907
Lettonie,1997,Europe,1.117,69.22,2433229
Lettonie,1998,Europe,1.104,68.85,2410217
Lettonie,1999,Europe,1.171,69.65,2390822
Lettonie,2000,Europe,1.244,70.17,2368320
Lettonie,2001,Europe,1.223,69.91,2338299
Lettonie,2002,Europe,1.258,70.17,2311358
Lettonie,2003,Europe,1.322,70.64,2288983
Lettonie,2004,Europe,1.297,70.94,2264179
Lettonie,2005,Europe,1.389,70.63,2239787
Lettonie,2006,Europe,1.464,70.55,2219039
Lettonie,2007,Europe,1.542,70.79,2200774
Lettonie,2008,Europe,1.585,72.0,2177710
Lettonie,2009,Europe,1.472,72.7,2142044
Lettonie,2010,Europe,1.367,73.03,2097834
Lettonie,2011,Europe,1.343,73.72,2059940
Lettonie,2012,Europe,1.444,73.94,2034639
Lettonie,2013,Europe,1.527,74.19,2013004
Lettonie,2014,Europe,1.646,74.31,1994153
Lettonie,2015,Europe,1.706,74.67,1977874
Lettonie,2016,Europe,1.742,74.76,1959863
Lettonie,2017,Europe,1.698,74.8,1942599
Lettonie,2018,Europe,1.612,74.98,1927586
Lettonie,2019,Europe,1.609,75.63,1914267
Lettonie,2020,Europe,1.546,75.48,1901119
Lettonie,2021,Europe,1.572,73.18,1885593
Lettonie,2022,Europe,1.47,74.87,1881059
Lettonie,2023,Europe,1.338,76.19,1882399
Lettonie,2024,Europe,1.318,76.33,1871874
Lettonie,2025,Europe,1.298,76.48,1853560
Maroc,1950,Afrique,6.14,38.77,8935456
Maroc,1951,Afrique,6.219,39.15,9159293
Maroc,1952,Afrique,6.31,39.56,9394882
Maroc,1953,Afrique,6.39,39.95,9639571
Maroc,1954,Afrique,6.435,40.36,9893319
Maroc,1955,Afrique,6.501,40.78,10158130
Maroc,1956,Afrique,6.564,41.22,10434022
Maroc,1957,Afrique,6.627,41.69,10720555
Maroc,1958,Afrique,6.711,42.18,11013746
Maroc,1959,Afrique,6.804,42.68,11317012
Maroc,1960,Afrique,6.887,41.73,11624932
Maroc,1961,Afrique,6.969,43.69,11931097
Maroc,1962,Afrique,7.046,44.23,12253096
Maroc,1963,Afrique,7.012,44.77,12577499
Maroc,1964,Afrique,6.97,45.35,12898882
Maroc,1965,Afrique,6.932,45.92,13239173
Maroc,1966,Afrique,6.889,46.49,13597063
Maroc,1967,Afrique,6.845,47.1,13968180
Maroc,1968,Afrique,6.786,47.66,14347897
Maroc,1969,Afrique,6.726,48.19,14734252
Maroc,1970,Afrique,6.682,48.69,15129453
Maroc,1971,Afrique,6.616,49.17,15527227
Maroc,1972,Afrique,6.545,49.71,15924695
Maroc,1973,Afrique,6.481,50.22,16326276
Maroc,1974,Afrique,6.397,50.76,16733850
Maroc,1975,Afrique,6.299,51.36,17150790
Maroc,1976,Afrique,6.175,52.05,17574187
Maroc,1977,Afrique,6.036,52.79,18014761
Maroc,1978,Afrique,5.91,53.55,18477383
Maroc,1979,Afrique,5.849,54.38,18955587
Maroc,1980,Afrique,5.784,55.22,19459942
Maroc,1981,Afrique,5.71,56.02,19985407
Maroc,1982,Afrique,5.604,56.87,20520324
Maroc,1983,Afrique,5.41,57.69,21060697
Maroc,1984,Afrique,5.199,58.44,21593777
Maroc,1985,Afrique,4.988,59.21,22113953
Maroc,1986,Afrique,4.772,59.95,22600803
Maroc,1987,Afrique,4.583,60.62,23054390
Maroc,1988,Afrique,4.394,61.23,23500528
Maroc,1989,Afrique,4.217,61.82,23939414
Maroc,1990,Afrique,4.06,62.4,24375558
Maroc,1991,Afrique,3.947,62.92,24799016
Maroc,1992,Afrique,3.757,63.39,25212469
Maroc,1993,Afrique,3.548,63.87,25614586
Maroc,1994,Afrique,3.413,64.35,26000824
Maroc,1995,Afrique,3.295,64.72,26399431
Maroc,1996,Afrique,3.229,65.23,26808109
Maroc,1997,Afrique,3.147,65.62,27213340
Maroc,1998,Afrique,3.037,66.01,27621638
Maroc,1999,Afrique,2.882,66.4,28027188
Maroc,2000,Afrique,2.774,66.79,28423439
Maroc,2001,Afrique,2.686,67.2,28814646
Maroc,2002,Afrique,2.617,67.58,29198146
Maroc,2003,Afrique,2.606,67.96,29571415
Maroc,2004,Afrique,2.611,68.27,29953021
Maroc,2005,Afrique,2.613,68.75,30358145
Maroc,2006,Afrique,2.611,69.16,30771179
Maroc,2007,Afrique,2.618,69.62,31186468
Maroc,2008,Afrique,2.612,70.05,31606769
Maroc,2009,Afrique,2.624,70.45,32030779
Maroc,2010,Afrique,2.629,70.82,32467009
Maroc,2011,Afrique,2.595,71.26,32912585
Maroc,2012,Afrique,2.543,71.67,33355246
Maroc,2013,Afrique,2.478,72.12,33787573
Maroc,2014,Afrique,2.425,72.52,34204784
Maroc,2015,Afrique,2.406,72.89,34607590
Maroc,2016,Afrique,2.396,73.23,35023459
Maroc,2017,Afrique,2.375,73.61,35446395
Maroc,2018,Afrique,2.354,73.95,35839760
Maroc,2019,Afrique,2.342,74.25,36210907
Maroc,2020,Afrique,2.32,73.13,36584208
Maroc,2021,Afrique,2.288,73.39,36954443
Maroc,2022,Afrique,2.256,75.16,37329068
Maroc,2023,Afrique,2.23,75.31,37712516
Maroc,2024,Afrique,2.209,75.49,38081176
Maroc,2025,Afrique,2.189,75.68,38430774
Moldavie,1992,Europe,2.217,66.75,4455714
Moldavie,1993,Europe,2.112,66.66,4448241
Moldavie,1994,Europe,1.993,66.32,4434457
Moldavie,1995,Europe,1.825,66.22,4414216
Moldavie,1996,Europe,1.709,66.25,4387653
Moldavie,1997,Europe,1.79,66.48,4355537
Moldavie,1998,Europe,1.65,66.84,4318713
Moldavie,1999,Europe,1.556,67.2,4278220
Moldavie,2000,Europe,1.496,67.46,4234969
Moldavie,2001,Europe,1.471,67.67,4189769
Moldavie,2002,Europe,1.448,67.79,4142937
Moldavie,2003,Europe,1.479,67.9,4095418
Moldavie,2004,Europe,1.543,68.02,4046672
Moldavie,2005,Europe,1.528,68.2,3988668
Moldavie,2006,Europe,1.537,68.42,3921320
Moldavie,2007,Europe,1.575,68.67,3851397
Moldavie,2008,Europe,1.638,69.0,3779503
Moldavie,2009,Europe,1.719,69.41,3706212
Moldavie,2010,Europe,1.703,69.88,3631990
Moldavie,2011,Europe,1.65,70.17,3557278
Moldavie,2012,Europe,1.661,70.34,3482629
Moldavie,2013,Europe,1.622,70.29,3408741
Moldavie,2014,Europe,1.82,70.24,3342715
Moldavie,2015,Europe,1.87,70.12,3287168
Moldavie,2016,Europe,1.89,70.18,3237798
Moldavie,2017,Europe,1.81,70.38,3193500
Moldavie,2018,Europe,1.81,70.24,3153779
Moldavie,2019,Europe,1.78,70.18,3112561
Moldavie,2020,Europe,1.77,69.91,3069135
Moldavie,2021,Europe,1.751,68.99,3023780
Moldavie,2022,Europe,1.694,71.55,3039986
Moldavie,2023,Europe,1.731,71.2,3067072
Moldavie,2024,Europe,1.721,71.33,3034967
Moldavie,2025,Europe,1.712,71.47,2996104
Madagascar,1950,Afrique,7.431,39.66,3956077
Madagascar,1951,Afrique,7.432,39.94,4057204
Madagascar,1952,Afrique,7.43,40.34,4160844
Madagascar,1953,Afrique,7.433,40.66,4267535
Madagascar,1954,Afrique,7.422,40.95,4377321
Madagascar,1955,Afrique,7.397,41.28,4490119
Madagascar,1956,Afrique,7.392,41.69,4606423
Madagascar,1957,Afrique,7.375,42.11,4726637
Madagascar,1958,Afrique,7.373,42.51,4850852
Madagascar,1959,Afrique,7.36,42.95,4979096
Madagascar,1960,Afrique,7.343,43.35,5111033
Madagascar,1961,Afrique,7.299,43.79,5246163
Madagascar,1962,Afrique,7.256,44.19,5384155
Madagascar,1963,Afrique,7.212,44.63,5525189
Madagascar,1964,Afrique,7.188,45.04,5669867
Madagascar,1965,Afrique,7.171,45.45,5819117
Madagascar,1966,Afrique,7.156,45.98,5974281
Madagascar,1967,Afrique,7.144,46.46,6136495
Madagascar,1968,Afrique,7.131,46.93,6306501
Madagascar,1969,Afrique,7.118,47.32,6484718
Madagascar,1970,Afrique,7.096,47.9,6672004
Madagascar,1971,Afrique,7.068,48.2,6868874
Madagascar,1972,Afrique,7.042,48.51,7074405
Madagascar,1973,Afrique,7.011,48.92,7288053
Madagascar,1974,Afrique,6.993,49.3,7509733
Madagascar,1975,Afrique,6.971,49.6,7739341
Madagascar,1976,Afrique,6.954,49.8,7976838
Madagascar,1977,Afrique,6.927,49.95,8222240
Madagascar,1978,Afrique,6.904,50.02,8475862
Madagascar,1979,Afrique,6.872,50.06,8737585
Madagascar,1980,Afrique,6.838,49.98,9006039
Madagascar,1981,Afrique,6.774,49.81,9279017
Madagascar,1982,Afrique,6.699,50.01,9557679
Madagascar,1983,Afrique,6.626,50.11,9843046
Madagascar,1984,Afrique,6.547,50.21,10134559
Madagascar,1985,Afrique,6.456,50.41,10433143
Madagascar,1986,Afrique,6.343,50.65,10736862
Madagascar,1987,Afrique,6.242,51.1,11047297
Madagascar,1988,Afrique,6.178,51.42,11369458
Madagascar,1989,Afrique,6.149,51.82,11705002
Madagascar,1990,Afrique,6.14,52.14,12055649
Madagascar,1991,Afrique,6.118,52.55,12421413
Madagascar,1992,Afrique,6.082,52.95,12800870
Madagascar,1993,Afrique,6.062,53.73,13197353
Madagascar,1994,Afrique,6.042,54.25,13613859
Madagascar,1995,Afrique,6.036,54.84,14051279
Madagascar,1996,Afrique,6.031,55.48,14510712
Madagascar,1997,Afrique,6.023,56.13,14990818
Madagascar,1998,Afrique,5.992,56.8,15489364
Madagascar,1999,Afrique,5.839,57.43,16000506
Madagascar,2000,Afrique,5.665,57.97,16516336
Madagascar,2001,Afrique,5.528,58.67,17032933
Madagascar,2002,Afrique,5.412,59.17,17549915
Madagascar,2003,Afrique,5.329,59.69,18071860
Madagascar,2004,Afrique,5.264,60.17,18606606
Madagascar,2005,Afrique,5.195,60.66,19159711
Madagascar,2006,Afrique,5.133,61.14,19730916
Madagascar,2007,Afrique,5.083,61.53,20318590
Madagascar,2008,Afrique,5.043,61.99,20923842
Madagascar,2009,Afrique,5.003,62.3,21547277
Madagascar,2010,Afrique,4.896,62.6,22183343
Madagascar,2011,Afrique,4.737,62.86,22822305
Madagascar,2012,Afrique,4.613,63.01,23462444
Madagascar,2013,Afrique,4.527,63.16,24109290
Madagascar,2014,Afrique,4.421,63.26,24764356
Madagascar,2015,Afrique,4.335,63.36,25426703
Madagascar,2016,Afrique,4.285,63.43,26099950
Madagascar,2017,Afrique,4.259,63.43,26788379
Madagascar,2018,Afrique,4.246,63.49,27494930
Madagascar,2019,Afrique,4.221,63.5,28219559
Madagascar,2020,Afrique,4.17,62.71,28953560
Madagascar,2021,Afrique,4.104,62.52,29691087
Madagascar,2022,Afrique,4.036,63.07,30437261
Madagascar,2023,Afrique,3.972,63.63,31195937
Madagascar,2024,Afrique,3.925,63.84,31964960
Madagascar,2025,Afrique,3.879,64.04,32740682
Mexique,1950,Amériques,6.709,43.84,27587941
Mexique,1951,Amériques,6.727,44.77,28320487
Mexique,1952,Amériques,6.731,45.67,29090173
Mexique,1953,Amériques,6.734,47.05,29899242
Mexique,1954,Amériques,6.745,48.3,30753012
Mexique,1955,Amériques,6.73,49.6,31650600
Mexique,1956,Amériques,6.743,50.35,32587939
Mexique,1957,Amériques,6.752,51.12,33562718
Mexique,1958,Amériques,6.758,51.84,34575074
Mexique,1959,Amériques,6.758,52.66,35627261
Mexique,1960,Amériques,6.763,53.57,36724614
Mexique,1961,Amériques,6.777,54.42,37890125
Mexique,1962,Amériques,6.8,55.06,39129204
Mexique,1963,Amériques,6.817,55.5,40424068
Mexique,1964,Amériques,6.833,55.92,41772051
Mexique,1965,Amériques,6.819,56.69,43174476
Mexique,1966,Amériques,6.79,57.35,44629105
Mexique,1967,Amériques,6.753,57.96,46129602
Mexique,1968,Amériques,6.707,58.22,47668308
Mexique,1969,Amériques,6.626,58.41,49233192
Mexique,1970,Amériques,6.529,58.89,50814958
Mexique,1971,Amériques,6.419,59.41,52412564
Mexique,1972,Amériques,6.281,60.05,54030172
Mexique,1973,Amériques,6.121,60.52,55667287
Mexique,1974,Amériques,5.947,61.18,57320150
Mexique,1975,Amériques,5.739,61.88,58982403
Mexique,1976,Amériques,5.543,62.48,60645513
Mexique,1977,Amériques,5.361,62.99,62308499
Mexique,1978,Amériques,5.202,63.44,63979053
Mexique,1979,Amériques,4.964,63.86,65648868
Mexique,1980,Amériques,4.739,64.28,67300338
Mexique,1981,Amériques,4.574,64.72,68892107
Mexique,1982,Amériques,4.425,65.26,70433258
Mexique,1983,Amériques,4.296,65.76,71971238
Mexique,1984,Amériques,4.184,66.22,73506848
Mexique,1985,Amériques,4.087,66.78,75043415
Mexique,1986,Amériques,3.971,67.38,76585638
Mexique,1987,Amériques,3.803,67.9,78136652
Mexique,1988,Amériques,3.64,68.3,79695526
Mexique,1989,Amériques,3.532,68.62,81247174
Mexique,1990,Amériques,3.444,69.03,82820170
Mexique,1991,Amériques,3.363,69.37,84430565
Mexique,1992,Amériques,3.285,69.66,86044806
Mexique,1993,Amériques,3.211,69.96,87653817
Mexique,1994,Amériques,3.132,70.3,89259202
Mexique,1995,Amériques,3.044,70.7,90862449
Mexique,1996,Amériques,2.964,71.09,92452700
Mexique,1997,Amériques,2.886,71.47,94021204
Mexique,1998,Amériques,2.815,71.79,95575242
Mexique,1999,Amériques,2.763,72.2,97115710
Mexique,2000,Amériques,2.714,72.56,98625553
Mexique,2001,Amériques,2.671,72.91,100099101
Mexique,2002,Amériques,2.633,73.11,101548627
Mexique,2003,Amériques,2.579,73.31,102978517
Mexique,2004,Amériques,2.536,73.43,104394131
Mexique,2005,Amériques,2.495,73.63,105811504
Mexique,2006,Amériques,2.456,73.75,107253666
Mexique,2007,Amériques,2.421,73.8,108774356
Mexique,2008,Amériques,2.391,73.69,110374286
Mexique,2009,Amériques,2.364,73.63,111999720
Mexique,2010,Amériques,2.34,73.72,113623898
Mexique,2011,Amériques,2.317,73.92,115243503
Mexique,2012,Amériques,2.294,74.13,116818208
Mexique,2013,Amériques,2.269,74.29,118343572
Mexique,2014,Amériques,2.211,74.4,119784265
Mexique,2015,Amériques,2.137,74.43,121072310
Mexique,2016,Amériques,2.086,74.38,122251344
Mexique,2017,Amériques,2.041,74.26,123400052
Mexique,2018,Amériques,2.03,74.3,124573713
Mexique,2019,Amériques,2.02,74.53,125762978
Mexique,2020,Amériques,1.99,70.45,126799053
Mexique,2021,Amériques,1.97,69.75,127648151
Mexique,2022,Amériques,1.94,73.97,128613116
Mexique,2023,Amériques,1.91,75.07,129739761
Mexique,2024,Amériques,1.881,75.26,130861001
Mexique,2025,Amériques,1.853,75.45,131946897
Macédoine du Nord,1992,Europe,2.281,71.3,2032516
Macédoine du Nord,1993,Europe,2.26,71.73,2006853
Macédoine du Nord,1994,Europe,2.232,71.49,1992669
Macédoine du Nord,1995,Europe,2.13,71.97,1998531
Macédoine du Nord,1996,Europe,2.059,71.85,2012553
Macédoine du Nord,1997,Europe,1.916,71.88,2025764
Macédoine du Nord,1998,Europe,1.89,71.8,2037575
Macédoine du Nord,1999,Europe,1.77,72.31,2048088
Macédoine du Nord,2000,Europe,1.863,72.57,2057254
Macédoine du Nord,2001,Europe,1.729,73.01,2066300
Macédoine du Nord,2002,Europe,1.786,72.71,2074482
Macédoine du Nord,2003,Europe,1.745,73.05,2081417
Macédoine du Nord,2004,Europe,1.524,73.45,2086581
Macédoine du Nord,2005,Europe,1.469,73.61,2089809
Macédoine du Nord,2006,Europe,1.514,73.79,2089232
Macédoine du Nord,2007,Europe,1.533,73.74,2081972
Macédoine du Nord,2008,Europe,1.565,74.44,2070837
Macédoine du Nord,2009,Europe,1.637,74.47,2060601
Macédoine du Nord,2010,Europe,1.707,75.04,2051510
Macédoine du Nord,2011,Europe,1.625,75.14,2040445
Macédoine du Nord,2012,Europe,1.709,75.04,2027288
Macédoine du Nord,2013,Europe,1.705,75.58,2013280
Macédoine du Nord,2014,Europe,1.768,75.63,1997842
Macédoine du Nord,2015,Europe,1.758,75.63,1980366
Macédoine du Nord,2016,Europe,1.786,75.57,1961268
Macédoine du Nord,2017,Europe,1.725,76.15,1940877
Macédoine du Nord,2018,Europe,1.731,76.88,1919730
Macédoine du Nord,2019,Europe,1.651,76.83,1897643
Macédoine du Nord,2020,Europe,1.625,74.47,1872021
Macédoine du Nord,2021,Europe,1.622,73.29,1851109
Macédoine du Nord,2022,Europe,1.588,76.64,1840236
Macédoine du Nord,2023,Europe,1.465,77.39,1831800
Macédoine du Nord,2024,Europe,1.443,77.54,1823011
Macédoine du Nord,2025,Europe,1.421,77.68,1813792
Mali,1950,Afrique,6.873,28.73,4696914
Mali,1951,Afrique,6.895,28.91,4766702
Mali,1952,Afrique,6.906,29.14,4836366
Mali,1953,Afrique,6.921,29.39,4904800
Mali,1954,Afrique,6.936,29.51,4972911
Mali,1955,Afrique,6.95,29.69,5041937
Mali,1956,Afrique,6.968,29.85,5111984
Mali,1957,Afrique,6.985,30.06,5183132
Mali,1958,Afrique,6.998,30.19,5253467
Mali,1959,Afrique,7.007,30.34,5325646
Mali,1960,Afrique,7.019,30.46,5402550
Mali,1961,Afrique,7.031,30.64,5482288
Mali,1962,Afrique,7.038,30.83,5563921
Mali,1963,Afrique,7.046,31.02,5646606
Mali,1964,Afrique,7.055,31.23,5730130
Mali,1965,Afrique,7.081,31.53,5815483
Mali,1966,Afrique,7.111,31.79,5902209
Mali,1967,Afrique,7.136,32.2,5990908
Mali,1968,Afrique,7.159,32.57,6082987
Mali,1969,Afrique,7.175,32.87,6177698
Mali,1970,Afrique,7.181,33.4,6276476
Mali,1971,Afrique,7.203,33.8,6377945
Mali,1972,Afrique,7.219,34.51,6483730
Mali,1973,Afrique,7.223,35.09,6597114
Mali,1974,Afrique,7.228,35.75,6715435
Mali,1975,Afrique,7.253,36.48,6837265
Mali,1976,Afrique,7.272,37.2,6960979
Mali,1977,Afrique,7.299,37.99,7090985
Mali,1978,Afrique,7.319,38.76,7229654
Mali,1979,Afrique,7.348,39.51,7375272
Mali,1980,Afrique,7.365,40.27,7530522
Mali,1981,Afrique,7.365,40.98,7692763
Mali,1982,Afrique,7.32,41.8,7860196
Mali,1983,Afrique,7.276,42.75,8034400
Mali,1984,Afrique,7.256,43.4,8208599
Mali,1985,Afrique,7.261,43.92,8374661
Mali,1986,Afrique,7.311,44.62,8531272
Mali,1987,Afrique,7.312,45.23,8681167
Mali,1988,Afrique,7.324,45.72,8834001
Mali,1989,Afrique,7.331,46.24,8999935
Mali,1990,Afrique,7.311,46.54,9178826
Mali,1991,Afrique,7.28,46.89,9362885
Mali,1992,Afrique,7.237,47.24,9553540
Mali,1993,Afrique,7.18,47.59,9754786
Mali,1994,Afrique,7.119,47.91,9967035
Mali,1995,Afrique,7.052,48.29,10185368
Mali,1996,Afrique,7.01,48.5,10407274
Mali,1997,Afrique,6.971,49.09,10646499
Mali,1998,Afrique,6.936,49.59,10919577
Mali,1999,Afrique,6.911,50.06,11227420
Mali,2000,Afrique,6.886,50.6,11559291
Mali,2001,Afrique,6.852,51.3,11912162
Mali,2002,Afrique,6.819,51.99,12288051
Mali,2003,Afrique,6.783,52.63,12684951
Mali,2004,Afrique,6.741,53.25,13102415
Mali,2005,Afrique,6.708,53.79,13538648
Mali,2006,Afrique,6.677,54.3,13990143
Mali,2007,Afrique,6.647,54.76,14457776
Mali,2008,Afrique,6.624,55.19,14940786
Mali,2009,Afrique,6.592,55.59,15435536
Mali,2010,Afrique,6.579,55.99,15945201
Mali,2011,Afrique,6.545,56.37,16469054
Mali,2012,Afrique,6.523,56.7,16957039
Mali,2013,Afrique,6.491,57.05,17459619
Mali,2014,Afrique,6.441,57.48,18020267
Mali,2015,Afrique,6.385,57.85,18593022
Mali,2016,Afrique,6.319,58.29,19191298
Mali,2017,Afrique,6.251,58.56,19813016
Mali,2018,Afrique,6.118,58.87,20442031
Mali,2019,Afrique,5.892,59.22,21068405
Mali,2020,Afrique,5.85,58.86,21713837
Mali,2021,Afrique,5.779,59.12,22388637
Mali,2022,Afrique,5.692,60.03,23072641
Mali,2023,Afrique,5.614,60.44,23769130
Mali,2024,Afrique,5.53,60.67,24478597
Mali,2025,Afrique,5.447,60.89,25198819
Malte,1950,Europe,4.226,63.47,294685
Malte,1951,Europe,4.21,63.91,300461
Malte,1952,Europe,4.174,64.06,304913
Malte,1953,Europe,4.129,64.3,309348
Malte,1954,Europe,4.076,65.06,313752
Malte,1955,Europe,4.014,66.29,318149
Malte,1956,Europe,4.031,66.76,322464
Malte,1957,Europe,3.681,67.47,326702
Malte,1958,Europe,3.584,67.83,329414
Malte,1959,Europe,3.576,68.37,330361
Malte,1960,Europe,3.626,68.44,330832
Malte,1961,Europe,3.304,68.42,330855
Malte,1962,Europe,3.218,69.17,330499
Malte,1963,Europe,2.871,69.25,329815
Malte,1964,Europe,2.736,69.34,328794
Malte,1965,Europe,2.437,69.45,327407
Malte,1966,Europe,2.284,69.74,325677
Malte,1967,Europe,2.191,69.79,323820
Malte,1968,Europe,2.08,69.91,323515
Malte,1969,Europe,2.025,70.06,324762
Malte,1970,Europe,2.072,70.37,326017
Malte,1971,Europe,2.124,70.14,327300
Malte,1972,Europe,2.032,70.68,328617
Malte,1973,Europe,2.078,71.32,330059
Malte,1974,Europe,2.078,71.95,331686
Malte,1975,Europe,2.152,72.07,333458
Malte,1976,Europe,2.129,72.21,335291
Malte,1977,Europe,2.141,72.33,337169
Malte,1978,Europe,2.064,72.34,339069
Malte,1979,Europe,2.093,72.5,340974
Malte,1980,Europe,1.993,72.32,342882
Malte,1981,Europe,1.895,72.37,344754
Malte,1982,Europe,2.068,72.83,346653
Malte,1983,Europe,2.001,73.1,348598
Malte,1984,Europe,1.957,73.31,350555
Malte,1985,Europe,1.948,73.85,352567
Malte,1986,Europe,1.931,74.48,355082
Malte,1987,Europe,1.97,75.3,358089
Malte,1988,Europe,2.057,75.87,361226
Malte,1989,Europe,2.095,76.17,364530
Malte,1990,Europe,2.041,76.16,367913
Malte,1991,Europe,2.002,76.49,371335
Malte,1992,Europe,2.06,76.68,374805
Malte,1993,Europe,1.958,76.83,378222
Malte,1994,Europe,1.84,76.95,381467
Malte,1995,Europe,1.791,76.98,384559
Malte,1996,Europe,1.972,76.32,387627
Malte,1997,Europe,1.937,77.32,390687
Malte,1998,Europe,1.835,77.8,393782
Malte,1999,Europe,1.734,77.75,396897
Malte,2000,Europe,1.672,77.9,399905
Malte,2001,Europe,1.493,78.9,402788
Malte,2002,Europe,1.458,78.47,405571
Malte,2003,Europe,1.476,78.7,408236
Malte,2004,Europe,1.4,79.17,410800
Malte,2005,Europe,1.377,79.49,413324
Malte,2006,Europe,1.363,79.56,415463
Malte,2007,Europe,1.358,79.74,417201
Malte,2008,Europe,1.42,79.69,418969
Malte,2009,Europe,1.413,80.42,420800
Malte,2010,Europe,1.375,81.4,422654
Malte,2011,Europe,1.443,80.8,424635
Malte,2012,Europe,1.42,81.06,426616
Malte,2013,Europe,1.366,81.82,428457
Malte,2014,Europe,1.379,82.32,434494
Malte,2015,Europe,1.376,82.59,444978
Malte,2016,Europe,1.366,82.66,455276
Malte,2017,Europe,1.271,83.09,467902
Malte,2018,Europe,1.227,82.91,484560
Malte,2019,Europe,1.15,82.84,504017
Malte,2020,Europe,1.132,82.34,518212
Malte,2021,Europe,1.11,82.32,524383
Malte,2022,Europe,1.101,82.25,528194
Malte,2023,Europe,1.098,83.3,532964
Malte,2024,Europe,1.082,83.47,539612
Malte,2025,Europe,1.065,83.63,545406
Myanmar,1950,Asie,5.943,35.7,17737123
Myanmar,1951,Asie,5.937,36.51,18070426
Myanmar,1952,Asie,5.93,37.73,18418010
Myanmar,1953,Asie,5.925,38.6,18779903
Myanmar,1954,Asie,5.923,39.57,19156653
Myanmar,1955,Asie,5.914,40.44,19550488
Myanmar,1956,Asie,5.916,41.2,19959222
Myanmar,1957,Asie,5.917,42.02,20382706
Myanmar,1958,Asie,5.91,42.78,20816423
Myanmar,1959,Asie,5.911,43.41,21264016
Myanmar,1960,Asie,5.901,44.09,21730255
Myanmar,1961,Asie,5.9,44.6,22210580
Myanmar,1962,Asie,5.904,45.26,22704722
Myanmar,1963,Asie,5.905,45.95,23213406
Myanmar,1964,Asie,5.907,46.65,23737316
Myanmar,1965,Asie,5.912,47.41,24279437
Myanmar,1966,Asie,5.876,48.18,24836494
Myanmar,1967,Asie,5.842,48.86,25406432
Myanmar,1968,Asie,5.797,49.4,25989669
Myanmar,1969,Asie,5.747,50.02,26585110
Myanmar,1970,Asie,5.682,50.47,27193015
Myanmar,1971,Asie,5.615,51.03,27807215
Myanmar,1972,Asie,5.527,51.4,28428330
Myanmar,1973,Asie,5.435,51.76,29026390
Myanmar,1974,Asie,5.341,52.09,29598163
Myanmar,1975,Asie,5.249,52.49,30176563
Myanmar,1976,Asie,5.159,52.91,30758818
Myanmar,1977,Asie,5.069,53.27,31355968
Myanmar,1978,Asie,4.985,53.52,31972974
Myanmar,1979,Asie,4.897,54.03,32596552
Myanmar,1980,Asie,4.789,54.37,33227204
Myanmar,1981,Asie,4.688,54.7,33858786
Myanmar,1982,Asie,4.662,55.03,34482967
Myanmar,1983,Asie,4.633,55.31,35162714
Myanmar,1984,Asie,4.517,55.6,35899313
Myanmar,1985,Asie,4.316,55.82,36622832
Myanmar,1986,Asie,4.081,56.08,37314882
Myanmar,1987,Asie,3.861,56.35,37971601
Myanmar,1988,Asie,3.67,56.57,38600928
Myanmar,1989,Asie,3.593,56.89,39214624
Myanmar,1990,Asie,3.504,57.16,39817253
Myanmar,1991,Asie,3.432,57.4,40394159
Myanmar,1992,Asie,3.354,57.68,40950342
Myanmar,1993,Asie,3.281,58.03,41502423
Myanmar,1994,Asie,3.204,58.33,42055150
Myanmar,1995,Asie,3.127,58.67,42605343
Myanmar,1996,Asie,3.058,59.17,43154858
Myanmar,1997,Asie,2.985,59.52,43708802
Myanmar,1998,Asie,2.912,59.9,44257793
Myanmar,1999,Asie,2.851,60.11,44787727
Myanmar,2000,Asie,2.813,60.36,45290850
Myanmar,2001,Asie,2.793,60.64,45771140
Myanmar,2002,Asie,2.765,60.92,46232656
Myanmar,2003,Asie,2.68,61.2,46667191
Myanmar,2004,Asie,2.588,61.44,47068779
Myanmar,2005,Asie,2.515,61.72,47438362
Myanmar,2006,Asie,2.471,62.03,47785141
Myanmar,2007,Asie,2.447,62.37,48125047
Myanmar,2008,Asie,2.404,56.36,48390790
Myanmar,2009,Asie,2.369,63.09,48660458
Myanmar,2010,Asie,2.335,63.48,49024376
Myanmar,2011,Asie,2.306,63.86,49419825
Myanmar,2012,Asie,2.276,64.25,49837451
Myanmar,2013,Asie,2.264,64.62,50262658
Myanmar,2014,Asie,2.252,64.99,50681635
Myanmar,2015,Asie,2.266,65.29,51089060
Myanmar,2016,Asie,2.27,65.64,51495701
Myanmar,2017,Asie,2.252,65.91,51894939
Myanmar,2018,Asie,2.228,66.23,52272250
Myanmar,2019,Asie,2.206,66.46,52640718
Myanmar,2020,Asie,2.179,66.61,53016525
Myanmar,2021,Asie,2.158,65.55,53387103
Myanmar,2022,Asie,2.131,66.51,53756791
Myanmar,2023,Asie,2.115,66.89,54133800
Myanmar,2024,Asie,2.1,67.09,54500086
Myanmar,2025,Asie,2.086,67.3,54850648
Monténégro,1992,Europe,2.013,73.8,626030
Monténégro,1993,Europe,1.955,73.87,628107
Monténégro,1994,Europe,1.936,73.76,629890
Monténégro,1995,Europe,1.958,73.74,631386
Monténégro,1996,Europe,1.922,73.61,632625
Monténégro,1997,Europe,1.886,73.5,633539
Monténégro,1998,Europe,1.893,73.44,634099
Monténégro,1999,Europe,1.884,73.29,634280
Monténégro,2000,Europe,1.903,73.55,634198
Monténégro,2001,Europe,1.855,73.74,634001
Monténégro,2002,Europe,1.813,74.13,633767
Monténégro,2003,Europe,1.804,74.23,633563
Monténégro,2004,Europe,1.734,74.38,633756
Monténégro,2005,Europe,1.702,74.42,634059
Monténégro,2006,Europe,1.737,74.67,633876
Monténégro,2007,Europe,1.803,74.67,633388
Monténégro,2008,Europe,1.895,75.0,632855
Monténégro,2009,Europe,1.96,75.4,632445
Monténégro,2010,Europe,1.731,75.71,632088
Monténégro,2011,Europe,1.676,75.96,632689
Monténégro,2012,Europe,1.728,76.24,633546
Monténégro,2013,Europe,1.744,76.35,633199
Monténégro,2014,Europe,1.762,76.47,631377
Monténégro,2015,Europe,1.756,76.59,628145
Monténégro,2016,Europe,1.8,76.56,624246
Monténégro,2017,Europe,1.79,76.59,620112
Monténégro,2018,Europe,1.775,76.92,615798
Monténégro,2019,Europe,1.814,76.64,611671
Monténégro,2020,Europe,1.831,75.85,607934
Monténégro,2021,Europe,1.85,73.79,603854
Monténégro,2022,Europe,1.881,75.92,614649
Monténégro,2023,Europe,1.803,77.09,633553
Monténégro,2024,Europe,1.808,77.25,638481
Monténégro,2025,Europe,1.812,77.43,632730
Mongolie,1950,Asie,5.503,38.6,781691
Mongolie,1951,Asie,5.559,39.05,794329
Mongolie,1952,Asie,5.665,39.4,807093
Mongolie,1953,Asie,5.766,39.77,820278
Mongolie,1954,Asie,5.87,40.21,834023
Mongolie,1955,Asie,6.057,40.73,848687
Mongolie,1956,Asie,6.238,41.35,868487
Mongolie,1957,Asie,6.389,40.4,893240
Mongolie,1958,Asie,6.535,42.84,919297
Mongolie,1959,Asie,6.681,43.68,947419
Mongolie,1960,Asie,6.817,44.54,977602
Mongolie,1961,Asie,6.963,45.41,1009292
Mongolie,1962,Asie,7.098,46.27,1041446
Mongolie,1963,Asie,7.238,47.13,1071366
Mongolie,1964,Asie,7.329,47.95,1100238
Mongolie,1965,Asie,7.377,48.72,1131185
Mongolie,1966,Asie,7.409,49.37,1163763
Mongolie,1967,Asie,7.389,50.13,1196997
Mongolie,1968,Asie,7.371,50.78,1229931
Mongolie,1969,Asie,7.337,51.41,1262291
Mongolie,1970,Asie,7.314,51.99,1295275
Mongolie,1971,Asie,7.297,52.56,1330076
Mongolie,1972,Asie,7.279,53.11,1366829
Mongolie,1973,Asie,7.24,53.6,1405507
Mongolie,1974,Asie,7.173,54.02,1446056
Mongolie,1975,Asie,7.066,54.33,1488301
Mongolie,1976,Asie,6.931,54.58,1531953
Mongolie,1977,Asie,6.79,54.77,1576248
Mongolie,1978,Asie,6.62,54.92,1619479
Mongolie,1979,Asie,6.424,55.07,1660661
Mongolie,1980,Asie,6.211,55.22,1701341
Mongolie,1981,Asie,5.982,55.41,1742856
Mongolie,1982,Asie,5.801,55.62,1785364
Mongolie,1983,Asie,5.628,55.87,1829093
Mongolie,1984,Asie,5.451,56.15,1874355
Mongolie,1985,Asie,5.262,56.44,1921519
Mongolie,1986,Asie,5.029,56.76,1970967
Mongolie,1987,Asie,4.829,57.12,2022803
Mongolie,1988,Asie,4.647,57.51,2076326
Mongolie,1989,Asie,4.42,58.13,2124190
Mongolie,1990,Asie,4.206,58.82,2164578
Mongolie,1991,Asie,3.858,59.82,2202772
Mongolie,1992,Asie,3.426,60.44,2239130
Mongolie,1993,Asie,3.017,60.83,2273515
Mongolie,1994,Asie,2.819,60.85,2305743
Mongolie,1995,Asie,2.736,60.89,2335717
Mongolie,1996,Asie,2.621,61.0,2363469
Mongolie,1997,Asie,2.477,61.44,2389133
Mongolie,1998,Asie,2.358,62.12,2412793
Mongolie,1999,Asie,2.297,62.84,2434041
Mongolie,2000,Asie,2.255,63.46,2455182
Mongolie,2001,Asie,2.194,63.81,2477704
Mongolie,2002,Asie,2.103,63.99,2500074
Mongolie,2003,Asie,2.019,64.14,2521809
Mongolie,2004,Asie,1.983,64.34,2542801
Mongolie,2005,Asie,1.99,64.81,2563466
Mongolie,2006,Asie,2.116,65.57,2584761
Mongolie,2007,Asie,2.321,66.47,2607976
Mongolie,2008,Asie,2.532,67.09,2634431
Mongolie,2009,Asie,2.625,67.17,2665333
Mongolie,2010,Asie,2.521,67.1,2701739
Mongolie,2011,Asie,2.595,67.17,2745183
Mongolie,2012,Asie,2.739,67.61,2795463
Mongolie,2013,Asie,2.94,68.21,2851887
Mongolie,2014,Asie,2.996,68.74,2913041
Mongolie,2015,Asie,3.01,69.24,2976528
Mongolie,2016,Asie,2.957,69.74,3040815
Mongolie,2017,Asie,2.891,70.17,3104371
Mongolie,2018,Asie,2.923,70.57,3167714
Mongolie,2019,Asie,3.008,70.66,3232118
Mongolie,2020,Asie,2.949,70.03,3290786
Mongolie,2021,Asie,2.835,68.56,3339676
Mongolie,2022,Asie,2.746,71.5,3386015
Mongolie,2023,Asie,2.685,71.73,3431938
Mongolie,2024,Asie,2.653,71.98,3475541
Mongolie,2025,Asie,2.62,72.24,3517097
Mozambique,1950,Afrique,5.997,37.33,5910234
Mozambique,1951,Afrique,6.03,37.73,5978159
Mozambique,1952,Afrique,6.064,38.1,6050766
Mozambique,1953,Afrique,6.086,38.51,6123119
Mozambique,1954,Afrique,6.116,38.87,6196983
Mozambique,1955,Afrique,6.141,39.27,6274475
Mozambique,1956,Afrique,6.166,39.59,6355040
Mozambique,1957,Afrique,6.175,40.06,6438186
Mozambique,1958,Afrique,6.189,40.47,6521557
Mozambique,1959,Afrique,6.252,40.88,6610404
Mozambique,1960,Afrique,6.312,41.2,6713698
Mozambique,1961,Afrique,6.366,41.5,6834938
Mozambique,1962,Afrique,6.424,41.76,6969369
Mozambique,1963,Afrique,6.474,41.96,7109827
Mozambique,1964,Afrique,6.513,41.66,7255064
Mozambique,1965,Afrique,6.544,41.79,7406419
Mozambique,1966,Afrique,6.577,41.84,7562991
Mozambique,1967,Afrique,6.607,41.95,7724556
Mozambique,1968,Afrique,6.646,42.1,7892610
Mozambique,1969,Afrique,6.672,42.27,8066952
Mozambique,1970,Afrique,6.699,42.46,8250504
Mozambique,1971,Afrique,6.701,42.58,8456324
Mozambique,1972,Afrique,6.701,42.52,8692931
Mozambique,1973,Afrique,6.698,42.72,8954248
Mozambique,1974,Afrique,6.671,43.21,9236094
Mozambique,1975,Afrique,6.659,43.82,9540822
Mozambique,1976,Afrique,6.641,43.92,9867205
Mozambique,1977,Afrique,6.617,43.92,10224974
Mozambique,1978,Afrique,6.592,43.96,10618247
Mozambique,1979,Afrique,6.564,43.91,11028809
Mozambique,1980,Afrique,6.53,43.99,11336220
Mozambique,1981,Afrique,6.48,41.64,11568123
Mozambique,1982,Afrique,6.43,41.68,11824371
Mozambique,1983,Afrique,6.434,41.6,12073825
Mozambique,1984,Afrique,6.438,38.9,12315953
Mozambique,1985,Afrique,6.43,38.98,12548951
Mozambique,1986,Afrique,6.413,40.95,12770581
Mozambique,1987,Afrique,6.393,41.0,12822573
Mozambique,1988,Afrique,6.367,43.69,12800556
Mozambique,1989,Afrique,6.348,43.89,12906842
Mozambique,1990,Afrique,6.319,44.34,13094535
Mozambique,1991,Afrique,6.276,44.7,13352091
Mozambique,1992,Afrique,6.218,45.09,13613314
Mozambique,1993,Afrique,6.153,45.67,14051203
Mozambique,1994,Afrique,6.082,46.09,15033852
Mozambique,1995,Afrique,6.019,46.55,15960530
Mozambique,1996,Afrique,5.973,47.12,16492484
Mozambique,1997,Afrique,5.933,47.8,16949988
Mozambique,1998,Afrique,5.905,48.21,17340463
Mozambique,1999,Afrique,5.875,48.84,17734499
Mozambique,2000,Afrique,5.83,49.48,18129652
Mozambique,2001,Afrique,5.755,50.26,18537735
Mozambique,2002,Afrique,5.667,50.88,18958338
Mozambique,2003,Afrique,5.6,51.38,19392477
Mozambique,2004,Afrique,5.551,51.85,19840312
Mozambique,2005,Afrique,5.5,52.32,20304577
Mozambique,2006,Afrique,5.452,52.75,20787088
Mozambique,2007,Afrique,5.466,53.26,21287638
Mozambique,2008,Afrique,5.598,53.8,21819037
Mozambique,2009,Afrique,5.681,54.4,22391751
Mozambique,2010,Afrique,5.66,55.04,22999234
Mozambique,2011,Afrique,5.599,55.73,23649045
Mozambique,2012,Afrique,5.518,56.46,24337849
Mozambique,2013,Afrique,5.43,57.19,25051613
Mozambique,2014,Afrique,5.304,57.97,25788473
Mozambique,2015,Afrique,5.245,58.71,26547576
Mozambique,2016,Afrique,5.188,59.45,27337107
Mozambique,2017,Afrique,5.128,60.15,28166397
Mozambique,2018,Afrique,5.07,60.79,29018647
Mozambique,2019,Afrique,5.016,61.31,29884378
Mozambique,2020,Afrique,4.959,61.39,30783685
Mozambique,2021,Afrique,4.905,60.27,31707798
Mozambique,2022,Afrique,4.84,63.01,32656242
Mozambique,2023,Afrique,4.763,63.61,33635163
Mozambique,2024,Afrique,4.706,63.8,34631767
Mozambique,2025,Afrique,4.65,63.97,35631657
Mauritanie,1950,Afrique,5.791,38.38,657722
Mauritanie,1951,Afrique,5.809,38.85,670891
Mauritanie,1952,Afrique,5.825,39.2,684812
Mauritanie,1953,Afrique,5.847,39.6,699392
Mauritanie,1954,Afrique,5.874,40.14,714679
Mauritanie,1955,Afrique,5.923,40.58,730730
Mauritanie,1956,Afrique,5.964,41.14,747615
Mauritanie,1957,Afrique,6.004,41.74,765353
Mauritanie,1958,Afrique,6.05,42.3,783999
Mauritanie,1959,Afrique,6.092,42.89,803611
Mauritanie,1960,Afrique,6.149,43.61,824307
Mauritanie,1961,Afrique,6.199,44.31,846174
Mauritanie,1962,Afrique,6.244,45.05,869192
Mauritanie,1963,Afrique,6.312,45.79,893425
Mauritanie,1964,Afrique,6.37,46.58,918957
Mauritanie,1965,Afrique,6.444,47.36,945847
Mauritanie,1966,Afrique,6.516,48.13,974159
Mauritanie,1967,Afrique,6.568,48.89,1003858
Mauritanie,1968,Afrique,6.603,49.51,1034748
Mauritanie,1969,Afrique,6.643,50.09,1066763
Mauritanie,1970,Afrique,6.677,50.54,1099815
Mauritanie,1971,Afrique,6.696,50.76,1133708
Mauritanie,1972,Afrique,6.706,51.04,1168359
Mauritanie,1973,Afrique,6.718,51.22,1203840
Mauritanie,1974,Afrique,6.73,51.43,1240193
Mauritanie,1975,Afrique,6.713,51.57,1277335
Mauritanie,1976,Afrique,6.727,51.77,1315341
Mauritanie,1977,Afrique,6.736,52.0,1353771
Mauritanie,1978,Afrique,6.727,52.35,1392716
Mauritanie,1979,Afrique,6.702,52.76,1432762
Mauritanie,1980,Afrique,6.671,53.2,1474046
Mauritanie,1981,Afrique,6.635,53.68,1516883
Mauritanie,1982,Afrique,6.588,54.23,1561183
Mauritanie,1983,Afrique,6.541,54.58,1606748
Mauritanie,1984,Afrique,6.483,55.2,1653696
Mauritanie,1985,Afrique,6.423,55.81,1702110
Mauritanie,1986,Afrique,6.343,56.32,1751843
Mauritanie,1987,Afrique,6.271,56.96,1803016
Mauritanie,1988,Afrique,6.213,57.48,1855862
Mauritanie,1989,Afrique,6.195,57.7,1903059
Mauritanie,1990,Afrique,6.175,58.09,1951881
Mauritanie,1991,Afrique,6.157,58.29,2009739
Mauritanie,1992,Afrique,6.126,58.57,2088143
Mauritanie,1993,Afrique,6.093,58.73,2174333
Mauritanie,1994,Afrique,6.058,58.76,2249462
Mauritanie,1995,Afrique,5.962,58.86,2312027
Mauritanie,1996,Afrique,5.861,58.91,2358193
Mauritanie,1997,Afrique,5.743,59.42,2411316
Mauritanie,1998,Afrique,5.623,59.89,2474650
Mauritanie,1999,Afrique,5.524,60.44,2541700
Mauritanie,2000,Afrique,5.456,61.04,2613450
Mauritanie,2001,Afrique,5.407,61.66,2678766
Mauritanie,2002,Afrique,5.373,62.25,2738659
Mauritanie,2003,Afrique,5.364,62.8,2802050
Mauritanie,2004,Afrique,5.374,63.37,2868671
Mauritanie,2005,Afrique,5.376,63.92,2939060
Mauritanie,2006,Afrique,5.404,64.49,3013659
Mauritanie,2007,Afrique,5.426,64.89,3093065
Mauritanie,2008,Afrique,5.436,65.23,3183276
Mauritanie,2009,Afrique,5.406,65.48,3284454
Mauritanie,2010,Afrique,5.384,65.66,3390968
Mauritanie,2011,Afrique,5.38,65.75,3502813
Mauritanie,2012,Afrique,5.352,65.81,3619035
Mauritanie,2013,Afrique,5.317,65.89,3734324
Mauritanie,2014,Afrique,5.261,66.21,3848511
Mauritanie,2015,Afrique,5.211,66.5,3965959
Mauritanie,2016,Afrique,5.157,66.82,4086655
Mauritanie,2017,Afrique,5.106,67.09,4210603
Mauritanie,2018,Afrique,5.044,67.42,4337685
Mauritanie,2019,Afrique,4.984,67.64,4467714
Mauritanie,2020,Afrique,4.912,66.79,4600136
Mauritanie,2021,Afrique,4.848,66.76,4734874
Mauritanie,2022,Afrique,4.77,68.28,4875644
Mauritanie,2023,Afrique,4.697,68.48,5022442
Mauritanie,2024,Afrique,4.638,68.71,5169403
Mauritanie,2025,Afrique,4.58,68.94,5315072
Maurice,1950,Afrique,6.027,51.94,525560
Maurice,1951,Afrique,6.026,52.47,541172
Maurice,1952,Afrique,5.969,52.1,557187
Maurice,1953,Afrique,5.893,51.51,571925
Maurice,1954,Afrique,5.848,52.22,585487
Maurice,1955,Afrique,5.832,53.77,599593
Maurice,1956,Afrique,5.814,55.07,614565
Maurice,1957,Afrique,5.836,55.68,630414
Maurice,1958,Afrique,5.862,56.39,647158
Maurice,1959,Afrique,5.876,57.4,664841
Maurice,1960,Afrique,5.897,58.4,680332
Maurice,1961,Afrique,5.982,59.54,692533
Maurice,1962,Afrique,5.877,60.46,705283
Maurice,1963,Afrique,6.18,61.15,720357
Maurice,1964,Afrique,5.956,61.52,736546
Maurice,1965,Afrique,5.508,62.07,752668
Maurice,1966,Afrique,5.46,62.11,768652
Maurice,1967,Afrique,4.626,61.72,784260
Maurice,1968,Afrique,4.596,62.1,799288
Maurice,1969,Afrique,3.965,62.7,813740
Maurice,1970,Afrique,3.82,63.69,827700
Maurice,1971,Afrique,3.508,63.84,841116
Maurice,1972,Afrique,3.407,63.8,853610
Maurice,1973,Afrique,3.071,64.25,865153
Maurice,1974,Afrique,3.453,64.22,876473
Maurice,1975,Afrique,3.197,64.37,888031
Maurice,1976,Afrique,3.129,64.03,899858
Maurice,1977,Afrique,3.071,64.83,912153
Maurice,1978,Afrique,3.011,65.26,925287
Maurice,1979,Afrique,2.914,66.02,939395
Maurice,1980,Afrique,2.803,66.51,954221
Maurice,1981,Afrique,2.666,67.22,969222
Maurice,1982,Afrique,2.534,67.95,983609
Maurice,1983,Afrique,2.396,68.41,997375
Maurice,1984,Afrique,2.233,68.64,1011247
Maurice,1985,Afrique,2.054,68.72,1025066
Maurice,1986,Afrique,1.947,68.89,1038348
Maurice,1987,Afrique,2.003,69.19,1051115
Maurice,1988,Afrique,2.097,69.44,1063596
Maurice,1989,Afrique,2.209,69.53,1075985
Maurice,1990,Afrique,2.296,69.77,1089033
Maurice,1991,Afrique,2.293,70.05,1103050
Maurice,1992,Afrique,2.359,70.21,1117676
Maurice,1993,Afrique,2.312,70.36,1132397
Maurice,1994,Afrique,2.243,70.42,1146559
Maurice,1995,Afrique,2.138,70.6,1159824
Maurice,1996,Afrique,2.116,70.52,1172390
Maurice,1997,Afrique,2.031,70.68,1184304
Maurice,1998,Afrique,1.911,70.89,1195111
Maurice,1999,Afrique,2.031,71.39,1205903
Maurice,2000,Afrique,1.976,71.76,1216632
Maurice,2001,Afrique,1.895,71.98,1225807
Maurice,2002,Afrique,1.916,72.06,1234090
Maurice,2003,Afrique,1.871,72.31,1242094
Maurice,2004,Afrique,1.871,72.55,1249799
Maurice,2005,Afrique,1.824,72.64,1257215
Maurice,2006,Afrique,1.714,72.78,1263785
Maurice,2007,Afrique,1.672,72.89,1269522
Maurice,2008,Afrique,1.602,73.12,1274635
Maurice,2009,Afrique,1.528,73.26,1278976
Maurice,2010,Afrique,1.495,73.65,1282710
Maurice,2011,Afrique,1.482,74.07,1286270
Maurice,2012,Afrique,1.479,74.33,1289174
Maurice,2013,Afrique,1.419,74.43,1290988
Maurice,2014,Afrique,1.371,74.61,1292006
Maurice,2015,Afrique,1.319,74.67,1292283
Maurice,2016,Afrique,1.352,74.85,1291807
Maurice,2017,Afrique,1.395,75.02,1290654
Maurice,2018,Afrique,1.365,74.49,1288836
Maurice,2019,Afrique,1.351,74.18,1286269
Maurice,2020,Afrique,1.387,74.66,1283231
Maurice,2021,Afrique,1.353,72.9,1279628
Maurice,2022,Afrique,1.27,73.54,1276134
Maurice,2023,Afrique,1.241,74.93,1273591
Maurice,2024,Afrique,1.227,75.1,1271171
Maurice,2025,Afrique,1.214,75.27,1268285
Malawi,1950,Afrique,6.824,32.66,2950299
Malawi,1951,Afrique,6.836,32.82,3002886
Malawi,1952,Afrique,6.845,32.98,3059382
Malawi,1953,Afrique,6.853,33.16,3119242
Malawi,1954,Afrique,6.805,33.35,3181539
Malawi,1955,Afrique,6.843,33.58,3246543
Malawi,1956,Afrique,6.886,33.85,3315299
Malawi,1957,Afrique,6.923,34.11,3387745
Malawi,1958,Afrique,6.965,34.44,3463947
Malawi,1959,Afrique,7.01,34.76,3544167
Malawi,1960,Afrique,7.042,34.99,3628136
Malawi,1961,Afrique,7.067,35.23,3715543
Malawi,1962,Afrique,7.095,35.45,3806310
Malawi,1963,Afrique,7.127,35.64,3900513
Malawi,1964,Afrique,7.114,35.68,3997309
Malawi,1965,Afrique,7.126,35.74,4096158
Malawi,1966,Afrique,7.174,35.83,4197929
Malawi,1967,Afrique,7.213,35.94,4303018
Malawi,1968,Afrique,7.262,36.09,4411055
Malawi,1969,Afrique,7.274,36.3,4521184
Malawi,1970,Afrique,7.295,36.64,4633949
Malawi,1971,Afrique,7.311,37.09,4751441
Malawi,1972,Afrique,7.326,37.61,4874479
Malawi,1973,Afrique,7.338,38.35,5003935
Malawi,1974,Afrique,7.344,39.2,5141342
Malawi,1975,Afrique,7.359,40.08,5287371
Malawi,1976,Afrique,7.387,41.02,5443390
Malawi,1977,Afrique,7.408,41.98,5614993
Malawi,1978,Afrique,7.434,43.0,5810135
Malawi,1979,Afrique,7.465,43.7,6028750
Malawi,1980,Afrique,7.518,44.33,6265529
Malawi,1981,Afrique,7.493,44.72,6516460
Malawi,1982,Afrique,7.451,44.84,6778885
Malawi,1983,Afrique,7.361,44.97,7051707
Malawi,1984,Afrique,7.265,44.81,7332811
Malawi,1985,Afrique,7.17,44.57,7620509
Malawi,1986,Afrique,7.069,44.3,7906485
Malawi,1987,Afrique,6.97,43.9,8293173
Malawi,1988,Afrique,6.876,43.57,8753265
Malawi,1989,Afrique,6.803,43.52,9176223
Malawi,1990,Afrique,6.74,43.58,9545860
Malawi,1991,Afrique,6.681,43.54,9844228
Malawi,1992,Afrique,6.63,43.64,10135082
Malawi,1993,Afrique,6.573,43.65,10284027
Malawi,1994,Afrique,6.488,43.8,10164899
Malawi,1995,Afrique,6.392,43.8,10150122
Malawi,1996,Afrique,6.285,44.01,10352227
Malawi,1997,Afrique,6.231,44.2,10562035
Malawi,1998,Afrique,6.205,44.3,10792877
Malawi,1999,Afrique,6.124,45.06,11047812
Malawi,2000,Afrique,6.002,46.17,11315947
Malawi,2001,Afrique,5.943,47.2,11593057
Malawi,2002,Afrique,5.903,48.18,11880443
Malawi,2003,Afrique,5.875,49.6,12181575
Malawi,2004,Afrique,5.864,51.07,12500736
Malawi,2005,Afrique,5.848,52.47,12840034
Malawi,2006,Afrique,5.802,53.65,13198699
Malawi,2007,Afrique,5.724,54.69,13576344
Malawi,2008,Afrique,5.609,55.72,13976415
Malawi,2009,Afrique,5.453,56.71,14395788
Malawi,2010,Afrique,5.263,57.79,14826466
Malawi,2011,Afrique,5.083,58.86,15265026
Malawi,2012,Afrique,4.902,59.87,15709577
Malawi,2013,Afrique,4.759,60.82,16161816
Malawi,2014,Afrique,4.569,61.65,16621534
Malawi,2015,Afrique,4.384,62.32,17085587
Malawi,2016,Afrique,4.216,63.16,17557741
Malawi,2017,Afrique,4.113,63.91,18039714
Malawi,2018,Afrique,4.021,64.46,18528086
Malawi,2019,Afrique,3.952,65.0,19025748
Malawi,2020,Afrique,3.877,65.22,19533885
Malawi,2021,Afrique,3.791,64.78,20047264
Malawi,2022,Afrique,3.72,66.04,20568731
Malawi,2023,Afrique,3.648,67.35,21104480
Malawi,2024,Afrique,3.593,67.56,21655288
Malawi,2025,Afrique,3.539,67.74,22216118
Malaisie,1950,Asie,6.429,48.49,6098285
Malaisie,1951,Asie,6.428,49.22,6257415
Malaisie,1952,Asie,6.426,50.15,6422851
Malaisie,1953,Asie,6.437,51.13,6593945
Malaisie,1954,Asie,6.448,51.98,6772374
Malaisie,1955,Asie,6.452,52.84,6959959
Malaisie,1956,Asie,6.461,53.67,7156627
Malaisie,1957,Asie,6.468,54.51,7362818
Malaisie,1958,Asie,6.456,55.41,7562886
Malaisie,1959,Asie,6.441,56.31,7755779
Malaisie,1960,Asie,6.412,57.17,7956201
Malaisie,1961,Asie,6.367,58.02,8164448
Malaisie,1962,Asie,6.296,58.85,8380174
Malaisie,1963,Asie,6.191,59.67,8602166
Malaisie,1964,Asie,6.03,60.45,8828416
Malaisie,1965,Asie,5.836,61.14,9056415
Malaisie,1966,Asie,5.635,61.68,9284693
Malaisie,1967,Asie,5.433,62.04,9507107
Malaisie,1968,Asie,5.291,62.44,9725283
Malaisie,1969,Asie,5.159,62.87,9947604
Malaisie,1970,Asie,5.035,63.3,10178802
Malaisie,1971,Asie,4.924,63.77,10423466
Malaisie,1972,Asie,4.822,64.23,10676839
Malaisie,1973,Asie,4.727,64.72,10935622
Malaisie,1974,Asie,4.619,65.2,11200903
Malaisie,1975,Asie,4.501,65.7,11471914
Malaisie,1976,Asie,4.398,66.23,11750093
Malaisie,1977,Asie,4.282,66.72,12035716
Malaisie,1978,Asie,4.179,67.17,12328158
Malaisie,1979,Asie,4.091,67.61,12627866
Malaisie,1980,Asie,4.035,68.06,12983365
Malaisie,1981,Asie,4.002,68.46,13399206
Malaisie,1982,Asie,3.967,68.88,13832796
Malaisie,1983,Asie,3.928,69.2,14285914
Malaisie,1984,Asie,3.885,69.55,14759013
Malaisie,1985,Asie,3.804,69.86,15252262
Malaisie,1986,Asie,3.699,70.13,15760425
Malaisie,1987,Asie,3.565,70.35,16276735
Malaisie,1988,Asie,3.502,70.55,16796612
Malaisie,1989,Asie,3.313,70.76,17315003
Malaisie,1990,Asie,3.304,70.95,17833179
Malaisie,1991,Asie,3.339,71.22,18342474
Malaisie,1992,Asie,3.373,71.48,18834569
Malaisie,1993,Asie,3.364,71.72,19322667
Malaisie,1994,Asie,3.346,71.86,19820446
Malaisie,1995,Asie,3.317,71.98,20330602
Malaisie,1996,Asie,3.297,72.12,20850085
Malaisie,1997,Asie,3.227,72.3,21375225
Malaisie,1998,Asie,3.12,72.39,21906713
Malaisie,1999,Asie,3.068,72.43,22435532
Malaisie,2000,Asie,2.942,72.73,22967817
Malaisie,2001,Asie,2.807,73.08,23526535
Malaisie,2002,Asie,2.658,73.47,24102477
Malaisie,2003,Asie,2.601,73.73,24679604
Malaisie,2004,Asie,2.493,74.03,25256773
Malaisie,2005,Asie,2.391,74.37,25836075
Malaisie,2006,Asie,2.308,74.7,26417909
Malaisie,2007,Asie,2.252,74.96,26998383
Malaisie,2008,Asie,2.262,75.15,27570052
Malaisie,2009,Asie,2.223,75.27,28124779
Malaisie,2010,Asie,2.144,75.38,28655772
Malaisie,2011,Asie,2.153,75.49,29162034
Malaisie,2012,Asie,2.117,75.55,29662835
Malaisie,2013,Asie,2.07,75.46,30174269
Malaisie,2014,Asie,2.058,75.34,30696133
Malaisie,2015,Asie,2.008,75.29,31232796
Malaisie,2016,Asie,1.942,75.37,31789692
Malaisie,2017,Asie,1.893,75.54,32355642
Malaisie,2018,Asie,1.838,75.73,32910963
Malaisie,2019,Asie,1.777,75.9,33440590
Malaisie,2020,Asie,1.68,76.06,33889554
Malaisie,2021,Asie,1.555,73.92,34282404
Malaisie,2022,Asie,1.55,75.44,34695494
Malaisie,2023,Asie,1.55,76.66,35126295
Malaisie,2024,Asie,1.527,76.82,35557670
Malaisie,2025,Asie,1.504,76.99,35977834
Namibie,1950,Afrique,5.614,41.95,514598
Namibie,1951,Afrique,5.677,42.5,520398
Namibie,1952,Afrique,5.743,43.15,526639
Namibie,1953,Afrique,5.807,43.75,533236
Namibie,1954,Afrique,5.87,44.43,540017
Namibie,1955,Afrique,5.935,45.05,547091
Namibie,1956,Afrique,5.997,45.7,554566
Namibie,1957,Afrique,6.06,46.38,562592
Namibie,1958,Afrique,6.132,47.11,571341
Namibie,1959,Afrique,6.186,47.79,580927
Namibie,1960,Afrique,6.243,48.53,591473
Namibie,1961,Afrique,6.293,49.24,603074
Namibie,1962,Afrique,6.35,49.97,615760
Namibie,1963,Afrique,6.408,50.64,629592
Namibie,1964,Afrique,6.428,51.35,644539
Namibie,1965,Afrique,6.445,52.0,660568
Namibie,1966,Afrique,6.472,52.3,677663
Namibie,1967,Afrique,6.485,52.93,696051
Namibie,1968,Afrique,6.502,53.55,715551
Namibie,1969,Afrique,6.508,54.13,736125
Namibie,1970,Afrique,6.52,54.69,757876
Namibie,1971,Afrique,6.521,55.29,780588
Namibie,1972,Afrique,6.533,55.84,804411
Namibie,1973,Afrique,6.54,56.42,828932
Namibie,1974,Afrique,6.552,56.94,854325
Namibie,1975,Afrique,6.533,57.55,881041
Namibie,1976,Afrique,6.494,58.04,906574
Namibie,1977,Afrique,6.441,58.59,931118
Namibie,1978,Afrique,6.384,59.11,947277
Namibie,1979,Afrique,6.314,59.52,962826
Namibie,1980,Afrique,6.238,56.57,981440
Namibie,1981,Afrique,6.159,56.91,992508
Namibie,1982,Afrique,6.078,57.34,1010315
Namibie,1983,Afrique,5.995,57.64,1037519
Namibie,1984,Afrique,5.94,58.1,1065996
Namibie,1985,Afrique,5.877,58.47,1096896
Namibie,1986,Afrique,5.793,58.73,1131083
Namibie,1987,Afrique,5.699,59.12,1167898
Namibie,1988,Afrique,5.609,59.03,1209700
Namibie,1989,Afrique,5.517,60.77,1288956
Namibie,1990,Afrique,5.398,61.36,1369309
Namibie,1991,Afrique,5.29,60.83,1415689
Namibie,1992,Afrique,5.107,60.16,1461324
Namibie,1993,Afrique,4.905,59.26,1508698
Namibie,1994,Afrique,4.676,58.44,1556315
Namibie,1995,Afrique,4.417,57.52,1602181
Namibie,1996,Afrique,4.201,56.64,1646107
Namibie,1997,Afrique,4.166,55.84,1689274
Namibie,1998,Afrique,4.176,54.77,1732747
Namibie,1999,Afrique,4.138,53.98,1776371
Namibie,2000,Afrique,3.991,52.95,1818650
Namibie,2001,Afrique,3.827,51.98,1857059
Namibie,2002,Afrique,3.693,51.99,1889976
Namibie,2003,Afrique,3.58,51.92,1917469
Namibie,2004,Afrique,3.545,52.17,1942087
Namibie,2005,Afrique,3.571,52.56,1966581
Namibie,2006,Afrique,3.601,53.18,1991890
Namibie,2007,Afrique,3.608,54.03,2018607
Namibie,2008,Afrique,3.616,54.74,2047059
Namibie,2009,Afrique,3.633,55.35,2077400
Namibie,2010,Afrique,3.657,56.09,2109815
Namibie,2011,Afrique,3.658,56.65,2146331
Namibie,2012,Afrique,3.676,57.73,2194656
Namibie,2013,Afrique,3.653,58.47,2252505
Namibie,2014,Afrique,3.635,59.31,2312143
Namibie,2015,Afrique,3.604,60.01,2374305
Namibie,2016,Afrique,3.574,60.81,2439219
Namibie,2017,Afrique,3.511,61.66,2506854
Namibie,2018,Afrique,3.462,62.58,2577327
Namibie,2019,Afrique,3.404,63.55,2650499
Namibie,2020,Afrique,3.349,64.07,2728760
Namibie,2021,Afrique,3.303,60.85,2810552
Namibie,2022,Afrique,3.248,64.19,2889668
Namibie,2023,Afrique,3.212,67.39,2963102
Namibie,2024,Afrique,3.168,67.52,3030127
Namibie,2025,Afrique,3.125,67.66,3092821
Niger,1950,Afrique,7.559,35.9,2597818
Niger,1951,Afrique,7.558,35.9,2684753
Niger,1952,Afrique,7.56,35.91,2771894
Niger,1953,Afrique,7.552,35.93,2859196
Niger,1954,Afrique,7.554,35.95,2946889
Niger,1955,Afrique,7.551,35.97,3035284
Niger,1956,Afrique,7.542,36.04,3124754
Niger,1957,Afrique,7.542,36.08,3215845
Niger,1958,Afrique,7.542,36.09,3309227
Niger,1959,Afrique,7.528,36.14,3405469
Niger,1960,Afrique,7.53,36.19,3505056
Niger,1961,Afrique,7.512,36.29,3608172
Niger,1962,Afrique,7.501,36.32,3714521
Niger,1963,Afrique,7.489,36.44,3823879
Niger,1964,Afrique,7.48,36.46,3935821
Niger,1965,Afrique,7.466,36.4,4049700
Niger,1966,Afrique,7.481,36.33,4165551
Niger,1967,Afrique,7.49,36.24,4283594
Niger,1968,Afrique,7.497,36.13,4403640
Niger,1969,Afrique,7.506,36.0,4525724
Niger,1970,Afrique,7.514,35.92,4650272
Niger,1971,Afrique,7.518,35.29,4776227
Niger,1972,Afrique,7.523,35.81,4904847
Niger,1973,Afrique,7.529,35.94,5037868
Niger,1974,Afrique,7.539,36.2,5174956
Niger,1975,Afrique,7.539,36.57,5317022
Niger,1976,Afrique,7.563,37.1,5464963
Niger,1977,Afrique,7.595,37.69,5619722
Niger,1978,Afrique,7.662,38.27,5782939
Niger,1979,Afrique,7.722,38.89,5955557
Niger,1980,Afrique,7.782,39.34,6135968
Niger,1981,Afrique,7.822,39.64,6322011
Niger,1982,Afrique,7.862,39.84,6512733
Niger,1983,Afrique,7.902,39.98,6708646
Niger,1984,Afrique,7.921,39.99,6909974
Niger,1985,Afrique,7.932,40.12,7118457
Niger,1986,Afrique,7.904,40.25,7335814
Niger,1987,Afrique,7.871,40.47,7561154
Niger,1988,Afrique,7.841,40.79,7793752
Niger,1989,Afrique,7.818,41.19,8034782
Niger,1990,Afrique,7.806,41.73,8286066
Niger,1991,Afrique,7.798,42.29,8546900
Niger,1992,Afrique,7.795,43.06,8817633
Niger,1993,Afrique,7.79,43.84,9100789
Niger,1994,Afrique,7.786,44.59,9398266
Niger,1995,Afrique,7.776,45.5,9714537
Niger,1996,Afrique,7.78,46.31,10044848
Niger,1997,Afrique,7.802,47.1,10383977
Niger,1998,Afrique,7.84,47.81,10741416
Niger,1999,Afrique,7.84,48.48,11117414
Niger,2000,Afrique,7.829,49.17,11509634
Niger,2001,Afrique,7.81,49.87,11920648
Niger,2002,Afrique,7.797,50.65,12349150
Niger,2003,Afrique,7.789,51.55,12796979
Niger,2004,Afrique,7.777,52.4,13265843
Niger,2005,Afrique,7.769,53.32,13756192
Niger,2006,Afrique,7.744,54.22,14268583
Niger,2007,Afrique,7.726,55.06,14803604
Niger,2008,Afrique,7.702,55.85,15361921
Niger,2009,Afrique,7.679,56.49,15943673
Niger,2010,Afrique,7.64,57.08,16548833
Niger,2011,Afrique,7.592,57.6,17176286
Niger,2012,Afrique,7.527,57.99,17836770
Niger,2013,Afrique,7.445,58.36,18519899
Niger,2014,Afrique,7.342,58.69,19215917
Niger,2015,Afrique,7.215,58.85,19939496
Niger,2016,Afrique,7.043,59.23,20685758
Niger,2017,Afrique,6.874,59.52,21435449
Niger,2018,Afrique,6.706,59.77,22188074
Niger,2019,Afrique,6.537,60.03,22947765
Niger,2020,Afrique,6.369,59.89,23717615
Niger,2021,Afrique,6.2,59.54,24502145
Niger,2022,Afrique,6.135,60.4,25311978
Niger,2023,Afrique,6.061,61.18,26159863
Niger,2024,Afrique,5.97,61.43,27032417
Niger,2025,Afrique,5.881,61.66,27917831
Nigeria,1950,Afrique,6.419,35.53,37283019
Nigeria,1951,Afrique,6.415,35.72,37994083
Nigeria,1952,Afrique,6.391,35.88,38716210
Nigeria,1953,Afrique,6.396,36.04,39439813
Nigeria,1954,Afrique,6.396,36.24,40176326
Nigeria,1955,Afrique,6.402,36.34,40935638
Nigeria,1956,Afrique,6.409,36.48,41716059
Nigeria,1957,Afrique,6.404,36.62,42517478
Nigeria,1958,Afrique,6.386,36.83,43324654
Nigeria,1959,Afrique,6.375,37.03,44161685
Nigeria,1960,Afrique,6.364,37.21,45053787
Nigeria,1961,Afrique,6.353,37.43,45989313
Nigeria,1962,Afrique,6.356,37.61,46965299
Nigeria,1963,Afrique,6.349,37.81,47973576
Nigeria,1964,Afrique,6.362,37.98,49012023
Nigeria,1965,Afrique,6.367,38.22,50086762
Nigeria,1966,Afrique,6.386,38.35,51188240
Nigeria,1967,Afrique,6.401,37.5,52293065
Nigeria,1968,Afrique,6.42,38.64,53432785
Nigeria,1969,Afrique,6.438,38.95,54631917
Nigeria,1970,Afrique,6.466,40.01,55893836
Nigeria,1971,Afrique,6.532,40.61,57214688
Nigeria,1972,Afrique,6.579,41.27,58601749
Nigeria,1973,Afrique,6.633,41.83,60082138
Nigeria,1974,Afrique,6.703,42.49,61679153
Nigeria,1975,Afrique,6.773,43.05,63410821
Nigeria,1976,Afrique,6.806,44.19,65258000
Nigeria,1977,Afrique,6.862,44.85,67234590
Nigeria,1978,Afrique,6.921,45.35,69326531
Nigeria,1979,Afrique,6.887,45.74,71498241
Nigeria,1980,Afrique,6.847,45.96,73764641
Nigeria,1981,Afrique,6.82,46.31,76068116
Nigeria,1982,Afrique,6.799,46.44,78378699
Nigeria,1983,Afrique,6.775,46.44,80438257
Nigeria,1984,Afrique,6.701,46.34,82526444
Nigeria,1985,Afrique,6.616,46.19,84897973
Nigeria,1986,Afrique,6.557,45.95,87235959
Nigeria,1987,Afrique,6.504,45.89,89591718
Nigeria,1988,Afrique,6.498,45.83,92020088
Nigeria,1989,Afrique,6.494,45.83,94531022
Nigeria,1990,Afrique,6.459,45.73,97120926
Nigeria,1991,Afrique,6.426,45.48,99720161
Nigeria,1992,Afrique,6.391,45.59,102372779
Nigeria,1993,Afrique,6.354,45.78,105122075
Nigeria,1994,Afrique,6.319,45.75,107935717
Nigeria,1995,Afrique,6.273,45.87,110819430
Nigeria,1996,Afrique,6.217,45.83,113754783
Nigeria,1997,Afrique,6.138,45.96,116754790
Nigeria,1998,Afrique,6.069,46.15,119846261
Nigeria,1999,Afrique,6.082,46.61,123047324
Nigeria,2000,Afrique,6.124,47.14,126382490
Nigeria,2001,Afrique,6.128,47.55,129862594
Nigeria,2002,Afrique,6.116,48.02,133471995
Nigeria,2003,Afrique,6.1,48.62,137202646
Nigeria,2004,Afrique,6.09,49.15,141057045
Nigeria,2005,Afrique,6.063,49.54,145017256
Nigeria,2006,Afrique,6.053,49.88,149077335
Nigeria,2007,Afrique,6.027,50.38,153267254
Nigeria,2008,Afrique,6.024,50.75,157595014
Nigeria,2009,Afrique,5.993,51.08,162049466
Nigeria,2010,Afrique,5.948,51.31,166642888
Nigeria,2011,Afrique,5.893,51.49,171379602
Nigeria,2012,Afrique,5.797,51.69,176200627
Nigeria,2013,Afrique,5.694,51.83,181049440
Nigeria,2014,Afrique,5.622,51.94,185896917
Nigeria,2015,Afrique,5.503,51.94,190671883
Nigeria,2016,Afrique,5.343,52.19,195443698
Nigeria,2017,Afrique,5.182,52.4,200254580
Nigeria,2018,Afrique,5.021,52.67,204938752
Nigeria,2019,Afrique,4.861,53.01,209485637
Nigeria,2020,Afrique,4.7,53.07,213996185
Nigeria,2021,Afrique,4.636,53.45,218529286
Nigeria,2022,Afrique,4.552,54.08,223150906
Nigeria,2023,Afrique,4.482,54.46,227882949
Nigeria,2024,Afrique,4.415,54.63,232679482
Nigeria,2025,Afrique,4.349,54.78,237527788
Nicaragua,1950,Amériques,7.121,40.63,1331445
Nicaragua,1951,Amériques,7.118,40.8,1369654
Nicaragua,1952,Amériques,7.096,41.86,1409023
Nicaragua,1953,Amériques,7.096,42.45,1449903
Nicaragua,1954,Amériques,7.105,43.06,1492261
Nicaragua,1955,Amériques,7.123,43.66,1536247
Nicaragua,1956,Amériques,7.139,44.28,1581977
Nicaragua,1957,Amériques,7.152,44.88,1629469
Nicaragua,1958,Amériques,7.159,45.48,1678745
Nicaragua,1959,Amériques,7.163,46.06,1729794
Nicaragua,1960,Amériques,7.159,46.4,1782371
Nicaragua,1961,Amériques,7.112,47.29,1836456
Nicaragua,1962,Amériques,7.1,47.98,1892325
Nicaragua,1963,Amériques,7.081,48.75,1950162
Nicaragua,1964,Amériques,7.064,49.59,2010183
Nicaragua,1965,Amériques,7.033,50.65,2072687
Nicaragua,1966,Amériques,6.99,51.58,2137821
Nicaragua,1967,Amériques,6.94,52.35,2205571
Nicaragua,1968,Amériques,6.885,52.87,2275837
Nicaragua,1969,Amériques,6.825,53.35,2348401
Nicaragua,1970,Amériques,6.773,53.81,2423065
Nicaragua,1971,Amériques,6.714,54.22,2499829
Nicaragua,1972,Amériques,6.653,47.96,2573583
Nicaragua,1973,Amériques,6.586,55.02,2649283
Nicaragua,1974,Amériques,6.521,55.4,2732073
Nicaragua,1975,Amériques,6.445,55.77,2816947
Nicaragua,1976,Amériques,6.366,56.12,2903850
Nicaragua,1977,Amériques,6.28,56.13,2992532
Nicaragua,1978,Amériques,6.164,53.53,3080323
Nicaragua,1979,Amériques,6.069,50.83,3164524
Nicaragua,1980,Amériques,5.959,57.95,3252404
Nicaragua,1981,Amériques,5.84,58.28,3345679
Nicaragua,1982,Amériques,5.737,58.69,3438747
Nicaragua,1983,Amériques,5.611,56.85,3530286
Nicaragua,1984,Amériques,5.488,56.13,3619109
Nicaragua,1985,Amériques,5.359,56.4,3706480
Nicaragua,1986,Amériques,5.217,57.56,3794161
Nicaragua,1987,Amériques,5.073,57.33,3882168
Nicaragua,1988,Amériques,4.931,59.83,3972317
Nicaragua,1989,Amériques,4.762,61.88,4066483
Nicaragua,1990,Amériques,4.596,62.47,4162566
Nicaragua,1991,Amériques,4.432,63.31,4259636
Nicaragua,1992,Amériques,4.267,63.67,4357031
Nicaragua,1993,Amériques,4.102,64.09,4453733
Nicaragua,1994,Amériques,3.937,64.55,4549317
Nicaragua,1995,Amériques,3.775,64.87,4642933
Nicaragua,1996,Amériques,3.62,65.22,4729979
Nicaragua,1997,Amériques,3.473,65.52,4809574
Nicaragua,1998,Amériques,3.339,64.11,4883659
Nicaragua,1999,Amériques,3.218,65.89,4954021
Nicaragua,2000,Amériques,3.12,66.36,5022636
Nicaragua,2001,Amériques,2.996,67.03,5087827
Nicaragua,2002,Amériques,2.887,67.95,5149914
Nicaragua,2003,Amériques,2.827,68.75,5210970
Nicaragua,2004,Amériques,2.784,69.51,5272909
Nicaragua,2005,Amériques,2.765,70.37,5342108
Nicaragua,2006,Amériques,2.733,70.96,5418857
Nicaragua,2007,Amériques,2.697,71.2,5497247
Nicaragua,2008,Amériques,2.66,71.4,5576597
Nicaragua,2009,Amériques,2.626,71.5,5656602
Nicaragua,2010,Amériques,2.596,71.76,5737451
Nicaragua,2011,Amériques,2.558,72.03,5819051
Nicaragua,2012,Amériques,2.527,72.44,5901290
Nicaragua,2013,Amériques,2.492,72.55,5983852
Nicaragua,2014,Amériques,2.463,72.79,6066493
Nicaragua,2015,Amériques,2.434,72.9,6149417
Nicaragua,2016,Amériques,2.407,73.18,6232664
Nicaragua,2017,Amériques,2.378,73.39,6316235
Nicaragua,2018,Amériques,2.347,73.88,6400074
Nicaragua,2019,Amériques,2.321,73.76,6483660
Nicaragua,2020,Amériques,2.299,70.77,6565267
Nicaragua,2021,Amériques,2.265,70.48,6644745
Nicaragua,2022,Amériques,2.24,74.46,6730662
Nicaragua,2023,Amériques,2.218,74.95,6823619
Nicaragua,2024,Amériques,2.192,75.1,6916136
Nicaragua,2025,Amériques,2.167,75.27,7007507
Pays-Bas,1950,Europe,3.104,71.44,10113759
Pays-Bas,1951,Europe,3.064,71.5,10264536
Pays-Bas,1952,Europe,3.094,72.12,10382295
Pays-Bas,1953,Europe,3.037,71.7,10493531
Pays-Bas,1954,Europe,3.027,72.39,10615733
Pays-Bas,1955,Europe,3.032,72.5,10751231
Pays-Bas,1956,Europe,3.052,72.53,10889767
Pays-Bas,1957,Europe,3.074,72.97,11026879
Pays-Bas,1958,Europe,3.103,73.14,11187365
Pays-Bas,1959,Europe,3.158,73.19,11348106
Pays-Bas,1960,Europe,3.118,73.35,11486909
Pays-Bas,1961,Europe,3.207,73.55,11639372
Pays-Bas,1962,Europe,3.17,73.22,11807553
Pays-Bas,1963,Europe,3.183,73.35,11969159
Pays-Bas,1964,Europe,3.153,73.74,12131887
Pays-Bas,1965,Europe,3.03,73.61,12301136
Pays-Bas,1966,Europe,2.896,73.55,12464283
Pays-Bas,1967,Europe,2.799,73.83,12607835
Pays-Bas,1968,Europe,2.707,73.64,12740851
Pays-Bas,1969,Europe,2.737,73.56,12890641
Pays-Bas,1970,Europe,2.573,73.63,13052082
Pays-Bas,1971,Europe,2.366,73.87,13208353
Pays-Bas,1972,Europe,2.152,73.78,13342780
Pays-Bas,1973,Europe,1.909,74.23,13453743
Pays-Bas,1974,Europe,1.774,74.61,13559671
Pays-Bas,1975,Europe,1.666,74.56,13680033
Pays-Bas,1976,Europe,1.629,74.67,13786641
Pays-Bas,1977,Europe,1.583,75.27,13868605
Pays-Bas,1978,Europe,1.582,75.17,13953922
Pays-Bas,1979,Europe,1.565,75.65,14050176
Pays-Bas,1980,Europe,1.596,75.77,14162686
Pays-Bas,1981,Europe,1.558,75.99,14262691
Pays-Bas,1982,Europe,1.494,76.06,14333902
Pays-Bas,1983,Europe,1.467,76.25,14396898
Pays-Bas,1984,Europe,1.488,76.33,14462809
Pays-Bas,1985,Europe,1.509,76.38,14538958
Pays-Bas,1986,Europe,1.548,76.36,14626488
Pays-Bas,1987,Europe,1.556,76.81,14724948
Pays-Bas,1988,Europe,1.545,77.0,14825915
Pays-Bas,1989,Europe,1.556,76.84,14921107
Pays-Bas,1990,Europe,1.614,77.01,15030886
Pays-Bas,1991,Europe,1.61,77.16,15155093
Pays-Bas,1992,Europe,1.588,77.36,15276787
Pays-Bas,1993,Europe,1.573,77.04,15389718
Pays-Bas,1994,Europe,1.569,77.52,15485453
Pays-Bas,1995,Europe,1.534,77.55,15565034
Pays-Bas,1996,Europe,1.53,77.56,15640032
Pays-Bas,1997,Europe,1.564,77.93,15723621
Pays-Bas,1998,Europe,1.628,78.0,15827109
Pays-Bas,1999,Europe,1.656,77.97,15940183
Pays-Bas,2000,Europe,1.721,78.13,16058757
Pays-Bas,2001,Europe,1.712,78.34,16182705
Pays-Bas,2002,Europe,1.729,78.41,16288060
Pays-Bas,2003,Europe,1.742,78.67,16366914
Pays-Bas,2004,Europe,1.722,79.24,16425562
Pays-Bas,2005,Europe,1.706,79.49,16465707
Pays-Bas,2006,Europe,1.715,79.85,16493851
Pays-Bas,2007,Europe,1.714,80.25,16531360
Pays-Bas,2008,Europe,1.764,80.39,16597259
Pays-Bas,2009,Europe,1.783,80.67,16684148
Pays-Bas,2010,Europe,1.787,80.83,16771232
Pays-Bas,2011,Europe,1.752,81.11,16851061
Pays-Bas,2012,Europe,1.716,81.06,16915191
Pays-Bas,2013,Europe,1.677,81.3,16967066
Pays-Bas,2014,Europe,1.704,81.65,17030085
Pays-Bas,2015,Europe,1.657,81.49,17107429
Pays-Bas,2016,Europe,1.658,81.56,17204693
Pays-Bas,2017,Europe,1.617,81.74,17315376
Pays-Bas,2018,Europe,1.585,81.78,17421285
Pays-Bas,2019,Europe,1.572,82.05,17537505
Pays-Bas,2020,Europe,1.545,81.39,17636732
Pays-Bas,2021,Europe,1.624,81.36,17730565
Pays-Bas,2022,Europe,1.514,81.91,17904421
Pays-Bas,2023,Europe,1.43,82.16,18092526
Pays-Bas,2024,Europe,1.409,82.3,18228740
Pays-Bas,2025,Europe,1.387,82.45,18346823
Norvège,1950,Europe,2.523,71.59,3265199
Norvège,1951,Europe,2.469,72.53,3295964
Norvège,1952,Europe,2.578,72.65,3327839
Norvège,1953,Europe,2.637,73.15,3361030
Norvège,1954,Europe,2.671,73.21,3394397
Norvège,1955,Europe,2.758,73.43,3428532
Norvège,1956,Europe,2.829,73.49,3461074
Norvège,1957,Europe,2.824,73.43,3491980
Norvège,1958,Europe,2.865,73.42,3523007
Norvège,1959,Europe,2.882,73.55,3552828
Norvège,1960,Europe,2.847,73.56,3581119
Norvège,1961,Europe,2.915,73.56,3609661
Norvège,1962,Europe,2.894,73.46,3638841
Norvège,1963,Europe,2.905,73.1,3666497
Norvège,1964,Europe,2.962,73.61,3694319
Norvège,1965,Europe,2.925,73.73,3723173
Norvège,1966,Europe,2.891,74.01,3752788
Norvège,1967,Europe,2.786,74.07,3784111
Norvège,1968,Europe,2.751,73.94,3816089
Norvège,1969,Europe,2.697,73.67,3847304
Norvège,1970,Europe,2.512,74.07,3875351
Norvège,1971,Europe,2.494,74.17,3902754
Norvège,1972,Europe,2.39,74.35,3932913
Norvège,1973,Europe,2.234,74.44,3960597
Norvège,1974,Europe,2.134,74.76,3985283
Norvège,1975,Europe,1.986,74.82,4007368
Norvège,1976,Europe,1.867,75.05,4026219
Norvège,1977,Europe,1.759,75.4,4043259
Norvège,1978,Europe,1.771,75.43,4058668
Norvège,1979,Europe,1.751,75.42,4072499
Norvège,1980,Europe,1.722,75.67,4085603
Norvège,1981,Europe,1.701,75.88,4099675
Norvège,1982,Europe,1.706,76.02,4114742
Norvège,1983,Europe,1.656,76.08,4128332
Norvège,1984,Europe,1.657,76.25,4139970
Norvège,1985,Europe,1.675,75.93,4152399
Norvège,1986,Europe,1.707,76.25,4167252
Norvège,1987,Europe,1.744,76.1,4186818
Norvège,1988,Europe,1.841,76.27,4209470
Norvège,1989,Europe,1.887,76.54,4226914
Norvège,1990,Europe,1.932,76.59,4241440
Norvège,1991,Europe,1.92,77.04,4261618
Norvège,1992,Europe,1.888,77.25,4286255
Norvège,1993,Europe,1.865,77.22,4311864
Norvège,1994,Europe,1.869,77.77,4336467
Norvège,1995,Europe,1.873,77.8,4358991
Norvège,1996,Europe,1.892,78.23,4381137
Norvège,1997,Europe,1.86,78.24,4404988
Norvège,1998,Europe,1.82,78.41,4431308
Norvège,1999,Europe,1.849,78.39,4461789
Norvège,2000,Europe,1.854,78.69,4490864
Norvège,2001,Europe,1.788,78.9,4513650
Norvège,2002,Europe,1.757,78.96,4538016
Norvège,2003,Europe,1.798,79.53,4564666
Norvège,2004,Europe,1.828,79.97,4591739
Norvège,2005,Europe,1.835,80.17,4623120
Norvège,2006,Europe,1.899,80.44,4660487
Norvège,2007,Europe,1.897,80.5,4709017
Norvège,2008,Europe,1.951,80.68,4768097
Norvège,2009,Europe,1.974,80.86,4828625
Norvège,2010,Europe,1.941,81.04,4889160
Norvège,2011,Europe,1.876,81.25,4952969
Norvège,2012,Europe,1.847,81.45,5018453
Norvège,2013,Europe,1.779,81.67,5080126
Norvège,2014,Europe,1.754,82.09,5137397
Norvège,2015,Europe,1.728,82.27,5189777
Norvège,2016,Europe,1.705,82.42,5235974
Norvège,2017,Europe,1.624,82.62,5276807
Norvège,2018,Europe,1.566,82.76,5311751
Norvège,2019,Europe,1.533,82.95,5347733
Norvège,2020,Europe,1.482,83.19,5379275
Norvège,2021,Europe,1.56,83.17,5408082
Norvège,2022,Europe,1.415,82.63,5456796
Norvège,2023,Europe,1.405,83.31,5519167
Norvège,2024,Europe,1.384,83.46,5576656
Norvège,2025,Europe,1.363,83.61,5623074
Népal,1950,Asie,6.057,37.56,8396610
Népal,1951,Asie,6.061,37.61,8572665
Népal,1952,Asie,6.057,37.65,8747300
Népal,1953,Asie,6.068,37.69,8918222
Népal,1954,Asie,6.074,37.81,9087775
Népal,1955,Asie,6.066,37.86,9257985
Népal,1956,Asie,6.056,37.9,9427889
Népal,1957,Asie,6.048,38.01,9598045
Népal,1958,Asie,6.045,38.14,9766252
Népal,1959,Asie,6.032,38.41,9938915
Népal,1960,Asie,6.069,38.65,10123664
Népal,1961,Asie,6.093,38.97,10318399
Népal,1962,Asie,6.082,39.33,10521122
Népal,1963,Asie,6.056,39.61,10729818
Népal,1964,Asie,6.043,40.23,10946389
Népal,1965,Asie,6.007,40.69,11173411
Népal,1966,Asie,5.98,41.24,11408714
Népal,1967,Asie,5.954,41.71,11652717
Népal,1968,Asie,5.944,42.17,11906275
Népal,1969,Asie,5.893,42.72,12167032
Népal,1970,Asie,5.869,43.15,12436191
Népal,1971,Asie,5.845,43.62,12710069
Népal,1972,Asie,5.801,44.07,12989103
Népal,1973,Asie,5.701,44.48,13275240
Népal,1974,Asie,5.75,44.92,13568436
Népal,1975,Asie,5.733,45.5,13870692
Népal,1976,Asie,5.717,45.99,14177650
Népal,1977,Asie,5.688,46.63,14499175
Népal,1978,Asie,5.676,47.2,14839704
Népal,1979,Asie,5.644,47.77,15190601
Népal,1980,Asie,5.603,48.33,15553106
Népal,1981,Asie,5.576,48.66,15922422
Népal,1982,Asie,5.549,49.18,16297996
Népal,1983,Asie,5.536,49.68,16689121
Népal,1984,Asie,5.509,50.23,17085243
Népal,1985,Asie,5.457,50.92,17477694
Népal,1986,Asie,5.4,51.59,17868128
Népal,1987,Asie,5.348,52.38,18250512
Népal,1988,Asie,5.307,53.11,18638660
Népal,1989,Asie,5.258,54.01,19057811
Népal,1990,Asie,5.211,54.77,19524579
Népal,1991,Asie,5.151,55.65,20036507
Népal,1992,Asie,5.074,56.69,20609708
Népal,1993,Asie,5.042,57.6,21180158
Népal,1994,Asie,4.964,58.63,21717483
Népal,1995,Asie,4.869,59.32,22245443
Népal,1996,Asie,4.668,60.04,22741867
Népal,1997,Asie,4.442,60.82,23219458
Népal,1998,Asie,4.275,61.53,23680358
Népal,1999,Asie,4.13,62.03,24125201
Népal,2000,Asie,3.984,62.64,24546509
Népal,2001,Asie,3.793,63.29,24946755
Népal,2002,Asie,3.604,63.51,25328989
Népal,2003,Asie,3.439,64.23,25688762
Népal,2004,Asie,3.279,64.74,26016652
Népal,2005,Asie,3.115,65.28,26309462
Népal,2006,Asie,2.967,65.89,26565430
Népal,2007,Asie,2.857,66.17,26788498
Népal,2008,Asie,2.737,66.44,26990036
Népal,2009,Asie,2.63,66.6,27173035
Népal,2010,Asie,2.541,66.77,27341955
Népal,2011,Asie,2.462,67.12,27464499
Népal,2012,Asie,2.42,67.36,27534916
Népal,2013,Asie,2.36,67.6,27589997
Népal,2014,Asie,2.319,67.81,27672373
Népal,2015,Asie,2.273,67.37,27823631
Népal,2016,Asie,2.226,68.44,27955471
Népal,2017,Asie,2.173,68.74,28011258
Népal,2018,Asie,2.12,69.04,28079688
Népal,2019,Asie,2.08,69.3,28414066
Népal,2020,Asie,2.051,69.11,28966580
Népal,2021,Asie,2.025,68.39,29475016
Népal,2022,Asie,2.002,70.09,29715435
Népal,2023,Asie,1.984,70.35,29694614
Népal,2024,Asie,1.954,70.64,29651054
Népal,2025,Asie,1.925,70.9,29618120
Nouvelle-Zélande,1950,Océanie,3.552,69.25,1911265
Nouvelle-Zélande,1951,Océanie,3.602,69.13,1951209
Nouvelle-Zélande,1952,Océanie,3.668,69.38,1997753
Nouvelle-Zélande,1953,Océanie,3.655,70.21,2047750
Nouvelle-Zélande,1954,Océanie,3.778,70.33,2095143
Nouvelle-Zélande,1955,Océanie,3.88,70.48,2139674
Nouvelle-Zélande,1956,Océanie,3.979,70.72,2184844
Nouvelle-Zélande,1957,Océanie,4.031,70.25,2233688
Nouvelle-Zélande,1958,Océanie,4.11,70.88,2284995
Nouvelle-Zélande,1959,Océanie,4.179,70.77,2333486
Nouvelle-Zélande,1960,Océanie,4.241,71.22,2379482
Nouvelle-Zélande,1961,Océanie,4.306,70.93,2429744
Nouvelle-Zélande,1962,Océanie,4.159,71.2,2484403
Nouvelle-Zélande,1963,Océanie,4.046,71.27,2538117
Nouvelle-Zélande,1964,Océanie,3.776,71.3,2588770
Nouvelle-Zélande,1965,Océanie,3.537,71.22,2636493
Nouvelle-Zélande,1966,Océanie,3.42,71.07,2682589
Nouvelle-Zélande,1967,Océanie,3.35,71.44,2723417
Nouvelle-Zélande,1968,Océanie,3.335,71.09,2754522
Nouvelle-Zélande,1969,Océanie,3.273,71.47,2784399
Nouvelle-Zélande,1970,Océanie,3.168,71.22,2822184
Nouvelle-Zélande,1971,Océanie,3.18,71.72,2867168
Nouvelle-Zélande,1972,Océanie,2.998,71.82,2919263
Nouvelle-Zélande,1973,Océanie,2.738,71.67,2978989
Nouvelle-Zélande,1974,Océanie,2.574,71.94,3041223
Nouvelle-Zélande,1975,Océanie,2.357,72.2,3094039
Nouvelle-Zélande,1976,Océanie,2.27,72.4,3126639
Nouvelle-Zélande,1977,Océanie,2.213,72.14,3140129
Nouvelle-Zélande,1978,Océanie,2.077,73.01,3142245
Nouvelle-Zélande,1979,Océanie,2.113,73.05,3141596
Nouvelle-Zélande,1980,Océanie,2.032,72.86,3146325
Nouvelle-Zélande,1981,Océanie,2.011,73.63,3159844
Nouvelle-Zélande,1982,Océanie,1.947,73.72,3185129
Nouvelle-Zélande,1983,Océanie,1.92,73.83,3219281
Nouvelle-Zélande,1984,Océanie,1.928,74.37,3249828
Nouvelle-Zélande,1985,Océanie,1.93,73.88,3268030
Nouvelle-Zélande,1986,Océanie,1.96,74.12,3281510
Nouvelle-Zélande,1987,Océanie,2.029,74.21,3299443
Nouvelle-Zélande,1988,Océanie,2.098,74.48,3316026
Nouvelle-Zélande,1989,Océanie,2.121,74.89,3333822
Nouvelle-Zélande,1990,Océanie,2.167,75.42,3396981
Nouvelle-Zélande,1991,Océanie,2.092,76.08,3480933
Nouvelle-Zélande,1992,Océanie,2.06,76.19,3532246
Nouvelle-Zélande,1993,Océanie,2.038,76.5,3573609
Nouvelle-Zélande,1994,Océanie,1.982,76.92,3621030
Nouvelle-Zélande,1995,Océanie,1.979,76.78,3674434
Nouvelle-Zélande,1996,Océanie,1.961,76.81,3729383
Nouvelle-Zélande,1997,Océanie,1.956,77.34,3776950
Nouvelle-Zélande,1998,Océanie,1.895,78.17,3811376
Nouvelle-Zélande,1999,Océanie,1.966,77.91,3835561
Nouvelle-Zélande,2000,Océanie,1.977,78.67,3857576
Nouvelle-Zélande,2001,Océanie,1.964,78.66,3891763
Nouvelle-Zélande,2002,Océanie,1.892,78.87,3951116
Nouvelle-Zélande,2003,Océanie,1.929,79.14,4022585
Nouvelle-Zélande,2004,Océanie,1.976,79.36,4083912
Nouvelle-Zélande,2005,Océanie,1.961,80.03,4135002
Nouvelle-Zélande,2006,Océanie,2.01,80.02,4181943
Nouvelle-Zélande,2007,Océanie,2.169,80.12,4223270
Nouvelle-Zélande,2008,Océanie,2.187,80.25,4261819
Nouvelle-Zélande,2009,Océanie,2.133,80.55,4304304
Nouvelle-Zélande,2010,Océanie,2.165,81.05,4347766
Nouvelle-Zélande,2011,Océanie,2.096,80.84,4382699
Nouvelle-Zélande,2012,Océanie,2.087,81.17,4411682
Nouvelle-Zélande,2013,Océanie,2.004,81.61,4453857
Nouvelle-Zélande,2014,Océanie,1.925,81.41,4522976
Nouvelle-Zélande,2015,Océanie,1.982,81.59,4614035
Nouvelle-Zélande,2016,Océanie,1.876,82.0,4714768
Nouvelle-Zélande,2017,Océanie,1.811,81.61,4812749
Nouvelle-Zélande,2018,Océanie,1.719,81.88,4900840
Nouvelle-Zélande,2019,Océanie,1.717,81.83,4989410
Nouvelle-Zélande,2020,Océanie,1.63,82.66,5069895
Nouvelle-Zélande,2021,Océanie,1.647,82.3,5107694
Nouvelle-Zélande,2022,Océanie,1.665,81.01,5131731
Nouvelle-Zélande,2023,Océanie,1.667,82.09,5172837
Nouvelle-Zélande,2024,Océanie,1.642,82.25,5213942
Nouvelle-Zélande,2025,Océanie,1.617,82.39,5251897
Oman,1950,Asie,7.261,29.3,456997
Oman,1951,Asie,7.253,29.77,462760
Oman,1952,Asie,7.255,30.23,468831
Oman,1953,Asie,7.251,30.72,475163
Oman,1954,Asie,7.248,31.23,481826
Oman,1955,Asie,7.233,31.78,488811
Oman,1956,Asie,7.226,32.37,496175
Oman,1957,Asie,7.228,32.96,503986
Oman,1958,Asie,7.246,33.75,512341
Oman,1959,Asie,7.253,34.55,521320
Oman,1960,Asie,7.277,35.43,530489
Oman,1961,Asie,7.287,36.39,539859
Oman,1962,Asie,7.318,37.41,549951
Oman,1963,Asie,7.334,38.5,560832
Oman,1964,Asie,7.37,39.63,572586
Oman,1965,Asie,7.391,40.79,585245
Oman,1966,Asie,7.412,41.98,598815
Oman,1967,Asie,7.437,43.18,613318
Oman,1968,Asie,7.462,44.4,628801
Oman,1969,Asie,7.489,45.62,645262
Oman,1970,Asie,7.523,46.64,662691
Oman,1971,Asie,7.558,47.87,681125
Oman,1972,Asie,7.588,48.72,700591
Oman,1973,Asie,7.625,49.96,721182
Oman,1974,Asie,7.672,51.23,746995
Oman,1975,Asie,7.711,52.51,778871
Oman,1976,Asie,7.743,54.45,814703
Oman,1977,Asie,7.781,55.52,855316
Oman,1978,Asie,7.818,57.04,900312
Oman,1979,Asie,7.85,58.33,949122
Oman,1980,Asie,7.887,59.6,1001248
Oman,1981,Asie,7.904,60.8,1057326
Oman,1982,Asie,7.837,62.05,1117686
Oman,1983,Asie,7.748,63.19,1181464
Oman,1984,Asie,7.642,64.27,1247723
Oman,1985,Asie,7.512,65.28,1325489
Oman,1986,Asie,7.352,66.17,1413424
Oman,1987,Asie,7.175,66.98,1501006
Oman,1988,Asie,6.953,67.72,1588573
Oman,1989,Asie,6.717,68.39,1676234
Oman,1990,Asie,6.456,69.01,1763957
Oman,1991,Asie,6.197,69.58,1851476
Oman,1992,Asie,5.919,70.11,1938240
Oman,1993,Asie,5.638,70.61,2021677
Oman,1994,Asie,5.359,71.07,2081839
Oman,1995,Asie,5.067,71.56,2120531
Oman,1996,Asie,4.79,72.02,2156925
Oman,1997,Asie,4.524,72.46,2190726
Oman,1998,Asie,4.274,72.88,2222492
Oman,1999,Asie,4.064,73.28,2252910
Oman,2000,Asie,3.852,73.64,2282139
Oman,2001,Asie,3.662,73.98,2310223
Oman,2002,Asie,3.51,74.28,2337144
Oman,2003,Asie,3.371,74.52,2363801
Oman,2004,Asie,3.2,74.82,2404822
Oman,2005,Asie,3.029,75.07,2459808
Oman,2006,Asie,2.879,75.35,2514794
Oman,2007,Asie,2.761,75.6,2570175
Oman,2008,Asie,2.762,76.12,2626536
Oman,2009,Asie,2.829,76.63,2684665
Oman,2010,Asie,2.973,77.18,2757450
Oman,2011,Asie,2.955,77.74,3076762
Oman,2012,Asie,2.928,78.19,3547104
Oman,2013,Asie,2.954,78.63,3833915
Oman,2014,Asie,2.97,79.03,4002444
Oman,2015,Asie,2.965,79.35,4184898
Oman,2016,Asie,2.949,79.58,4390880
Oman,2017,Asie,2.923,79.75,4537397
Oman,2018,Asie,2.81,79.86,4597878
Oman,2019,Asie,2.696,79.95,4591248
Oman,2020,Asie,2.638,77.76,4522502
Oman,2021,Asie,2.588,75.97,4500429
Oman,2022,Asie,2.449,77.91,4730229
Oman,2023,Asie,2.525,80.03,5049267
Oman,2024,Asie,2.487,80.25,5281542
Oman,2025,Asie,2.45,80.45,5494696
Pakistan,1950,Asie,6.8,34.25,35849256
Pakistan,1951,Asie,6.8,35.38,36581906
Pakistan,1952,Asie,6.8,36.5,37377005
Pakistan,1953,Asie,6.8,37.6,38229661
Pakistan,1954,Asie,6.8,38.6,39137072
Pakistan,1955,Asie,6.8,39.61,40098068
Pakistan,1956,Asie,6.8,40.62,41113927
Pakistan,1957,Asie,6.8,41.55,42185142
Pakistan,1958,Asie,6.8,42.47,43312058
Pakistan,1959,Asie,6.8,43.33,44495164
Pakistan,1960,Asie,6.8,44.1,45709314
Pakistan,1961,Asie,6.8,44.96,46921277
Pakistan,1962,Asie,6.8,45.85,48156130
Pakistan,1963,Asie,6.8,46.76,49447780
Pakistan,1964,Asie,6.8,47.83,50799995
Pakistan,1965,Asie,6.8,48.49,52209015
Pakistan,1966,Asie,6.8,49.8,53678671
Pakistan,1967,Asie,6.8,50.76,55214772
Pakistan,1968,Asie,6.8,51.62,56810512
Pakistan,1969,Asie,6.8,52.32,58460945
Pakistan,1970,Asie,6.801,52.94,60166721
Pakistan,1971,Asie,6.802,49.0,61847896
Pakistan,1972,Asie,6.805,53.82,63583192
Pakistan,1973,Asie,6.808,54.09,65461912
Pakistan,1974,Asie,6.811,54.27,67415487
Pakistan,1975,Asie,6.812,54.72,69461179
Pakistan,1976,Asie,6.808,55.07,71620249
Pakistan,1977,Asie,6.799,55.48,73901831
Pakistan,1978,Asie,6.783,56.07,76307381
Pakistan,1979,Asie,6.761,56.61,78997040
Pakistan,1980,Asie,6.734,57.2,82291008
Pakistan,1981,Asie,6.704,57.76,85802048
Pakistan,1982,Asie,6.674,58.29,89089247
Pakistan,1983,Asie,6.644,58.66,92227711
Pakistan,1984,Asie,6.615,58.92,95164940
Pakistan,1985,Asie,6.585,59.08,98229291
Pakistan,1986,Asie,6.554,59.17,101606770
Pakistan,1987,Asie,6.518,59.22,105130710
Pakistan,1988,Asie,6.476,59.36,108724740
Pakistan,1989,Asie,6.425,59.53,112336634
Pakistan,1990,Asie,6.364,59.73,116155584
Pakistan,1991,Asie,6.291,59.86,120060409
Pakistan,1992,Asie,6.207,59.98,123546855
Pakistan,1993,Asie,6.112,60.08,127020117
Pakistan,1994,Asie,6.008,60.2,130748076
Pakistan,1995,Asie,5.894,60.27,134582255
Pakistan,1996,Asie,5.771,60.47,138557089
Pakistan,1997,Asie,5.642,60.62,142531801
Pakistan,1998,Asie,5.507,61.13,146522354
Pakistan,1999,Asie,5.462,61.54,150565381
Pakistan,2000,Asie,5.352,61.9,154879124
Pakistan,2001,Asie,5.182,62.24,159270910
Pakistan,2002,Asie,5.012,62.56,163222552
Pakistan,2003,Asie,4.894,62.83,167110250
Pakistan,2004,Asie,4.685,63.1,171285999
Pakistan,2005,Asie,4.595,62.42,175453212
Pakistan,2006,Asie,4.589,63.62,179682690
Pakistan,2007,Asie,4.554,63.81,184493231
Pakistan,2008,Asie,4.515,64.0,189499112
Pakistan,2009,Asie,4.465,64.21,194376535
Pakistan,2010,Asie,4.398,64.38,199239048
Pakistan,2011,Asie,4.305,64.66,203746069
Pakistan,2012,Asie,4.204,64.88,207667129
Pakistan,2013,Asie,4.125,65.13,211073979
Pakistan,2014,Asie,4.055,65.37,214264649
Pakistan,2015,Asie,3.988,65.64,217290884
Pakistan,2016,Asie,3.902,65.94,220138863
Pakistan,2017,Asie,3.9,66.22,223273974
Pakistan,2018,Asie,3.855,66.48,226928893
Pakistan,2019,Asie,3.81,66.73,230800908
Pakistan,2020,Asie,3.765,65.7,235001745
Pakistan,2021,Asie,3.72,65.77,239477805
Pakistan,2022,Asie,3.662,67.42,243700667
Pakistan,2023,Asie,3.605,67.65,247504505
Pakistan,2024,Asie,3.558,67.8,251269160
Pakistan,2025,Asie,3.512,67.94,255219560
Panama,1950,Amériques,5.568,55.4,860855
Panama,1951,Amériques,5.615,55.88,882013
Panama,1952,Amériques,5.667,56.36,904460
Panama,1953,Amériques,5.718,56.84,928203
Panama,1954,Amériques,5.725,57.23,953092
Panama,1955,Amériques,5.734,57.48,978971
Panama,1956,Amériques,5.745,57.88,1005877
Panama,1957,Amériques,5.757,58.28,1033915
Panama,1958,Amériques,5.763,58.95,1063168
Panama,1959,Amériques,5.794,59.57,1093804
Panama,1960,Amériques,5.829,60.28,1126004
Panama,1961,Amériques,5.865,60.91,1159880
Panama,1962,Amériques,5.872,61.43,1195311
Panama,1963,Amériques,5.865,61.81,1232136
Panama,1964,Amériques,5.808,62.1,1270068
Panama,1965,Amériques,5.728,62.34,1308840
Panama,1966,Amériques,5.649,62.63,1348390
Panama,1967,Amériques,5.534,62.89,1388630
Panama,1968,Amériques,5.411,63.24,1429452
Panama,1969,Amériques,5.287,63.66,1470888
Panama,1970,Amériques,5.175,64.07,1513071
Panama,1971,Amériques,5.054,64.67,1556079
Panama,1972,Amériques,4.908,65.18,1599721
Panama,1973,Amériques,4.741,65.78,1643696
Panama,1974,Amériques,4.576,66.55,1687932
Panama,1975,Amériques,4.414,67.24,1732393
Panama,1976,Amériques,4.264,67.79,1776943
Panama,1977,Amériques,4.118,68.25,1821550
Panama,1978,Amériques,3.984,68.69,1866317
Panama,1979,Amériques,3.884,69.09,1911555
Panama,1980,Amériques,3.796,69.45,1957543
Panama,1981,Amériques,3.723,69.79,2004424
Panama,1982,Amériques,3.659,69.9,2052278
Panama,1983,Amériques,3.601,70.13,2101107
Panama,1984,Amériques,3.519,70.4,2150781
Panama,1985,Amériques,3.427,70.54,2200921
Panama,1986,Amériques,3.339,70.67,2251331
Panama,1987,Amériques,3.251,70.81,2301979
Panama,1988,Amériques,3.173,70.94,2352856
Panama,1989,Amériques,3.121,70.14,2403821
Panama,1990,Amériques,3.072,71.27,2455588
Panama,1991,Amériques,2.999,71.33,2508273
Panama,1992,Amériques,2.95,71.46,2561342
Panama,1993,Amériques,2.909,71.81,2615099
Panama,1994,Amériques,2.877,71.94,2669545
Panama,1995,Amériques,2.852,71.99,2724555
Panama,1996,Amériques,2.83,72.2,2780228
Panama,1997,Amériques,2.81,72.54,2836702
Panama,1998,Amériques,2.789,72.78,2893918
Panama,1999,Amériques,2.767,73.12,2951820
Panama,2000,Amériques,2.744,73.44,3010376
Panama,2001,Amériques,2.72,73.82,3069545
Panama,2002,Amériques,2.698,74.19,3129343
Panama,2003,Amériques,2.679,74.57,3189813
Panama,2004,Amériques,2.68,74.84,3251158
Panama,2005,Amériques,2.643,75.16,3313024
Panama,2006,Amériques,2.62,75.43,3375024
Panama,2007,Amériques,2.612,75.67,3437490
Panama,2008,Amériques,2.608,75.94,3500646
Panama,2009,Amériques,2.593,76.23,3564383
Panama,2010,Amériques,2.587,76.42,3628537
Panama,2011,Amériques,2.604,76.66,3693509
Panama,2012,Amériques,2.591,76.88,3759261
Panama,2013,Amériques,2.569,77.13,3825333
Panama,2014,Amériques,2.552,77.36,3892100
Panama,2015,Amériques,2.53,77.58,3960034
Panama,2016,Amériques,2.502,77.77,4029085
Panama,2017,Amériques,2.462,77.9,4098704
Panama,2018,Amériques,2.402,78.27,4167860
Panama,2019,Amériques,2.288,78.51,4234698
Panama,2020,Amériques,2.184,76.33,4293258
Panama,2021,Amériques,2.152,77.0,4345410
Panama,2022,Amériques,2.139,79.32,4400775
Panama,2023,Amériques,2.119,79.59,4458758
Panama,2024,Amériques,2.087,79.78,4515576
Panama,2025,Amériques,2.056,79.96,4571194
Pérou,1950,Amériques,6.939,46.03,7677414
Pérou,1951,Amériques,6.942,46.46,7893620
Pérou,1952,Amériques,6.948,46.76,8116670
Pérou,1953,Amériques,6.953,47.1,8344907
Pérou,1954,Amériques,6.957,47.48,8579314
Pérou,1955,Amériques,6.96,47.9,8822015
Pérou,1956,Amériques,6.962,48.38,9073471
Pérou,1957,Amériques,6.962,48.92,9333871
Pérou,1958,Amériques,6.959,49.49,9603649
Pérou,1959,Amériques,6.953,50.04,9883656
Pérou,1960,Amériques,6.941,50.6,10174128
Pérou,1961,Amériques,6.923,51.19,10475126
Pérou,1962,Amériques,6.895,51.53,10784615
Pérou,1963,Amériques,6.858,52.6,11102095
Pérou,1964,Amériques,6.81,53.3,11427988
Pérou,1965,Amériques,6.75,53.87,11761091
Pérou,1966,Amériques,6.68,54.4,12101300
Pérou,1967,Amériques,6.6,54.89,12448815
Pérou,1968,Amériques,6.513,55.38,12803985
Pérou,1969,Amériques,6.418,55.82,13166756
Pérou,1970,Amériques,6.316,47.73,13501237
Pérou,1971,Amériques,6.207,56.49,13838069
Pérou,1972,Amériques,6.091,56.99,14210147
Pérou,1973,Amériques,5.968,57.33,14582864
Pérou,1974,Amériques,5.841,57.77,14956554
Pérou,1975,Amériques,5.709,58.2,15333955
Pérou,1976,Amériques,5.575,58.57,15716814
Pérou,1977,Amériques,5.44,58.9,16109808
Pérou,1978,Amériques,5.305,59.26,16516061
Pérou,1979,Amériques,5.171,59.62,16933143
Pérou,1980,Amériques,5.041,59.98,17360955
Pérou,1981,Amériques,4.915,60.33,17798803
Pérou,1982,Amériques,4.795,60.56,18246506
Pérou,1983,Amériques,4.68,60.76,18705961
Pérou,1984,Amériques,4.568,61.07,19174717
Pérou,1985,Amériques,4.46,61.71,19648212
Pérou,1986,Amériques,4.354,62.15,20117127
Pérou,1987,Amériques,4.247,62.54,20582325
Pérou,1988,Amériques,4.138,62.99,21054704
Pérou,1989,Amériques,4.026,63.41,21532587
Pérou,1990,Amériques,3.912,63.98,22014772
Pérou,1991,Amériques,3.794,64.25,22483784
Pérou,1992,Amériques,3.673,65.03,22946345
Pérou,1993,Amériques,3.552,65.73,23413783
Pérou,1994,Amériques,3.432,66.54,23881497
Pérou,1995,Amériques,3.315,67.22,24348922
Pérou,1996,Amériques,3.203,67.85,24811174
Pérou,1997,Amériques,3.099,68.32,25274149
Pérou,1998,Amériques,3.002,68.72,25738101
Pérou,1999,Amériques,2.917,69.3,26186499
Pérou,2000,Amériques,2.845,69.82,26598328
Pérou,2001,Amériques,2.744,70.31,26964610
Pérou,2002,Amériques,2.693,70.81,27288211
Pérou,2003,Amériques,2.661,71.28,27580485
Pérou,2004,Amériques,2.673,71.45,27852190
Pérou,2005,Amériques,2.643,71.99,28101175
Pérou,2006,Amériques,2.619,72.34,28324488
Pérou,2007,Amériques,2.583,72.75,28530704
Pérou,2008,Amériques,2.528,72.74,28719038
Pérou,2009,Amériques,2.48,72.63,28896819
Pérou,2010,Amériques,2.421,72.89,29086021
Pérou,2011,Amériques,2.413,73.33,29304083
Pérou,2012,Amériques,2.356,73.98,29550367
Pérou,2013,Amériques,2.317,74.59,29817908
Pérou,2014,Amériques,2.271,75.26,30115825
Pérou,2015,Amériques,2.229,75.73,30457598
Pérou,2016,Amériques,2.189,75.95,30866497
Pérou,2017,Amériques,2.152,75.96,31324639
Pérou,2018,Amériques,2.118,76.02,31897590
Pérou,2019,Amériques,2.086,76.28,32449302
Pérou,2020,Amériques,2.056,73.83,32838577
Pérou,2021,Amériques,2.029,71.6,33155883
Pérou,2022,Amériques,2.004,76.83,33475436
Pérou,2023,Amériques,1.98,77.74,33845616
Pérou,2024,Amériques,1.95,77.94,34217850
Pérou,2025,Amériques,1.921,78.12,34576673
Philippines,1950,Asie,7.129,53.58,18849532
Philippines,1951,Asie,7.117,54.08,19568083
Philippines,1952,Asie,7.111,54.7,20328753
Philippines,1953,Asie,7.104,55.4,21132502
Philippines,1954,Asie,7.089,55.99,21982504
Philippines,1955,Asie,7.071,56.6,22880568
Philippines,1956,Asie,7.052,57.25,23825808
Philippines,1957,Asie,7.026,57.79,24815856
Philippines,1958,Asie,7.003,58.31,25842525
Philippines,1959,Asie,7.0,58.74,26907612
Philippines,1960,Asie,6.996,59.17,27891900
Philippines,1961,Asie,6.994,59.47,28792620
Philippines,1962,Asie,6.98,59.76,29723535
Philippines,1963,Asie,6.952,60.02,30674733
Philippines,1964,Asie,6.886,60.13,31643038
Philippines,1965,Asie,6.799,60.41,32625328
Philippines,1966,Asie,6.691,60.62,33617171
Philippines,1967,Asie,6.572,60.8,34621326
Philippines,1968,Asie,6.448,60.92,35638338
Philippines,1969,Asie,6.333,60.98,36660795
Philippines,1970,Asie,6.218,60.83,37622203
Philippines,1971,Asie,6.083,61.06,38518656
Philippines,1972,Asie,5.937,60.91,39408560
Philippines,1973,Asie,5.787,60.74,40294126
Philippines,1974,Asie,5.693,60.82,41174338
Philippines,1975,Asie,5.596,60.9,42120830
Philippines,1976,Asie,5.505,60.87,43201486
Philippines,1977,Asie,5.442,61.43,44367965
Philippines,1978,Asie,5.393,61.53,45575286
Philippines,1979,Asie,5.255,61.73,46807104
Philippines,1980,Asie,5.108,61.88,48043744
Philippines,1981,Asie,4.973,61.94,49311730
Philippines,1982,Asie,4.917,62.17,50695715
Philippines,1983,Asie,4.867,62.35,52194624
Philippines,1984,Asie,4.77,62.43,53726187
Philippines,1985,Asie,4.664,62.73,55213007
Philippines,1986,Asie,4.563,62.88,56645083
Philippines,1987,Asie,4.509,63.3,58157496
Philippines,1988,Asie,4.449,63.71,59739056
Philippines,1989,Asie,4.365,64.11,61265259
Philippines,1990,Asie,4.322,64.38,62854668
Philippines,1991,Asie,4.273,64.62,64382249
Philippines,1992,Asie,4.161,65.35,65926130
Philippines,1993,Asie,4.098,65.66,67530621
Philippines,1994,Asie,4.079,66.0,69019297
Philippines,1995,Asie,4.067,66.31,70546245
Philippines,1996,Asie,4.004,66.69,72190237
Philippines,1997,Asie,3.943,66.99,73908813
Philippines,1998,Asie,3.884,67.21,75791031
Philippines,1999,Asie,3.825,67.5,77753256
Philippines,2000,Asie,3.754,67.79,79625401
Philippines,2001,Asie,3.719,67.83,81401488
Philippines,2002,Asie,3.651,67.89,83068889
Philippines,2003,Asie,3.591,68.05,84731836
Philippines,2004,Asie,3.524,68.3,86394510
Philippines,2005,Asie,3.448,68.42,88015959
Philippines,2006,Asie,3.466,68.17,89508992
Philippines,2007,Asie,3.403,68.55,91075180
Philippines,2008,Asie,3.401,68.64,92699091
Philippines,2009,Asie,3.376,68.63,94384256
Philippines,2010,Asie,3.315,68.88,96337127
Philippines,2011,Asie,3.236,69.1,98248614
Philippines,2012,Asie,3.143,69.24,100175511
Philippines,2013,Asie,3.042,69.28,102076334
Philippines,2014,Asie,2.894,69.31,103767127
Philippines,2015,Asie,2.829,69.45,105312988
Philippines,2016,Asie,2.679,69.49,106735721
Philippines,2017,Asie,2.525,69.97,108119691
Philippines,2018,Asie,2.378,69.76,109465284
Philippines,2019,Asie,2.215,69.68,110804685
Philippines,2020,Asie,2.075,70.1,112081270
Philippines,2021,Asie,1.95,66.67,113100947
Philippines,2022,Asie,1.929,69.47,113964343
Philippines,2023,Asie,1.916,69.83,114891199
Philippines,2024,Asie,1.887,69.95,115843663
Philippines,2025,Asie,1.859,70.07,116786960
Pologne,1950,Europe,3.654,58.33,24780169
Pologne,1951,Europe,3.701,58.86,25222692
Pologne,1952,Europe,3.637,59.69,25672466
Pologne,1953,Europe,3.594,61.31,26126457
Pologne,1954,Europe,3.552,62.28,26590478
Pologne,1955,Europe,3.555,63.06,27063640
Pologne,1956,Europe,3.463,63.43,27535570
Pologne,1957,Europe,3.496,64.44,28076495
Pologne,1958,Europe,3.392,64.89,28643644
Pologne,1959,Europe,3.248,66.41,29132534
Pologne,1960,Europe,3.004,67.08,29575967
Pologne,1961,Europe,2.86,67.8,29979692
Pologne,1962,Europe,2.744,68.04,30338094
Pologne,1963,Europe,2.7,68.32,30674024
Pologne,1964,Europe,2.603,68.94,30993140
Pologne,1965,Europe,2.537,69.39,31288338
Pologne,1966,Europe,2.447,69.66,31568281
Pologne,1967,Europe,2.349,69.9,31828626
Pologne,1968,Europe,2.296,69.84,32078388
Pologne,1969,Europe,2.259,69.84,32322778
Pologne,1970,Europe,2.254,69.56,32542639
Pologne,1971,Europe,2.251,69.83,32771298
Pologne,1972,Europe,2.238,70.14,33041993
Pologne,1973,Europe,2.252,70.7,33333275
Pologne,1974,Europe,2.265,70.66,33642463
Pologne,1975,Europe,2.282,70.63,33964400
Pologne,1976,Europe,2.313,70.4,34296611
Pologne,1977,Europe,2.252,70.33,34628513
Pologne,1978,Europe,2.232,70.38,34934216
Pologne,1979,Europe,2.277,70.25,35248382
Pologne,1980,Europe,2.277,70.48,35576518
Pologne,1981,Europe,2.246,70.61,35900913
Pologne,1982,Europe,2.34,70.92,36233465
Pologne,1983,Europe,2.416,70.81,36573700
Pologne,1984,Europe,2.377,70.6,36905795
Pologne,1985,Europe,2.323,70.53,37200850
Pologne,1986,Europe,2.218,70.55,37452612
Pologne,1987,Europe,2.157,70.77,37665710
Pologne,1988,Europe,2.142,70.82,37817863
Pologne,1989,Europe,2.098,70.82,37938086
Pologne,1990,Europe,2.065,70.61,38055448
Pologne,1991,Europe,2.067,70.65,38152947
Pologne,1992,Europe,1.956,70.9,38233636
Pologne,1993,Europe,1.87,71.34,38294882
Pologne,1994,Europe,1.801,71.68,38344312
Pologne,1995,Europe,1.634,71.96,38364668
Pologne,1996,Europe,1.587,72.25,38359164
Pologne,1997,Europe,1.516,72.59,38348307
Pologne,1998,Europe,1.439,72.85,38326431
Pologne,1999,Europe,1.377,73.22,38287717
Pologne,2000,Europe,1.366,73.64,38258077
Pologne,2001,Europe,1.315,74.18,38247359
Pologne,2002,Europe,1.252,74.52,38229407
Pologne,2003,Europe,1.225,74.77,38203527
Pologne,2004,Europe,1.228,74.94,38167568
Pologne,2005,Europe,1.244,75.13,38124377
Pologne,2006,Europe,1.269,75.25,38071169
Pologne,2007,Europe,1.311,75.41,38020420
Pologne,2008,Europe,1.386,75.58,37995902
Pologne,2009,Europe,1.402,75.91,38002153
Pologne,2010,Europe,1.407,76.28,38095356
Pologne,2011,Europe,1.338,76.57,38208644
Pologne,2012,Europe,1.329,76.78,38247867
Pologne,2013,Europe,1.292,77.08,38259267
Pologne,2014,Europe,1.317,77.31,38265113
Pologne,2015,Europe,1.323,77.59,38266314
Pologne,2016,Europe,1.389,77.64,38263260
Pologne,2017,Europe,1.472,77.72,38254964
Pologne,2018,Europe,1.443,77.62,38241070
Pologne,2019,Europe,1.436,77.92,38225884
Pologne,2020,Europe,1.384,76.59,38171005
Pologne,2021,Europe,1.322,75.64,38040303
Pologne,2022,Europe,1.261,77.92,38385734
Pologne,2023,Europe,1.299,78.63,38762847
Pologne,2024,Europe,1.297,78.81,38539209
Pologne,2025,Europe,1.295,78.98,38140913
Porto Rico,1950,Amériques,5.206,60.37,2229095
Porto Rico,1951,Amériques,5.063,60.27,2247532
Porto Rico,1952,Amériques,4.827,61.79,2263657
Porto Rico,1953,Amériques,4.681,64.47,2277883
Porto Rico,1954,Amériques,4.678,65.6,2291114
Porto Rico,1955,Amériques,4.68,66.28,2303490
Porto Rico,1956,Amériques,4.704,66.37,2314891
Porto Rico,1957,Amériques,4.587,67.11,2324736
Porto Rico,1958,Amériques,4.618,67.24,2333212
Porto Rico,1959,Amériques,4.554,68.07,2342073
Porto Rico,1960,Amériques,4.593,68.63,2363917
Porto Rico,1961,Amériques,4.412,68.53,2401174
Porto Rico,1962,Amériques,4.34,68.86,2441245
Porto Rico,1963,Amériques,4.253,68.73,2480574
Porto Rico,1964,Amériques,4.177,68.24,2519045
Porto Rico,1965,Amériques,4.096,69.29,2556647
Porto Rico,1966,Amériques,3.706,70.22,2593846
Porto Rico,1967,Amériques,3.518,70.7,2630516
Porto Rico,1968,Amériques,3.32,70.57,2665791
Porto Rico,1969,Amériques,3.243,70.51,2698429
Porto Rico,1970,Amériques,3.167,70.35,2734424
Porto Rico,1971,Amériques,3.209,71.08,2777971
Porto Rico,1972,Amériques,3.006,70.81,2824367
Porto Rico,1973,Amériques,2.902,70.95,2871132
Porto Rico,1974,Amériques,2.871,71.32,2918199
Porto Rico,1975,Amériques,2.803,71.96,2966108
Porto Rico,1976,Amériques,2.865,72.08,3014962
Porto Rico,1977,Amériques,2.897,72.4,3064450
Porto Rico,1978,Amériques,2.847,72.53,3114154
Porto Rico,1979,Amériques,2.766,72.72,3165034
Porto Rico,1980,Amériques,2.698,73.1,3213679
Porto Rico,1981,Amériques,2.591,72.98,3256568
Porto Rico,1982,Amériques,2.482,72.95,3295926
Porto Rico,1983,Amériques,2.329,73.38,3332652
Porto Rico,1984,Amériques,2.225,73.43,3367197
Porto Rico,1985,Amériques,2.222,72.63,3399311
Porto Rico,1986,Amériques,2.266,73.27,3428773
Porto Rico,1987,Amériques,2.23,73.4,3457138
Porto Rico,1988,Amériques,2.224,73.15,3485070
Porto Rico,1989,Amériques,2.302,72.48,3512010
Porto Rico,1990,Amériques,2.291,72.83,3541046
Porto Rico,1991,Amériques,2.213,73.88,3573669
Porto Rico,1992,Amériques,2.196,73.39,3606393
Porto Rico,1993,Amériques,2.21,73.31,3637207
Porto Rico,1994,Amériques,2.175,73.62,3666079
Porto Rico,1995,Amériques,2.15,73.57,3693594
Porto Rico,1996,Amériques,2.144,74.0,3719955
Porto Rico,1997,Amériques,2.169,74.67,3745583
Porto Rico,1998,Amériques,2.08,74.56,3770561
Porto Rico,1999,Amériques,2.038,75.28,3794479
Porto Rico,2000,Amériques,2.041,75.51,3809868
Porto Rico,2001,Amériques,1.946,75.97,3813009
Porto Rico,2002,Amériques,1.856,76.82,3810715
Porto Rico,2003,Amériques,1.807,76.94,3806043
Porto Rico,2004,Amériques,1.837,76.91,3798659
Porto Rico,2005,Amériques,1.842,76.7,3788412
Porto Rico,2006,Amériques,1.798,77.56,3776220
Porto Rico,2007,Amériques,1.738,77.66,3763089
Porto Rico,2008,Amériques,1.624,78.11,3749130
Porto Rico,2009,Amériques,1.595,78.38,3735014
Porto Rico,2010,Amériques,1.619,78.72,3714834
Porto Rico,2011,Amériques,1.595,78.77,3683711
Porto Rico,2012,Amériques,1.541,79.26,3646423
Porto Rico,2013,Amériques,1.473,80.32,3606773
Porto Rico,2014,Amériques,1.437,80.04,3565367
Porto Rico,2015,Amériques,1.35,80.68,3521811
Porto Rico,2016,Amériques,1.264,80.36,3476008
Porto Rico,2017,Amériques,1.133,79.07,3371878
Porto Rico,2018,Amériques,1.026,81.09,3290068
Porto Rico,2019,Amériques,0.979,81.44,3288027
Porto Rico,2020,Amériques,0.934,80.01,3275800
Porto Rico,2021,Amériques,0.944,79.77,3253210
Porto Rico,2022,Amériques,0.94,79.43,3240972
Porto Rico,2023,Amériques,0.941,81.69,3242022
Porto Rico,2024,Amériques,0.927,81.9,3242212
Porto Rico,2025,Amériques,0.913,82.08,3235290
Corée du Nord,1950,Asie,4.994,14.2,11116734
Corée du Nord,1951,Asie,2.597,17.66,10583576
Corée du Nord,1952,Asie,2.611,32.79,10253639
Corée du Nord,1953,Asie,3.082,40.26,10177418
Corée du Nord,1954,Asie,3.496,50.63,10242806
Corée du Nord,1955,Asie,3.674,51.77,10403326
Corée du Nord,1956,Asie,3.508,52.78,10600386
Corée du Nord,1957,Asie,4.281,53.68,10854683
Corée du Nord,1958,Asie,4.271,54.48,11163751
Corée du Nord,1959,Asie,3.559,55.17,11452992
Corée du Nord,1960,Asie,3.568,55.81,11722950
Corée du Nord,1961,Asie,3.261,56.41,11990714
Corée du Nord,1962,Asie,3.412,57.0,12262886
Corée du Nord,1963,Asie,3.626,57.58,12567059
Corée du Nord,1964,Asie,3.547,58.17,12889774
Corée du Nord,1965,Asie,3.556,58.78,13219375
Corée du Nord,1966,Asie,3.709,59.42,13569099
Corée du Nord,1967,Asie,4.05,60.09,13958350
Corée du Nord,1968,Asie,3.872,60.76,14365601
Corée du Nord,1969,Asie,3.86,61.41,14767625
Corée du Nord,1970,Asie,3.848,62.05,15172777
Corée du Nord,1971,Asie,3.739,62.66,15572460
Corée du Nord,1972,Asie,3.889,63.25,15975065
Corée du Nord,1973,Asie,3.353,63.82,16350372
Corée du Nord,1974,Asie,3.142,64.33,16673124
Corée du Nord,1975,Asie,3.047,64.83,16971055
Corée du Nord,1976,Asie,2.836,65.33,17243455
Corée du Nord,1977,Asie,2.771,65.81,17492797
Corée du Nord,1978,Asie,2.793,66.29,17736000
Corée du Nord,1979,Asie,2.849,66.75,17983465
Corée du Nord,1980,Asie,2.841,67.21,18236783
Corée du Nord,1981,Asie,2.921,67.66,18501303
Corée du Nord,1982,Asie,2.854,68.09,18776359
Corée du Nord,1983,Asie,2.777,68.5,19054039
Corée du Nord,1984,Asie,2.708,68.88,19335049
Corée du Nord,1985,Asie,2.646,69.23,19620396
Corée du Nord,1986,Asie,2.594,69.54,19910856
Corée du Nord,1987,Asie,2.529,69.77,20205485
Corée du Nord,1988,Asie,2.468,70.05,20503161
Corée du Nord,1989,Asie,2.412,70.27,20804363
Corée du Nord,1990,Asie,2.388,70.48,21112134
Corée du Nord,1991,Asie,2.351,70.72,21428637
Corée du Nord,1992,Asie,2.287,71.01,21750912
Corée du Nord,1993,Asie,2.218,70.79,22073354
Corée du Nord,1994,Asie,2.183,70.47,22393967
Corée du Nord,1995,Asie,2.146,60.77,22669307
Corée du Nord,1996,Asie,2.093,60.82,22895753
Corée du Nord,1997,Asie,2.027,60.87,23110836
Corée du Nord,1998,Asie,1.991,60.89,23311570
Corée du Nord,1999,Asie,1.966,60.91,23497594
Corée du Nord,2000,Asie,1.941,60.91,23665909
Corée du Nord,2001,Asie,1.94,60.89,23815364
Corée du Nord,2002,Asie,1.919,60.88,23943975
Corée du Nord,2003,Asie,1.909,69.4,24090382
Corée du Nord,2004,Asie,1.899,69.29,24254946
Corée du Nord,2005,Asie,1.872,69.17,24396434
Corée du Nord,2006,Asie,1.936,69.06,24524508
Corée du Nord,2007,Asie,1.943,69.02,24646384
Corée du Nord,2008,Asie,1.97,69.3,24764620
Corée du Nord,2009,Asie,1.905,69.7,24878338
Corée du Nord,2010,Asie,1.89,70.25,24987257
Corée du Nord,2011,Asie,1.883,70.77,25097877
Corée du Nord,2012,Asie,1.882,71.32,25211737
Corée du Nord,2013,Asie,1.877,71.87,25329456
Corée du Nord,2014,Asie,1.874,72.45,25451263
Corée du Nord,2015,Asie,1.863,72.83,25575355
Corée du Nord,2016,Asie,1.856,72.97,25698325
Corée du Nord,2017,Asie,1.848,73.03,25817710
Corée du Nord,2018,Asie,1.834,73.02,25931153
Corée du Nord,2019,Asie,1.825,72.93,26037633
Corée du Nord,2020,Asie,1.821,72.78,26136312
Corée du Nord,2021,Asie,1.806,73.44,26232530
Corée du Nord,2022,Asie,1.797,73.64,26328843
Corée du Nord,2023,Asie,1.78,73.64,26418196
Corée du Nord,2024,Asie,1.77,73.74,26498832
Corée du Nord,2025,Asie,1.76,73.86,26571043
Portugal,1950,Europe,3.158,58.48,8418877
Portugal,1951,Europe,3.178,58.75,8474201
Portugal,1952,Europe,3.2,59.76,8523424
Portugal,1953,Europe,3.043,61.08,8572744
Portugal,1954,Europe,2.964,62.2,8616967
Portugal,1955,Europe,3.133,61.41,8662889
Portugal,1956,Europe,3.032,61.17,8704061
Portugal,1957,Europe,3.138,61.39,8743286
Portugal,1958,Europe,3.151,63.72,8792775
Portugal,1959,Europe,3.144,62.92,8840372
Portugal,1960,Europe,3.16,64.15,8873223
Portugal,1961,Europe,3.205,62.8,8888380
Portugal,1962,Europe,3.233,64.32,8895775
Portugal,1963,Europe,3.135,64.93,8898304
Portugal,1964,Europe,3.215,65.12,8895764
Portugal,1965,Europe,3.159,66.09,8889623
Portugal,1966,Europe,3.164,65.61,8872477
Portugal,1967,Europe,3.157,66.46,8845842
Portugal,1968,Europe,3.123,66.81,8809709
Portugal,1969,Europe,3.114,66.39,8754238
Portugal,1970,Europe,3.008,67.06,8669523
Portugal,1971,Europe,2.995,66.85,8685587
Portugal,1972,Europe,2.857,69.16,8815590
Portugal,1973,Europe,2.765,68.6,8939234
Portugal,1974,Europe,2.695,69.12,9059175
Portugal,1975,Europe,2.75,68.84,9182303
Portugal,1976,Europe,2.807,69.1,9310263
Portugal,1977,Europe,2.682,70.34,9438170
Portugal,1978,Europe,2.45,70.8,9556397
Portugal,1979,Europe,2.315,71.61,9663303
Portugal,1980,Europe,2.245,71.66,9763622
Portugal,1981,Europe,2.131,71.89,9837588
Portugal,1982,Europe,2.07,72.7,9885845
Portugal,1983,Europe,1.955,72.65,9925257
Portugal,1984,Europe,1.895,72.93,9956893
Portugal,1985,Europe,1.729,73.22,9979475
Portugal,1986,Europe,1.663,73.65,9993097
Portugal,1987,Europe,1.62,74.06,10001990
Portugal,1988,Europe,1.608,74.09,10004588
Portugal,1989,Europe,1.572,74.67,10001380
Portugal,1990,Europe,1.555,74.3,9989526
Portugal,1991,Europe,1.557,74.24,9969181
Portugal,1992,Europe,1.536,74.87,9960345
Portugal,1993,Europe,1.513,74.76,9972341
Portugal,1994,Europe,1.445,75.73,9998487
Portugal,1995,Europe,1.411,75.55,10031756
Portugal,1996,Europe,1.441,75.48,10067655
Portugal,1997,Europe,1.469,75.92,10110548
Portugal,1998,Europe,1.473,76.12,10159524
Portugal,1999,Europe,1.502,76.32,10214877
Portugal,2000,Europe,1.538,76.83,10283196
Portugal,2001,Europe,1.455,77.15,10354329
Portugal,2002,Europe,1.46,77.37,10413045
Portugal,2003,Europe,1.437,77.58,10454246
Portugal,2004,Europe,1.405,78.43,10481386
Portugal,2005,Europe,1.408,78.32,10502993
Portugal,2006,Europe,1.372,79.09,10524123
Portugal,2007,Europe,1.352,79.31,10546822
Portugal,2008,Europe,1.383,79.6,10564086
Portugal,2009,Europe,1.349,79.83,10576265
Portugal,2010,Europe,1.381,80.11,10578659
Portugal,2011,Europe,1.343,80.58,10557050
Portugal,2012,Europe,1.277,80.56,10513155
Portugal,2013,Europe,1.213,80.9,10458287
Portugal,2014,Europe,1.23,81.31,10406203
Portugal,2015,Europe,1.302,81.32,10370264
Portugal,2016,Europe,1.356,81.36,10346377
Portugal,2017,Europe,1.377,81.66,10330838
Portugal,2018,Europe,1.411,81.59,10325355
Portugal,2019,Europe,1.421,81.96,10343218
Portugal,2020,Europe,1.405,81.37,10370519
Portugal,2021,Europe,1.328,81.4,10390957
Portugal,2022,Europe,1.453,81.19,10417074
Portugal,2023,Europe,1.508,82.36,10430735
Portugal,2024,Europe,1.531,82.55,10425291
Portugal,2025,Europe,1.554,82.72,10411831
Paraguay,1950,Amériques,6.49,58.05,1504351
Paraguay,1951,Amériques,6.493,58.26,1537946
Paraguay,1952,Amériques,6.499,58.37,1572608
Paraguay,1953,Amériques,6.503,58.49,1608308
Paraguay,1954,Amériques,6.506,58.62,1644932
Paraguay,1955,Amériques,6.509,58.81,1682293
Paraguay,1956,Amériques,6.51,59.02,1720418
Paraguay,1957,Amériques,6.511,59.27,1759490
Paraguay,1958,Amériques,6.509,59.56,1799653
Paraguay,1959,Amériques,6.506,59.88,1840972
Paraguay,1960,Amériques,6.5,60.2,1883517
Paraguay,1961,Amériques,6.489,60.52,1927401
Paraguay,1962,Amériques,6.472,60.82,1973136
Paraguay,1963,Amériques,6.447,61.1,2021913
Paraguay,1964,Amériques,6.421,61.37,2073121
Paraguay,1965,Amériques,6.345,61.61,2125179
Paraguay,1966,Amériques,6.231,61.83,2177590
Paraguay,1967,Amériques,6.097,62.02,2229992
Paraguay,1968,Amériques,5.972,62.21,2282394
Paraguay,1969,Amériques,5.837,62.38,2334998
Paraguay,1970,Amériques,5.718,62.55,2388030
Paraguay,1971,Amériques,5.591,62.73,2442540
Paraguay,1972,Amériques,5.458,62.89,2499885
Paraguay,1973,Amériques,5.351,63.06,2561103
Paraguay,1974,Amériques,5.272,63.23,2625622
Paraguay,1975,Amériques,5.177,63.44,2691649
Paraguay,1976,Amériques,5.117,63.65,2758844
Paraguay,1977,Amériques,5.078,63.86,2827876
Paraguay,1978,Amériques,5.036,64.08,2899268
Paraguay,1979,Amériques,5.062,64.3,2973967
Paraguay,1980,Amériques,5.102,64.55,3053239
Paraguay,1981,Amériques,5.153,64.81,3137611
Paraguay,1982,Amériques,5.126,65.08,3226195
Paraguay,1983,Amériques,5.087,65.29,3318075
Paraguay,1984,Amériques,5.037,65.61,3412939
Paraguay,1985,Amériques,4.974,65.89,3510678
Paraguay,1986,Amériques,4.929,66.17,3611474
Paraguay,1987,Amériques,4.847,66.45,3714892
Paraguay,1988,Amériques,4.774,66.71,3820551
Paraguay,1989,Amériques,4.681,66.92,3927802
Paraguay,1990,Amériques,4.565,67.34,4035752
Paraguay,1991,Amériques,4.481,67.68,4144370
Paraguay,1992,Amériques,4.402,67.96,4253608
Paraguay,1993,Amériques,4.282,68.23,4362706
Paraguay,1994,Amériques,4.196,68.5,4471423
Paraguay,1995,Amériques,4.108,68.78,4579803
Paraguay,1996,Amériques,4.014,69.05,4687540
Paraguay,1997,Amériques,3.911,69.28,4794415
Paraguay,1998,Amériques,3.798,69.51,4900028
Paraguay,1999,Amériques,3.67,69.77,5003139
Paraguay,2000,Amériques,3.508,70.03,5100875
Paraguay,2001,Amériques,3.361,70.28,5187690
Paraguay,2002,Amériques,3.233,70.54,5261334
Paraguay,2003,Amériques,3.123,70.8,5326437
Paraguay,2004,Amériques,3.053,71.05,5388181
Paraguay,2005,Amériques,2.973,71.32,5448100
Paraguay,2006,Amériques,2.889,71.58,5505145
Paraguay,2007,Amériques,2.823,71.82,5559385
Paraguay,2008,Amériques,2.792,72.05,5613577
Paraguay,2009,Amériques,2.757,72.28,5671243
Paraguay,2010,Amériques,2.695,72.55,5737973
Paraguay,2011,Amériques,2.667,72.79,5814632
Paraguay,2012,Amériques,2.658,73.11,5897011
Paraguay,2013,Amériques,2.636,73.29,5982447
Paraguay,2014,Amériques,2.646,73.42,6069819
Paraguay,2015,Amériques,2.645,73.45,6159106
Paraguay,2016,Amériques,2.624,73.49,6249129
Paraguay,2017,Amériques,2.591,73.45,6338658
Paraguay,2018,Amériques,2.561,73.63,6427382
Paraguay,2019,Amériques,2.525,73.67,6515059
Paraguay,2020,Amériques,2.497,72.72,6603741
Paraguay,2021,Amériques,2.469,68.11,6684184
Paraguay,2022,Amériques,2.444,72.32,6760460
Paraguay,2023,Amériques,2.422,73.84,6844150
Paraguay,2024,Amériques,2.398,73.98,6929152
Paraguay,2025,Amériques,2.375,74.11,7013079
Palestine,1950,Asie,7.838,45.75,944632
Palestine,1951,Asie,7.841,46.03,952949
Palestine,1952,Asie,7.836,46.3,962311
Palestine,1953,Asie,7.828,46.58,972669
Palestine,1954,Asie,7.829,46.89,984023
Palestine,1955,Asie,7.819,47.21,996392
Palestine,1956,Asie,7.815,47.57,1009756
Palestine,1957,Asie,7.809,47.95,1024139
Palestine,1958,Asie,7.806,48.37,1039533
Palestine,1959,Asie,7.805,48.81,1055901
Palestine,1960,Asie,7.793,49.3,1073080
Palestine,1961,Asie,7.786,49.82,1090936
Palestine,1962,Asie,7.792,50.37,1109345
Palestine,1963,Asie,7.781,50.96,1127471
Palestine,1964,Asie,7.775,51.55,1140674
Palestine,1965,Asie,7.775,52.17,1147310
Palestine,1966,Asie,7.753,52.8,1146403
Palestine,1967,Asie,7.738,50.94,1135820
Palestine,1968,Asie,7.706,54.09,1121753
Palestine,1969,Asie,7.681,54.73,1113086
Palestine,1970,Asie,7.651,55.36,1116285
Palestine,1971,Asie,7.614,56.0,1134114
Palestine,1972,Asie,7.586,56.67,1164753
Palestine,1973,Asie,7.554,57.62,1202261
Palestine,1974,Asie,7.519,57.95,1241133
Palestine,1975,Asie,7.48,58.66,1279321
Palestine,1976,Asie,7.438,59.39,1316398
Palestine,1977,Asie,7.384,60.09,1352720
Palestine,1978,Asie,7.33,60.77,1389501
Palestine,1979,Asie,7.283,61.5,1428122
Palestine,1980,Asie,7.179,62.19,1469058
Palestine,1981,Asie,7.133,62.84,1512710
Palestine,1982,Asie,7.089,63.47,1560995
Palestine,1983,Asie,7.042,64.13,1618780
Palestine,1984,Asie,6.996,64.73,1688613
Palestine,1985,Asie,6.943,65.26,1745262
Palestine,1986,Asie,6.911,65.74,1789315
Palestine,1987,Asie,6.888,66.29,1876764
Palestine,1988,Asie,6.866,66.71,1977311
Palestine,1989,Asie,6.836,67.14,2055617
Palestine,1990,Asie,6.809,67.8,2139065
Palestine,1991,Asie,6.751,68.22,2228955
Palestine,1992,Asie,6.65,68.48,2324698
Palestine,1993,Asie,6.501,68.76,2425066
Palestine,1994,Asie,6.334,69.33,2529164
Palestine,1995,Asie,6.161,69.58,2636554
Palestine,1996,Asie,5.988,69.98,2746830
Palestine,1997,Asie,5.817,70.33,2859581
Palestine,1998,Asie,5.693,70.56,2962895
Palestine,1999,Asie,5.583,70.79,3056256
Palestine,2000,Asie,5.457,70.3,3151800
Palestine,2001,Asie,5.342,69.75,3242286
Palestine,2002,Asie,5.216,70.88,3322369
Palestine,2003,Asie,5.062,70.97,3398071
Palestine,2004,Asie,4.971,71.09,3475178
Palestine,2005,Asie,4.867,72.0,3557406
Palestine,2006,Asie,4.739,71.83,3645096
Palestine,2007,Asie,4.627,72.06,3736694
Palestine,2008,Asie,4.509,72.2,3829039
Palestine,2009,Asie,4.44,72.31,3921245
Palestine,2010,Asie,4.434,73.3,4016918
Palestine,2011,Asie,4.305,73.56,4115912
Palestine,2012,Asie,4.154,73.72,4215318
Palestine,2013,Asie,4.049,74.14,4315263
Palestine,2014,Asie,3.995,72.78,4415887
Palestine,2015,Asie,3.977,74.58,4521564
Palestine,2016,Asie,3.887,74.92,4632743
Palestine,2017,Asie,3.771,75.22,4742747
Palestine,2018,Asie,3.674,75.38,4850593
Palestine,2019,Asie,3.591,75.81,4957773
Palestine,2020,Asie,3.511,75.0,5069692
Palestine,2021,Asie,3.442,73.89,5185341
Palestine,2022,Asie,3.375,76.66,5305274
Palestine,2023,Asie,3.311,65.17,5409201
Palestine,2024,Asie,3.261,69.21,5495447
Palestine,2025,Asie,3.212,73.1,5589632
Qatar,1950,Asie,6.544,50.76,24304
Qatar,1951,Asie,6.543,51.46,25091
Qatar,1952,Asie,6.55,52.14,25911
Qatar,1953,Asie,6.539,52.83,26763
Qatar,1954,Asie,6.546,53.52,27641
Qatar,1955,Asie,6.538,54.21,28558
Qatar,1956,Asie,6.538,54.91,29549
Qatar,1957,Asie,6.531,55.61,30656
Qatar,1958,Asie,6.53,56.33,31991
Qatar,1959,Asie,6.532,57.05,33678
Qatar,1960,Asie,6.531,57.77,36025
Qatar,1961,Asie,6.526,58.5,39701
Qatar,1962,Asie,6.53,59.23,44651
Qatar,1963,Asie,6.527,59.96,50396
Qatar,1964,Asie,6.525,60.7,56882
Qatar,1965,Asie,6.527,61.44,64082
Qatar,1966,Asie,6.521,62.17,72207
Qatar,1967,Asie,6.462,62.88,81455
Qatar,1968,Asie,6.392,63.58,91762
Qatar,1969,Asie,6.311,64.25,103042
Qatar,1970,Asie,6.228,64.89,116370
Qatar,1971,Asie,6.145,65.49,131356
Qatar,1972,Asie,6.073,66.07,146518
Qatar,1973,Asie,6.008,66.63,161854
Qatar,1974,Asie,5.935,67.17,177372
Qatar,1975,Asie,5.861,67.68,193103
Qatar,1976,Asie,5.782,68.17,209067
Qatar,1977,Asie,5.691,68.64,225298
Qatar,1978,Asie,5.577,69.08,241820
Qatar,1979,Asie,5.461,69.51,258678
Qatar,1980,Asie,5.329,69.92,275923
Qatar,1981,Asie,5.196,70.31,293561
Qatar,1982,Asie,5.044,70.7,311544
Qatar,1983,Asie,4.898,71.09,329720
Qatar,1984,Asie,4.756,71.47,347894
Qatar,1985,Asie,4.642,71.83,365950
Qatar,1986,Asie,4.565,72.18,382426
Qatar,1987,Asie,4.539,72.52,397012
Qatar,1988,Asie,4.515,72.84,411273
Qatar,1989,Asie,4.412,73.13,425658
Qatar,1990,Asie,4.23,73.41,440184
Qatar,1991,Asie,3.988,73.65,454860
Qatar,1992,Asie,3.852,73.88,469657
Qatar,1993,Asie,3.765,74.07,484553
Qatar,1994,Asie,3.665,74.25,499469
Qatar,1995,Asie,3.557,74.4,514334
Qatar,1996,Asie,3.444,74.56,529024
Qatar,1997,Asie,3.327,74.71,550511
Qatar,1998,Asie,3.211,74.87,580543
Qatar,1999,Asie,3.117,75.05,612510
Qatar,2000,Asie,3.073,75.25,644993
Qatar,2001,Asie,3.08,75.49,677934
Qatar,2002,Asie,3.011,75.77,711215
Qatar,2003,Asie,2.925,76.1,744690
Qatar,2004,Asie,2.794,76.48,773341
Qatar,2005,Asie,2.635,76.91,825419
Qatar,2006,Asie,2.509,77.32,972841
Qatar,2007,Asie,2.438,77.74,1208601
Qatar,2008,Asie,2.369,78.26,1426942
Qatar,2009,Asie,2.254,78.84,1586052
Qatar,2010,Asie,2.137,79.44,1709238
Qatar,2011,Asie,2.07,79.99,1810960
Qatar,2012,Asie,2.04,80.5,1907122
Qatar,2013,Asie,2.032,80.97,2032650
Qatar,2014,Asie,2.03,81.39,2218378
Qatar,2015,Asie,1.976,81.78,2427340
Qatar,2016,Asie,1.856,82.15,2599382
Qatar,2017,Asie,1.834,82.46,2706716
Qatar,2018,Asie,1.756,82.71,2761144
Qatar,2019,Asie,1.731,82.94,2797927
Qatar,2020,Asie,1.675,80.41,2803375
Qatar,2021,Asie,1.605,81.08,2814988
Qatar,2022,Asie,1.739,81.86,2892466
Qatar,2023,Asie,1.729,82.37,2979086
Qatar,2024,Asie,1.703,82.52,3048429
Qatar,2025,Asie,1.678,82.68,3115891
Roumanie,1950,Europe,3.076,60.51,16397275
Roumanie,1951,Europe,3.052,61.16,16625608
Roumanie,1952,Europe,3.016,61.83,16846051
Roumanie,1953,Europe,2.992,62.47,17057702
Roumanie,1954,Europe,2.993,62.95,17266659
Roumanie,1955,Europe,3.011,63.25,17475271
Roumanie,1956,Europe,2.883,63.63,17691497
Roumanie,1957,Europe,2.711,63.99,17887291
Roumanie,1958,Europe,2.571,64.41,18046126
Roumanie,1959,Europe,2.422,64.93,18187698
Roumanie,1960,Europe,2.318,65.61,18313498
Roumanie,1961,Europe,2.156,66.42,18422521
Roumanie,1962,Europe,2.023,67.21,18511674
Roumanie,1963,Europe,1.987,67.81,18587433
Roumanie,1964,Europe,1.95,68.35,18655407
Roumanie,1965,Europe,1.903,68.39,18713060
Roumanie,1966,Europe,1.874,68.23,18776261
Roumanie,1967,Europe,3.588,68.08,18998561
Roumanie,1968,Europe,3.535,67.95,19361050
Roumanie,1969,Europe,3.112,67.24,19701809
Roumanie,1970,Europe,2.812,67.93,20011626
Roumanie,1971,Europe,2.598,68.41,20293487
Roumanie,1972,Europe,2.479,68.98,20555577
Roumanie,1973,Europe,2.394,68.7,20798323
Roumanie,1974,Europe,2.66,69.52,21033562
Roumanie,1975,Europe,2.595,69.6,21268070
Roumanie,1976,Europe,2.549,69.9,21497684
Roumanie,1977,Europe,2.566,69.47,21700176
Roumanie,1978,Europe,2.522,69.78,21868064
Roumanie,1979,Europe,2.49,69.46,22019627
Roumanie,1980,Europe,2.435,69.25,22154776
Roumanie,1981,Europe,2.354,69.51,22272788
Roumanie,1982,Europe,2.174,69.8,22374447
Roumanie,1983,Europe,2.077,69.82,22459213
Roumanie,1984,Europe,2.251,69.91,22534002
Roumanie,1985,Europe,2.309,69.41,22605815
Roumanie,1986,Europe,2.385,69.72,22674739
Roumanie,1987,Europe,2.38,69.05,22745589
Roumanie,1988,Europe,2.307,69.39,22815435
Roumanie,1989,Europe,2.204,69.55,22887645
Roumanie,1990,Europe,1.837,69.84,22939530
Roumanie,1991,Europe,1.6,70.05,22947416
Roumanie,1992,Europe,1.51,69.51,22912389
Roumanie,1993,Europe,1.437,69.51,22842257
Roumanie,1994,Europe,1.4,69.33,22756247
Roumanie,1995,Europe,1.337,69.32,22657722
Roumanie,1996,Europe,1.301,68.82,22541915
Roumanie,1997,Europe,1.317,69.09,22411511
Roumanie,1998,Europe,1.316,69.89,22284901
Roumanie,1999,Europe,1.304,70.58,22166156
Roumanie,2000,Europe,1.303,71.16,22046264
Roumanie,2001,Europe,1.272,71.12,21919916
Roumanie,2002,Europe,1.27,70.83,21770020
Roumanie,2003,Europe,1.298,70.82,21593448
Roumanie,2004,Europe,1.335,71.1,21403215
Roumanie,2005,Europe,1.394,71.58,21213395
Roumanie,2006,Europe,1.421,72.17,21035732
Roumanie,2007,Europe,1.449,72.79,20870714
Roumanie,2008,Europe,1.581,73.22,20718745
Roumanie,2009,Europe,1.636,73.46,20576922
Roumanie,2010,Europe,1.574,73.58,20432575
Roumanie,2011,Europe,1.475,74.29,20282009
Roumanie,2012,Europe,1.51,74.31,20158451
Roumanie,2013,Europe,1.466,74.92,20062913
Roumanie,2014,Europe,1.56,74.77,19968179
Roumanie,2015,Europe,1.621,74.74,19871018
Roumanie,2016,Europe,1.692,75.02,19777049
Roumanie,2017,Europe,1.77,75.02,19689405
Roumanie,2018,Europe,1.753,75.1,19597874
Roumanie,2019,Europe,1.711,75.33,19501542
Roumanie,2020,Europe,1.726,74.05,19392467
Roumanie,2021,Europe,1.718,72.74,19248159
Roumanie,2022,Europe,1.717,75.26,19166776
Roumanie,2023,Europe,1.713,75.94,19118482
Roumanie,2024,Europe,1.731,76.09,19015096
Roumanie,2025,Europe,1.749,76.25,18908655
Russie,1992,Europe,1.566,67.84,148915993
Russie,1993,Europe,1.393,65.04,148135419
Russie,1994,Europe,1.398,63.82,148200734
Russie,1995,Europe,1.352,63.99,148291406
Russie,1996,Europe,1.289,65.45,148084580
Russie,1997,Europe,1.243,66.59,147853769
Russie,1998,Europe,1.242,66.92,147635543
Russie,1999,Europe,1.183,65.59,147241973
Russie,2000,Europe,1.19,65.0,146717784
Russie,2001,Europe,1.221,65.02,146117290
Russie,2002,Europe,1.287,64.73,145939502
Russie,2003,Europe,1.334,64.72,145794230
Russie,2004,Europe,1.345,65.15,145180091
Russie,2005,Europe,1.299,65.22,144597886
Russie,2006,Europe,1.315,66.55,144102948
Russie,2007,Europe,1.428,67.47,143859767
Russie,2008,Europe,1.517,67.86,143811837
Russie,2009,Europe,1.559,68.66,143869128
Russie,2010,Europe,1.585,68.15,143934468
Russie,2011,Europe,1.601,69.72,144043751
Russie,2012,Europe,1.708,70.12,144291025
Russie,2013,Europe,1.725,70.64,144604105
Russie,2014,Europe,1.766,70.8,144925639
Russie,2015,Europe,1.79,71.34,145307612
Russie,2016,Europe,1.773,71.91,145778668
Russie,2017,Europe,1.627,72.84,146186798
Russie,2018,Europe,1.581,72.94,146430146
Russie,2019,Europe,1.504,73.07,146533063
Russie,2020,Europe,1.505,71.17,146371295
Russie,2021,Europe,1.505,69.81,145836172
Russie,2022,Europe,1.452,72.52,145579889
Russie,2023,Europe,1.449,73.15,145440502
Russie,2024,Europe,1.427,73.34,144820421
Russie,2025,Europe,1.406,73.52,143997393
Rwanda,1950,Afrique,8.152,43.18,2157101
Rwanda,1951,Afrique,8.156,43.47,2236039
Rwanda,1952,Afrique,8.178,43.77,2316516
Rwanda,1953,Afrique,8.198,44.09,2398364
Rwanda,1954,Afrique,8.217,44.43,2482131
Rwanda,1955,Afrique,8.214,44.79,2568303
Rwanda,1956,Afrique,8.231,45.18,2656814
Rwanda,1957,Afrique,8.256,45.61,2747877
Rwanda,1958,Afrique,8.27,46.05,2840135
Rwanda,1959,Afrique,8.288,46.55,2932401
Rwanda,1960,Afrique,8.283,47.02,3022300
Rwanda,1961,Afrique,8.279,47.46,3106786
Rwanda,1962,Afrique,8.271,47.8,3186019
Rwanda,1963,Afrique,8.269,44.0,3258901
Rwanda,1964,Afrique,8.266,48.13,3334835
Rwanda,1965,Afrique,8.249,48.2,3423216
Rwanda,1966,Afrique,8.23,48.08,3521626
Rwanda,1967,Afrique,8.211,47.99,3629585
Rwanda,1968,Afrique,8.187,47.73,3744013
Rwanda,1969,Afrique,8.176,47.44,3861274
Rwanda,1970,Afrique,8.145,47.12,3980673
Rwanda,1971,Afrique,8.092,46.76,4100049
Rwanda,1972,Afrique,8.089,46.34,4220335
Rwanda,1973,Afrique,8.092,45.94,4345045
Rwanda,1974,Afrique,8.102,45.57,4474235
Rwanda,1975,Afrique,8.096,45.32,4607728
Rwanda,1976,Afrique,8.122,45.31,4745962
Rwanda,1977,Afrique,8.138,45.58,4888248
Rwanda,1978,Afrique,8.157,46.16,5035172
Rwanda,1979,Afrique,8.13,47.09,5189550
Rwanda,1980,Afrique,8.115,48.12,5353263
Rwanda,1981,Afrique,8.102,49.22,5527236
Rwanda,1982,Afrique,8.064,50.19,5711555
Rwanda,1983,Afrique,8.001,50.94,5905311
Rwanda,1984,Afrique,7.913,51.45,6107628
Rwanda,1985,Afrique,7.786,51.7,6317230
Rwanda,1986,Afrique,7.612,51.71,6531887
Rwanda,1987,Afrique,7.426,51.47,6749494
Rwanda,1988,Afrique,7.234,50.91,6968075
Rwanda,1989,Afrique,7.029,49.48,7184709
Rwanda,1990,Afrique,6.803,47.76,7375313
Rwanda,1991,Afrique,6.622,46.24,7526964
Rwanda,1992,Afrique,6.539,44.4,7683266
Rwanda,1993,Afrique,6.479,42.94,7981142
Rwanda,1994,Afrique,6.415,12.16,6792358
Rwanda,1995,Afrique,6.345,41.52,5674118
Rwanda,1996,Afrique,6.289,42.49,6708767
Rwanda,1997,Afrique,6.235,41.98,7755237
Rwanda,1998,Afrique,6.171,43.1,8081688
Rwanda,1999,Afrique,6.059,45.75,8147917
Rwanda,2000,Afrique,5.967,47.8,8213936
Rwanda,2001,Afrique,5.893,49.49,8287091
Rwanda,2002,Afrique,5.816,51.26,8400185
Rwanda,2003,Afrique,5.737,53.53,8586878
Rwanda,2004,Afrique,5.64,55.52,8816849
Rwanda,2005,Afrique,5.5,56.97,9054532
Rwanda,2006,Afrique,5.335,58.34,9299251
Rwanda,2007,Afrique,5.141,59.5,9549940
Rwanda,2008,Afrique,4.922,60.64,9804268
Rwanda,2009,Afrique,4.707,61.81,10060438
Rwanda,2010,Afrique,4.522,62.8,10317560
Rwanda,2011,Afrique,4.332,63.48,10573742
Rwanda,2012,Afrique,4.201,64.19,10829904
Rwanda,2013,Afrique,4.136,64.65,11093340
Rwanda,2014,Afrique,4.117,65.09,11364758
Rwanda,2015,Afrique,4.108,65.42,11640026
Rwanda,2016,Afrique,4.106,65.73,11919183
Rwanda,2017,Afrique,4.084,66.14,12202062
Rwanda,2018,Afrique,4.047,66.35,12488000
Rwanda,2019,Afrique,3.985,66.69,12776102
Rwanda,2020,Afrique,3.913,66.95,13065838
Rwanda,2021,Afrique,3.841,66.85,13355260
Rwanda,2022,Afrique,3.778,67.53,13651025
Rwanda,2023,Afrique,3.698,67.78,13954473
Rwanda,2024,Afrique,3.654,68.02,14256573
Rwanda,2025,Afrique,3.611,68.24,14569349
Arabie saoudite,1950,Asie,7.577,40.02,1703280
Arabie saoudite,1951,Asie,7.575,40.55,1763610
Arabie saoudite,1952,Asie,7.576,41.07,1826521
Arabie saoudite,1953,Asie,7.588,41.58,1892173
Arabie saoudite,1954,Asie,7.587,42.09,1960632
Arabie saoudite,1955,Asie,7.592,42.6,2031965
Arabie saoudite,1956,Asie,7.587,43.13,2106234
Arabie saoudite,1957,Asie,7.595,43.66,2183545
Arabie saoudite,1958,Asie,7.603,44.2,2264105
Arabie saoudite,1959,Asie,7.616,44.75,2348014
Arabie saoudite,1960,Asie,7.626,45.31,2435410
Arabie saoudite,1961,Asie,7.634,45.88,2526350
Arabie saoudite,1962,Asie,7.636,46.47,2620915
Arabie saoudite,1963,Asie,7.654,47.09,2719347
Arabie saoudite,1964,Asie,7.672,47.73,2821970
Arabie saoudite,1965,Asie,7.658,48.44,2928780
Arabie saoudite,1966,Asie,7.655,49.19,3039891
Arabie saoudite,1967,Asie,7.658,49.99,3157247
Arabie saoudite,1968,Asie,7.627,50.86,3282707
Arabie saoudite,1969,Asie,7.597,51.77,3417123
Arabie saoudite,1970,Asie,7.583,52.73,3562475
Arabie saoudite,1971,Asie,7.556,53.73,3724039
Arabie saoudite,1972,Asie,7.539,54.74,3905729
Arabie saoudite,1973,Asie,7.484,55.77,4106346
Arabie saoudite,1974,Asie,7.426,56.78,4323639
Arabie saoudite,1975,Asie,7.37,57.78,4556289
Arabie saoudite,1976,Asie,7.33,58.78,4807936
Arabie saoudite,1977,Asie,7.295,59.75,5083043
Arabie saoudite,1978,Asie,7.263,60.69,5381901
Arabie saoudite,1979,Asie,7.227,61.52,5703704
Arabie saoudite,1980,Asie,7.145,62.44,6047997
Arabie saoudite,1981,Asie,7.067,63.25,6420554
Arabie saoudite,1982,Asie,6.979,64.01,6824484
Arabie saoudite,1983,Asie,6.875,64.72,7252947
Arabie saoudite,1984,Asie,6.776,65.39,7697312
Arabie saoudite,1985,Asie,6.649,66.03,8151782
Arabie saoudite,1986,Asie,6.517,66.65,8628639
Arabie saoudite,1987,Asie,6.343,67.24,9130207
Arabie saoudite,1988,Asie,6.15,67.81,9629172
Arabie saoudite,1989,Asie,5.975,68.36,10128397
Arabie saoudite,1990,Asie,5.804,68.87,10640697
Arabie saoudite,1991,Asie,5.644,69.34,11160752
Arabie saoudite,1992,Asie,5.489,69.8,11686682
Arabie saoudite,1993,Asie,5.326,70.21,12215864
Arabie saoudite,1994,Asie,5.161,70.59,12750037
Arabie saoudite,1995,Asie,4.986,70.94,13289246
Arabie saoudite,1996,Asie,4.812,71.29,13831002
Arabie saoudite,1997,Asie,4.656,71.62,14374948
Arabie saoudite,1998,Asie,4.524,71.96,14922188
Arabie saoudite,1999,Asie,4.354,72.29,15472076
Arabie saoudite,2000,Asie,4.206,72.61,16177733
Arabie saoudite,2001,Asie,3.964,72.95,17041405
Arabie saoudite,2002,Asie,3.709,73.3,17910909
Arabie saoudite,2003,Asie,3.465,73.66,18786771
Arabie saoudite,2004,Asie,3.264,74.03,19669486
Arabie saoudite,2005,Asie,3.161,74.4,20559886
Arabie saoudite,2006,Asie,3.176,74.76,21459141
Arabie saoudite,2007,Asie,3.185,75.07,22368313
Arabie saoudite,2008,Asie,3.074,75.3,23287884
Arabie saoudite,2009,Asie,2.95,75.45,24217656
Arabie saoudite,2010,Asie,2.81,75.62,25157134
Arabie saoudite,2011,Asie,2.8,75.81,26105636
Arabie saoudite,2012,Asie,2.78,76.09,27062447
Arabie saoudite,2013,Asie,2.67,76.52,28026825
Arabie saoudite,2014,Asie,2.68,77.12,28998127
Arabie saoudite,2015,Asie,2.63,77.78,29974944
Arabie saoudite,2016,Asie,2.65,78.35,30717804
Arabie saoudite,2017,Asie,2.67,78.72,30782400
Arabie saoudite,2018,Asie,2.67,78.75,30365119
Arabie saoudite,2019,Asie,2.49,78.31,30472809
Arabie saoudite,2020,Asie,2.27,77.6,30991206
Arabie saoudite,2021,Asie,2.17,77.09,31328374
Arabie saoudite,2022,Asie,2.14,77.31,32175351
Arabie saoudite,2023,Asie,2.28,78.73,33264289
Arabie saoudite,2024,Asie,2.246,78.98,33962751
Arabie saoudite,2025,Asie,2.212,79.19,34566327
Sénégal,1950,Afrique,6.787,36.5,2555376
Sénégal,1951,Afrique,6.788,36.91,2619643
Sénégal,1952,Afrique,6.792,37.37,2687011
Sénégal,1953,Afrique,6.801,37.78,2757571
Sénégal,1954,Afrique,6.815,38.17,2831393
Sénégal,1955,Afrique,6.834,38.54,2908512
Sénégal,1956,Afrique,6.858,38.88,2988938
Sénégal,1957,Afrique,6.887,39.12,3072374
Sénégal,1958,Afrique,6.92,39.4,3158762
Sénégal,1959,Afrique,6.957,39.53,3248325
Sénégal,1960,Afrique,6.996,39.67,3340900
Sénégal,1961,Afrique,7.038,39.72,3436379
Sénégal,1962,Afrique,7.079,39.74,3534688
Sénégal,1963,Afrique,7.12,39.74,3635876
Sénégal,1964,Afrique,7.157,39.76,3740540
Sénégal,1965,Afrique,7.19,39.76,3849793
Sénégal,1966,Afrique,7.217,39.85,3964305
Sénégal,1967,Afrique,7.237,39.99,4083872
Sénégal,1968,Afrique,7.251,40.15,4207593
Sénégal,1969,Afrique,7.259,40.4,4334979
Sénégal,1970,Afrique,7.262,40.79,4466330
Sénégal,1971,Afrique,7.261,41.24,4601869
Sénégal,1972,Afrique,7.258,41.77,4741632
Sénégal,1973,Afrique,7.255,42.43,4885181
Sénégal,1974,Afrique,7.252,43.1,5029446
Sénégal,1975,Afrique,7.252,43.94,5170812
Sénégal,1976,Afrique,7.258,44.81,5308567
Sénégal,1977,Afrique,7.268,45.71,5439555
Sénégal,1978,Afrique,7.279,46.6,5568099
Sénégal,1979,Afrique,7.29,47.48,5702899
Sénégal,1980,Afrique,7.292,48.29,5845640
Sénégal,1981,Afrique,7.279,49.08,5997165
Sénégal,1982,Afrique,7.245,49.86,6156963
Sénégal,1983,Afrique,7.189,50.81,6324507
Sénégal,1984,Afrique,7.111,51.69,6499366
Sénégal,1985,Afrique,7.013,52.59,6683296
Sénégal,1986,Afrique,6.902,53.72,6878199
Sénégal,1987,Afrique,6.785,54.63,7081535
Sénégal,1988,Afrique,6.577,55.55,7289622
Sénégal,1989,Afrique,6.479,56.21,7502213
Sénégal,1990,Afrique,6.396,56.67,7720524
Sénégal,1991,Afrique,6.267,57.04,7943091
Sénégal,1992,Afrique,6.149,57.29,8168396
Sénégal,1993,Afrique,6.049,57.35,8396289
Sénégal,1994,Afrique,5.915,57.48,8624077
Sénégal,1995,Afrique,5.819,57.34,8848112
Sénégal,1996,Afrique,5.723,57.13,9067018
Sénégal,1997,Afrique,5.639,57.11,9283505
Sénégal,1998,Afrique,5.581,57.08,9502951
Sénégal,1999,Afrique,5.573,57.31,9730897
Sénégal,2000,Afrique,5.498,57.62,9968262
Sénégal,2001,Afrique,5.397,58.16,10212941
Sénégal,2002,Afrique,5.301,58.91,10466216
Sénégal,2003,Afrique,5.246,59.47,10721176
Sénégal,2004,Afrique,5.192,60.31,10975711
Sénégal,2005,Afrique,5.133,60.98,11235473
Sénégal,2006,Afrique,5.064,61.8,11500094
Sénégal,2007,Afrique,5.018,62.65,11770348
Sénégal,2008,Afrique,5.024,63.2,12048963
Sénégal,2009,Afrique,5.025,63.75,12337390
Sénégal,2010,Afrique,5.055,64.22,12635418
Sénégal,2011,Afrique,5.099,64.8,12958902
Sénégal,2012,Afrique,5.129,65.23,13310499
Sénégal,2013,Afrique,5.049,65.64,13710857
Sénégal,2014,Afrique,4.884,66.0,14152103
Sénégal,2015,Afrique,4.751,66.45,14593335
Sénégal,2016,Afrique,4.648,66.72,15034517
Sénégal,2017,Afrique,4.489,67.06,15475001
Sénégal,2018,Afrique,4.294,67.38,15914495
Sénégal,2019,Afrique,4.1,67.67,16352926
Sénégal,2020,Afrique,4.003,67.5,16789217
Sénégal,2021,Afrique,3.936,66.87,17220866
Sénégal,2022,Afrique,3.864,67.79,17651099
Sénégal,2023,Afrique,3.818,68.68,18077573
Sénégal,2024,Afrique,3.761,68.92,18501988
Sénégal,2025,Afrique,3.704,69.16,18931969
Singapour,1950,Asie,6.225,54.09,1013318
Singapour,1951,Asie,6.253,55.26,1068050
Singapour,1952,Asie,6.286,56.43,1126098
Singapour,1953,Asie,6.321,57.47,1187531
Singapour,1954,Asie,6.346,59.42,1252286
Singapour,1955,Asie,6.375,61.21,1320233
Singapour,1956,Asie,6.444,62.62,1390957
Singapour,1957,Asie,6.404,63.39,1458281
Singapour,1958,Asie,6.316,64.03,1515731
Singapour,1959,Asie,6.121,64.79,1567757
Singapour,1960,Asie,5.765,65.3,1619328
Singapour,1961,Asie,5.418,65.69,1670469
Singapour,1962,Asie,5.216,66.09,1721183
Singapour,1963,Asie,5.159,66.49,1771517
Singapour,1964,Asie,4.971,66.71,1821468
Singapour,1965,Asie,4.667,66.94,1870828
Singapour,1966,Asie,4.452,67.24,1919088
Singapour,1967,Asie,3.914,67.33,1965686
Singapour,1968,Asie,3.528,67.66,2010102
Singapour,1969,Asie,3.222,68.08,2052163
Singapour,1970,Asie,3.068,68.5,2091568
Singapour,1971,Asie,3.02,68.8,2128445
Singapour,1972,Asie,3.031,68.96,2164344
Singapour,1973,Asie,2.782,69.36,2200145
Singapour,1974,Asie,2.351,69.71,2235079
Singapour,1975,Asie,2.08,70.23,2268532
Singapour,1976,Asie,2.09,70.57,2300749
Singapour,1977,Asie,1.826,70.88,2331547
Singapour,1978,Asie,1.787,71.16,2360611
Singapour,1979,Asie,1.789,71.36,2388159
Singapour,1980,Asie,1.739,71.53,2437496
Singapour,1981,Asie,1.711,71.75,2531801
Singapour,1982,Asie,1.672,72.02,2627420
Singapour,1983,Asie,1.54,72.42,2685982
Singapour,1984,Asie,1.54,72.6,2720930
Singapour,1985,Asie,1.533,73.12,2735032
Singapour,1986,Asie,1.347,73.56,2744656
Singapour,1987,Asie,1.487,74.03,2781625
Singapour,1988,Asie,1.75,74.05,2849043
Singapour,1989,Asie,1.527,74.33,2938656
Singapour,1990,Asie,1.583,74.6,3039593
Singapour,1991,Asie,1.495,75.06,3136294
Singapour,1992,Asie,1.485,75.33,3226461
Singapour,1993,Asie,1.498,75.53,3317892
Singapour,1994,Asie,1.471,75.63,3417818
Singapour,1995,Asie,1.443,75.72,3533624
Singapour,1996,Asie,1.424,76.05,3664566
Singapour,1997,Asie,1.372,76.39,3796629
Singapour,1998,Asie,1.261,76.85,3901418
Singapour,1999,Asie,1.239,77.27,3966562
Singapour,2000,Asie,1.342,77.75,4035251
Singapour,2001,Asie,1.186,78.27,4116169
Singapour,2002,Asie,1.172,78.74,4146898
Singapour,2003,Asie,1.081,79.18,4138241
Singapour,2004,Asie,1.071,79.66,4172767
Singapour,2005,Asie,1.072,80.27,4268363
Singapour,2006,Asie,1.068,80.64,4407064
Singapour,2007,Asie,1.069,80.89,4596516
Singapour,2008,Asie,1.044,81.1,4806742
Singapour,2009,Asie,1.002,81.43,4968574
Singapour,2010,Asie,0.934,81.65,5077020
Singapour,2011,Asie,0.964,81.94,5182242
Singapour,2012,Asie,1.027,82.21,5293345
Singapour,2013,Asie,0.949,82.47,5385589
Singapour,2014,Asie,1.003,82.61,5457899
Singapour,2015,Asie,0.977,82.75,5525343
Singapour,2016,Asie,0.943,82.9,5577936
Singapour,2017,Asie,0.936,83.09,5604087
Singapour,2018,Asie,0.948,83.38,5634366
Singapour,2019,Asie,0.942,83.66,5669562
Singapour,2020,Asie,0.942,83.66,5620151
Singapour,2021,Asie,0.944,83.48,5546291
Singapour,2022,Asie,0.943,82.92,5649888
Singapour,2023,Asie,0.943,83.74,5789092
Singapour,2024,Asie,0.937,83.86,5832387
Singapour,2025,Asie,0.93,84.0,5870749
Sierra Leone,1950,Afrique,6.09,28.93,1999628
Sierra Leone,1951,Afrique,6.069,29.29,2023289
Sierra Leone,1952,Afrique,6.034,29.74,2047201
Sierra Leone,1953,Afrique,6.003,30.12,2070818
Sierra Leone,1954,Afrique,6.048,30.52,2095066
Sierra Leone,1955,Afrique,6.073,30.93,2120895
Sierra Leone,1956,Afrique,6.1,31.32,2147980
Sierra Leone,1957,Afrique,6.115,31.77,2176254
Sierra Leone,1958,Afrique,6.129,32.14,2204841
Sierra Leone,1959,Afrique,6.146,32.56,2235024
Sierra Leone,1960,Afrique,6.175,33.09,2268361
Sierra Leone,1961,Afrique,6.205,33.63,2304229
Sierra Leone,1962,Afrique,6.222,34.16,2342241
Sierra Leone,1963,Afrique,6.261,34.7,2382262
Sierra Leone,1964,Afrique,6.294,35.3,2424393
Sierra Leone,1965,Afrique,6.311,35.93,2468669
Sierra Leone,1966,Afrique,6.345,36.64,2514641
Sierra Leone,1967,Afrique,6.383,37.28,2562394
Sierra Leone,1968,Afrique,6.385,37.76,2611535
Sierra Leone,1969,Afrique,6.393,38.23,2661367
Sierra Leone,1970,Afrique,6.411,38.62,2712287
Sierra Leone,1971,Afrique,6.429,39.1,2763230
Sierra Leone,1972,Afrique,6.447,39.51,2814397
Sierra Leone,1973,Afrique,6.473,39.96,2866959
Sierra Leone,1974,Afrique,6.534,40.41,2920466
Sierra Leone,1975,Afrique,6.546,40.99,2974659
Sierra Leone,1976,Afrique,6.553,41.42,3028822
Sierra Leone,1977,Afrique,6.568,41.83,3085359
Sierra Leone,1978,Afrique,6.591,42.19,3145522
Sierra Leone,1979,Afrique,6.582,42.53,3207502
Sierra Leone,1980,Afrique,6.562,42.84,3272097
Sierra Leone,1981,Afrique,6.554,43.09,3338944
Sierra Leone,1982,Afrique,6.563,43.3,3408188
Sierra Leone,1983,Afrique,6.573,43.45,3481644
Sierra Leone,1984,Afrique,6.592,43.56,3558762
Sierra Leone,1985,Afrique,6.592,43.56,3638444
Sierra Leone,1986,Afrique,6.597,43.5,3728381
Sierra Leone,1987,Afrique,6.609,43.75,3829720
Sierra Leone,1988,Afrique,6.588,43.77,3934517
Sierra Leone,1989,Afrique,6.571,43.74,4034038
Sierra Leone,1990,Afrique,6.567,43.72,4196834
Sierra Leone,1991,Afrique,6.553,43.29,4246268
Sierra Leone,1992,Afrique,6.555,43.45,4166368
Sierra Leone,1993,Afrique,6.569,43.43,4157128
Sierra Leone,1994,Afrique,6.557,42.81,4173111
Sierra Leone,1995,Afrique,6.555,42.58,4179178
Sierra Leone,1996,Afrique,6.552,43.53,4199215
Sierra Leone,1997,Afrique,6.531,43.65,4253710
Sierra Leone,1998,Afrique,6.495,42.71,4295783
Sierra Leone,1999,Afrique,6.423,41.96,4318047
Sierra Leone,2000,Afrique,6.355,44.83,4423615
Sierra Leone,2001,Afrique,6.305,45.45,4692715
Sierra Leone,2002,Afrique,6.23,46.17,4971435
Sierra Leone,2003,Afrique,6.087,46.78,5177686
Sierra Leone,2004,Afrique,5.919,47.48,5355715
Sierra Leone,2005,Afrique,5.807,48.31,5501707
Sierra Leone,2006,Afrique,5.737,49.55,5624464
Sierra Leone,2007,Afrique,5.643,50.02,5749353
Sierra Leone,2008,Afrique,5.563,50.69,5894728
Sierra Leone,2009,Afrique,5.448,51.31,6055655
Sierra Leone,2010,Afrique,5.327,51.93,6222715
Sierra Leone,2011,Afrique,5.209,52.59,6387258
Sierra Leone,2012,Afrique,5.064,53.16,6551078
Sierra Leone,2013,Afrique,4.873,54.05,6714057
Sierra Leone,2014,Afrique,4.703,54.28,6876385
Sierra Leone,2015,Afrique,4.548,55.45,7037660
Sierra Leone,2016,Afrique,4.466,56.94,7205339
Sierra Leone,2017,Afrique,4.389,57.76,7379300
Sierra Leone,2018,Afrique,4.294,59.06,7554568
Sierra Leone,2019,Afrique,4.192,59.59,7731994
Sierra Leone,2020,Afrique,4.08,59.69,7912557
Sierra Leone,2021,Afrique,3.978,60.26,8094603
Sierra Leone,2022,Afrique,3.876,61.27,8276809
Sierra Leone,2023,Afrique,3.791,61.79,8460523
Sierra Leone,2024,Afrique,3.734,61.96,8642029
Sierra Leone,2025,Afrique,3.678,62.15,8819796
Salvador,1950,Amériques,6.296,44.2,2183513
Salvador,1951,Amériques,6.319,43.81,2235309
Salvador,1952,Amériques,6.363,44.75,2287960
Salvador,1953,Amériques,6.394,44.99,2341981
Salvador,1954,Amériques,6.43,45.51,2397832
Salvador,1955,Amériques,6.475,46.03,2456598
Salvador,1956,Amériques,6.499,46.56,2518179
Salvador,1957,Amériques,6.536,47.12,2582514
Salvador,1958,Amériques,6.564,47.69,2648670
Salvador,1959,Amériques,6.591,47.97,2717539
Salvador,1960,Amériques,6.618,48.29,2791448
Salvador,1961,Amériques,6.644,48.63,2870022
Salvador,1962,Amériques,6.675,49.0,2949211
Salvador,1963,Amériques,6.69,49.38,3028678
Salvador,1964,Amériques,6.684,49.75,3111893
Salvador,1965,Amériques,6.636,50.21,3199474
Salvador,1966,Amériques,6.565,50.67,3290962
Salvador,1967,Amériques,6.487,50.84,3385192
Salvador,1968,Amériques,6.386,50.84,3480775
Salvador,1969,Amériques,6.278,51.28,3576488
Salvador,1970,Amériques,6.178,51.36,3668799
Salvador,1971,Amériques,6.13,51.66,3757531
Salvador,1972,Amériques,6.032,51.96,3846835
Salvador,1973,Amériques,5.929,52.78,3938073
Salvador,1974,Amériques,5.822,52.89,4029675
Salvador,1975,Amériques,5.705,53.42,4120451
Salvador,1976,Amériques,5.59,54.38,4210312
Salvador,1977,Amériques,5.473,54.05,4301259
Salvador,1978,Amériques,5.357,54.71,4394126
Salvador,1979,Amériques,5.234,53.8,4480389
Salvador,1980,Amériques,5.107,48.59,4540377
Salvador,1981,Amériques,4.986,50.89,4570602
Salvador,1982,Amériques,4.826,53.34,4622478
Salvador,1983,Amériques,4.65,54.37,4707368
Salvador,1984,Amériques,4.478,56.57,4798003
Salvador,1985,Amériques,4.316,58.03,4894703
Salvador,1986,Amériques,4.194,59.33,4992772
Salvador,1987,Amériques,4.175,59.4,5092443
Salvador,1988,Amériques,4.103,59.98,5195828
Salvador,1989,Amériques,4.033,61.25,5298977
Salvador,1990,Amériques,3.964,61.98,5399728
Salvador,1991,Amériques,3.889,62.54,5495081
Salvador,1992,Amériques,3.802,62.94,5585611
Salvador,1993,Amériques,3.691,64.0,5659959
Salvador,1994,Amériques,3.613,64.47,5714138
Salvador,1995,Amériques,3.568,64.9,5762135
Salvador,1996,Amériques,3.482,65.48,5805286
Salvador,1997,Amériques,3.377,66.25,5844578
Salvador,1998,Amériques,3.342,66.66,5880786
Salvador,1999,Amériques,3.217,67.28,5913908
Salvador,2000,Amériques,3.076,67.71,5943363
Salvador,2001,Amériques,2.93,67.97,5968058
Salvador,2002,Amériques,2.775,68.53,5986629
Salvador,2003,Amériques,2.636,68.79,5998597
Salvador,2004,Amériques,2.516,69.3,6004673
Salvador,2005,Amériques,2.44,69.34,6005583
Salvador,2006,Amériques,2.395,69.61,6002321
Salvador,2007,Amériques,2.354,69.82,6009820
Salvador,2008,Amériques,2.291,70.14,6029302
Salvador,2009,Amériques,2.261,70.36,6048284
Salvador,2010,Amériques,2.239,70.91,6068253
Salvador,2011,Amériques,2.224,71.19,6090128
Salvador,2012,Amériques,2.187,71.42,6113977
Salvador,2013,Amériques,2.154,71.22,6138845
Salvador,2014,Amériques,2.126,71.14,6162952
Salvador,2015,Amériques,2.067,70.95,6183675
Salvador,2016,Amériques,1.965,70.91,6200808
Salvador,2017,Amériques,1.896,71.01,6213538
Salvador,2018,Amériques,1.849,71.38,6219803
Salvador,2019,Amériques,1.838,71.72,6222316
Salvador,2020,Amériques,1.819,70.24,6234679
Salvador,2021,Amériques,1.803,69.94,6255780
Salvador,2022,Amériques,1.785,71.97,6280316
Salvador,2023,Amériques,1.775,72.1,6309629
Salvador,2024,Amériques,1.748,72.3,6338197
Salvador,2025,Amériques,1.722,72.52,6365506
Serbie,1992,Europe,1.573,71.63,7859811
Serbie,1993,Europe,1.544,71.88,7849723
Serbie,1994,Europe,1.505,72.3,7837157
Serbie,1995,Europe,1.468,72.73,7823281
Serbie,1996,Europe,1.436,72.92,7807720
Serbie,1997,Europe,1.398,72.95,7789186
Serbie,1998,Europe,1.37,72.3,7765929
Serbie,1999,Europe,1.354,69.99,7734367
Serbie,2000,Europe,1.353,72.33,7694608
Serbie,2001,Europe,1.355,72.28,7651927
Serbie,2002,Europe,1.363,72.6,7616741
Serbie,2003,Europe,1.37,72.72,7590946
Serbie,2004,Europe,1.361,72.87,7565843
Serbie,2005,Europe,1.336,73.11,7539139
Serbie,2006,Europe,1.319,73.39,7511395
Serbie,2007,Europe,1.316,73.72,7482996
Serbie,2008,Europe,1.331,73.9,7454285
Serbie,2009,Europe,1.362,74.11,7425346
Serbie,2010,Europe,1.399,74.38,7395872
Serbie,2011,Europe,1.404,74.72,7364858
Serbie,2012,Europe,1.444,75.09,7324624
Serbie,2013,Europe,1.431,75.35,7276183
Serbie,2014,Europe,1.46,75.48,7227203
Serbie,2015,Europe,1.46,75.65,7177257
Serbie,2016,Europe,1.462,75.74,7126083
Serbie,2017,Europe,1.483,75.79,7073507
Serbie,2018,Europe,1.487,76.04,7020014
Serbie,2019,Europe,1.513,76.06,6966155
Serbie,2020,Europe,1.485,74.51,6907814
Serbie,2021,Europe,1.517,72.85,6835429
Serbie,2022,Europe,1.519,75.48,6791215
Serbie,2023,Europe,1.5,76.77,6773204
Serbie,2024,Europe,1.505,76.94,6736217
Serbie,2025,Europe,1.509,77.14,6689038
Sao Tomé-et-Principe,1950,Afrique,6.227,39.13,60895
Sao Tomé-et-Principe,1951,Afrique,6.218,39.12,61783
Sao Tomé-et-Principe,1952,Afrique,6.202,39.14,62611
Sao Tomé-et-Principe,1953,Afrique,6.191,39.12,63348
Sao Tomé-et-Principe,1954,Afrique,6.185,39.16,64004
Sao Tomé-et-Principe,1955,Afrique,6.184,39.28,64618
Sao Tomé-et-Principe,1956,Afrique,6.187,39.54,65241
Sao Tomé-et-Principe,1957,Afrique,6.195,40.1,65886
Sao Tomé-et-Principe,1958,Afrique,6.208,40.96,66575
Sao Tomé-et-Principe,1959,Afrique,6.223,42.11,67306
Sao Tomé-et-Principe,1960,Afrique,6.242,43.56,68028
Sao Tomé-et-Principe,1961,Afrique,6.263,45.19,68724
Sao Tomé-et-Principe,1962,Afrique,6.284,46.84,69422
Sao Tomé-et-Principe,1963,Afrique,6.306,48.4,70133
Sao Tomé-et-Principe,1964,Afrique,6.327,49.74,70881
Sao Tomé-et-Principe,1965,Afrique,6.349,51.07,71691
Sao Tomé-et-Principe,1966,Afrique,6.371,52.31,72594
Sao Tomé-et-Principe,1967,Afrique,6.394,53.45,73610
Sao Tomé-et-Principe,1968,Afrique,6.419,54.49,74783
Sao Tomé-et-Principe,1969,Afrique,6.444,55.4,76096
Sao Tomé-et-Principe,1970,Afrique,6.468,56.27,77639
Sao Tomé-et-Principe,1971,Afrique,6.49,56.97,79351
Sao Tomé-et-Principe,1972,Afrique,6.51,57.45,81061
Sao Tomé-et-Principe,1973,Afrique,6.525,57.9,82816
Sao Tomé-et-Principe,1974,Afrique,6.534,58.26,84685
Sao Tomé-et-Principe,1975,Afrique,6.534,58.56,86722
Sao Tomé-et-Principe,1976,Afrique,6.524,58.78,88939
Sao Tomé-et-Principe,1977,Afrique,6.504,58.98,91316
Sao Tomé-et-Principe,1978,Afrique,6.473,59.14,93809
Sao Tomé-et-Principe,1979,Afrique,6.434,59.27,96266
Sao Tomé-et-Principe,1980,Afrique,6.386,59.36,98563
Sao Tomé-et-Principe,1981,Afrique,6.333,59.43,100629
Sao Tomé-et-Principe,1982,Afrique,6.276,59.53,102528
Sao Tomé-et-Principe,1983,Afrique,6.217,59.68,104397
Sao Tomé-et-Principe,1984,Afrique,6.158,59.89,106410
Sao Tomé-et-Principe,1985,Afrique,6.101,60.14,108669
Sao Tomé-et-Principe,1986,Afrique,6.046,57.6,111163
Sao Tomé-et-Principe,1987,Afrique,5.992,60.66,113934
Sao Tomé-et-Principe,1988,Afrique,5.938,60.81,116955
Sao Tomé-et-Principe,1989,Afrique,5.884,59.73,119990
Sao Tomé-et-Principe,1990,Afrique,5.828,60.71,122993
Sao Tomé-et-Principe,1991,Afrique,5.769,60.79,125711
Sao Tomé-et-Principe,1992,Afrique,5.704,60.71,128127
Sao Tomé-et-Principe,1993,Afrique,5.635,60.62,130478
Sao Tomé-et-Principe,1994,Afrique,5.562,60.55,132745
Sao Tomé-et-Principe,1995,Afrique,5.554,60.54,134905
Sao Tomé-et-Principe,1996,Afrique,5.474,60.58,136974
Sao Tomé-et-Principe,1997,Afrique,5.396,60.65,138935
Sao Tomé-et-Principe,1998,Afrique,5.304,60.78,140765
Sao Tomé-et-Principe,1999,Afrique,5.228,60.98,142459
Sao Tomé-et-Principe,2000,Afrique,5.157,61.21,144029
Sao Tomé-et-Principe,2001,Afrique,5.097,61.5,146386
Sao Tomé-et-Principe,2002,Afrique,5.062,61.83,149932
Sao Tomé-et-Principe,2003,Afrique,5.013,62.16,153824
Sao Tomé-et-Principe,2004,Afrique,4.962,62.56,157721
Sao Tomé-et-Principe,2005,Afrique,4.939,62.43,161650
Sao Tomé-et-Principe,2006,Afrique,4.933,63.04,165651
Sao Tomé-et-Principe,2007,Afrique,4.957,63.34,169709
Sao Tomé-et-Principe,2008,Afrique,4.906,63.45,173808
Sao Tomé-et-Principe,2009,Afrique,4.838,63.67,177866
Sao Tomé-et-Principe,2010,Afrique,4.769,63.87,181810
Sao Tomé-et-Principe,2011,Afrique,4.718,64.12,185665
Sao Tomé-et-Principe,2012,Afrique,4.664,64.5,189452
Sao Tomé-et-Principe,2013,Afrique,4.584,64.93,193158
Sao Tomé-et-Principe,2014,Afrique,4.485,65.48,196780
Sao Tomé-et-Principe,2015,Afrique,4.354,66.02,200308
Sao Tomé-et-Principe,2016,Afrique,4.203,66.56,203702
Sao Tomé-et-Principe,2017,Afrique,4.069,67.07,206986
Sao Tomé-et-Principe,2018,Afrique,3.977,67.6,210198
Sao Tomé-et-Principe,2019,Afrique,3.9,68.04,213405
Sao Tomé-et-Principe,2020,Afrique,3.827,67.98,217450
Sao Tomé-et-Principe,2021,Afrique,3.759,68.03,221975
Sao Tomé-et-Principe,2022,Afrique,3.695,69.24,226313
Sao Tomé-et-Principe,2023,Afrique,3.644,69.72,230882
Sao Tomé-et-Principe,2024,Afrique,3.589,69.91,235548
Sao Tomé-et-Principe,2025,Afrique,3.535,70.08,240263
Slovaquie,1993,Europe,1.859,71.88,5326363
Slovaquie,1994,Europe,1.666,72.33,5343230
Slovaquie,1995,Europe,1.523,72.25,5354287
Slovaquie,1996,Europe,1.469,72.74,5362430
Slovaquie,1997,Europe,1.428,72.69,5369781
Slovaquie,1998,Europe,1.376,72.57,5374801
Slovaquie,1999,Europe,1.331,72.96,5378105
Slovaquie,2000,Europe,1.293,73.14,5380001
Slovaquie,2001,Europe,1.202,73.57,5379439
Slovaquie,2002,Europe,1.185,73.77,5377685
Slovaquie,2003,Europe,1.204,73.82,5376197
Slovaquie,2004,Europe,1.246,74.22,5376038
Slovaquie,2005,Europe,1.262,74.16,5376697
Slovaquie,2006,Europe,1.254,74.42,5376847
Slovaquie,2007,Europe,1.27,74.5,5376993
Slovaquie,2008,Europe,1.342,74.86,5379127
Slovaquie,2009,Europe,1.433,75.22,5385074
Slovaquie,2010,Europe,1.43,75.5,5391857
Slovaquie,2011,Europe,1.445,76.02,5398105
Slovaquie,2012,Europe,1.394,76.18,5404877
Slovaquie,2013,Europe,1.396,76.51,5410422
Slovaquie,2014,Europe,1.422,76.85,5415238
Slovaquie,2015,Europe,1.403,76.65,5420278
Slovaquie,2016,Europe,1.478,77.22,5427262
Slovaquie,2017,Europe,1.521,77.22,5435702
Slovaquie,2018,Europe,1.545,77.27,5443229
Slovaquie,2019,Europe,1.566,77.69,5450627
Slovaquie,2020,Europe,1.591,76.86,5455028
Slovaquie,2021,Europe,1.631,74.59,5442766
Slovaquie,2022,Europe,1.56,77.04,5473195
Slovaquie,2023,Europe,1.56,78.34,5518057
Slovaquie,2024,Europe,1.576,78.49,5506759
Slovaquie,2025,Europe,1.592,78.65,5474874
Slovénie,1992,Europe,1.334,73.42,1995862
Slovénie,1993,Europe,1.329,73.58,1990815
Slovénie,1994,Europe,1.315,73.91,1988262
Slovénie,1995,Europe,1.288,74.42,1988098
Slovénie,1996,Europe,1.279,74.8,1986792
Slovénie,1997,Europe,1.247,74.99,1984404
Slovénie,1998,Europe,1.231,75.14,1980071
Slovénie,1999,Europe,1.212,75.45,1981198
Slovénie,2000,Europe,1.253,75.83,1986817
Slovénie,2001,Europe,1.208,76.18,1989684
Slovénie,2002,Europe,1.21,76.32,1991571
Slovénie,2003,Europe,1.203,76.32,1992499
Slovénie,2004,Europe,1.248,76.93,1993548
Slovénie,2005,Europe,1.263,77.5,1996915
Slovénie,2006,Europe,1.317,77.82,2003116
Slovénie,2007,Europe,1.386,78.28,2014159
Slovénie,2008,Europe,1.529,78.59,2025090
Slovénie,2009,Europe,1.538,79.03,2035610
Slovénie,2010,Europe,1.579,79.3,2044611
Slovénie,2011,Europe,1.57,79.59,2048805
Slovénie,2012,Europe,1.587,79.77,2053322
Slovénie,2013,Europe,1.553,80.09,2056452
Slovénie,2014,Europe,1.581,80.25,2058395
Slovénie,2015,Europe,1.576,80.5,2059946
Slovénie,2016,Europe,1.587,80.51,2061379
Slovénie,2017,Europe,1.622,80.62,2062410
Slovénie,2018,Europe,1.606,80.86,2069484
Slovénie,2019,Europe,1.611,81.01,2083438
Slovénie,2020,Europe,1.594,80.36,2102421
Slovénie,2021,Europe,1.64,80.43,2113495
Slovénie,2022,Europe,1.568,80.79,2115231
Slovénie,2023,Europe,1.576,81.6,2118394
Slovénie,2024,Europe,1.575,81.78,2118692
Slovénie,2025,Europe,1.575,81.94,2117070
Suède,1950,Europe,2.286,71.14,7016565
Suède,1951,Europe,2.212,71.36,7072885
Suède,1952,Europe,2.232,71.84,7124674
Suède,1953,Europe,2.253,71.9,7171426
Suède,1954,Europe,2.182,72.35,7213463
Suède,1955,Europe,2.248,72.59,7262328
Suède,1956,Europe,2.286,72.66,7315521
Suède,1957,Europe,2.28,72.49,7366882
Suède,1958,Europe,2.25,73.15,7414351
Suède,1959,Europe,2.226,73.37,7453562
Suède,1960,Europe,2.17,73.04,7484597
Suède,1961,Europe,2.202,73.49,7519996
Suède,1962,Europe,2.236,73.35,7561517
Suède,1963,Europe,2.315,73.53,7604207
Suède,1964,Europe,2.448,73.7,7661190
Suède,1965,Europe,2.401,73.87,7733011
Suède,1966,Europe,2.356,74.1,7805585
Suède,1967,Europe,2.266,74.15,7866403
Suède,1968,Europe,2.074,74.0,7912123
Suède,1969,Europe,1.931,74.11,7968013
Suède,1970,Europe,1.921,74.66,8042783
Suède,1971,Europe,1.957,74.6,8098104
Suède,1972,Europe,1.91,74.7,8122426
Suède,1973,Europe,1.868,74.86,8137166
Suède,1974,Europe,1.867,74.97,8160636
Suède,1975,Europe,1.767,74.98,8192641
Suède,1976,Europe,1.682,74.97,8222392
Suède,1977,Europe,1.64,75.39,8251699
Suède,1978,Europe,1.601,75.48,8275793
Suède,1979,Europe,1.65,75.52,8293749
Suède,1980,Europe,1.672,75.74,8310470
Suède,1981,Europe,1.633,76.04,8320460
Suède,1982,Europe,1.618,76.35,8325179
Suède,1983,Europe,1.613,76.58,8328915
Suède,1984,Europe,1.655,76.84,8336482
Suède,1985,Europe,1.734,76.69,8350249
Suède,1986,Europe,1.795,76.95,8369681
Suède,1987,Europe,1.844,77.11,8397651
Suède,1988,Europe,1.956,77.0,8436358
Suède,1989,Europe,2.015,77.65,8492821
Suède,1990,Europe,2.121,77.59,8558571
Suède,1991,Europe,2.109,77.73,8616955
Suède,1992,Europe,2.078,78.07,8667576
Suède,1993,Europe,1.987,78.14,8718038
Suède,1994,Europe,1.878,78.75,8780190
Suède,1995,Europe,1.73,78.82,8826298
Suède,1996,Europe,1.6,79.05,8840330
Suède,1997,Europe,1.527,79.27,8845525
Suède,1998,Europe,1.506,79.42,8850606
Suède,1999,Europe,1.501,79.51,8857691
Suède,2000,Europe,1.542,79.74,8872099
Suède,2001,Europe,1.569,79.84,8896018
Suède,2002,Europe,1.648,79.94,8925045
Suède,2003,Europe,1.712,80.19,8958434
Suède,2004,Europe,1.751,80.55,8993805
Suède,2005,Europe,1.772,80.62,9029771
Suède,2006,Europe,1.848,80.83,9080628
Suède,2007,Europe,1.877,80.97,9148280
Suède,2008,Europe,1.905,81.14,9219903
Suède,2009,Europe,1.932,81.36,9298738
Suède,2010,Europe,1.973,81.52,9378234
Suède,2011,Europe,1.902,81.76,9449263
Suède,2012,Europe,1.9,81.73,9519477
Suède,2013,Europe,1.885,81.94,9600620
Suède,2014,Europe,1.876,82.22,9696438
Suède,2015,Europe,1.847,82.18,9799483
Suède,2016,Europe,1.846,82.34,9923281
Suède,2017,Europe,1.785,82.44,10057864
Suède,2018,Europe,1.754,82.53,10175400
Suède,2019,Europe,1.709,83.05,10279120
Suède,2020,Europe,1.671,82.43,10353682
Suède,2021,Europe,1.668,83.02,10416134
Suède,2022,Europe,1.538,83.05,10487335
Suède,2023,Europe,1.43,83.26,10551493
Suède,2024,Europe,1.409,83.42,10606993
Suède,2025,Europe,1.387,83.58,10656636
Eswatini,1950,Afrique,6.732,43.44,271670
Eswatini,1951,Afrique,6.721,43.74,278618
Eswatini,1952,Afrique,6.702,44.01,285637
Eswatini,1953,Afrique,6.689,44.28,292742
Eswatini,1954,Afrique,6.682,44.59,299943
Eswatini,1955,Afrique,6.682,44.85,307222
Eswatini,1956,Afrique,6.687,45.11,314620
Eswatini,1957,Afrique,6.697,45.43,322131
Eswatini,1958,Afrique,6.712,45.75,329770
Eswatini,1959,Afrique,6.731,46.09,337521
Eswatini,1960,Afrique,6.752,46.39,345339
Eswatini,1961,Afrique,6.774,46.75,353265
Eswatini,1962,Afrique,6.794,47.15,361376
Eswatini,1963,Afrique,6.804,47.47,369768
Eswatini,1964,Afrique,6.789,47.92,378660
Eswatini,1965,Afrique,6.794,48.43,388342
Eswatini,1966,Afrique,6.802,48.99,398773
Eswatini,1967,Afrique,6.766,49.53,409044
Eswatini,1968,Afrique,6.761,50.08,419154
Eswatini,1969,Afrique,6.761,50.64,429884
Eswatini,1970,Afrique,6.749,51.21,441223
Eswatini,1971,Afrique,6.739,51.78,453192
Eswatini,1972,Afrique,6.722,52.35,465791
Eswatini,1973,Afrique,6.715,52.99,479043
Eswatini,1974,Afrique,6.71,53.66,493004
Eswatini,1975,Afrique,6.707,54.4,507675
Eswatini,1976,Afrique,6.701,55.17,523339
Eswatini,1977,Afrique,6.676,55.97,540353
Eswatini,1978,Afrique,6.647,56.78,558446
Eswatini,1979,Afrique,6.607,57.54,577208
Eswatini,1980,Afrique,6.574,58.23,596657
Eswatini,1981,Afrique,6.539,58.79,616816
Eswatini,1982,Afrique,6.491,59.47,637656
Eswatini,1983,Afrique,6.432,58.42,658958
Eswatini,1984,Afrique,6.36,60.44,680790
Eswatini,1985,Afrique,6.282,61.16,706204
Eswatini,1986,Afrique,6.106,61.6,734736
Eswatini,1987,Afrique,5.902,61.9,763812
Eswatini,1988,Afrique,5.693,61.93,799806
Eswatini,1989,Afrique,5.479,61.67,837810
Eswatini,1990,Afrique,5.295,61.17,872436
Eswatini,1991,Afrique,5.132,60.39,908193
Eswatini,1992,Afrique,4.981,59.28,943426
Eswatini,1993,Afrique,4.815,58.09,971327
Eswatini,1994,Afrique,4.662,56.64,971221
Eswatini,1995,Afrique,4.523,55.08,970439
Eswatini,1996,Afrique,4.378,53.3,989847
Eswatini,1997,Afrique,4.235,51.7,1006647
Eswatini,1998,Afrique,4.125,50.07,1019657
Eswatini,1999,Afrique,4.089,48.81,1030785
Eswatini,2000,Afrique,4.03,47.63,1041428
Eswatini,2001,Afrique,3.944,46.34,1051066
Eswatini,2002,Afrique,3.854,45.38,1059456
Eswatini,2003,Afrique,3.796,44.63,1066706
Eswatini,2004,Afrique,3.76,43.91,1073170
Eswatini,2005,Afrique,3.704,43.96,1079022
Eswatini,2006,Afrique,3.632,44.56,1084442
Eswatini,2007,Afrique,3.58,45.16,1090713
Eswatini,2008,Afrique,3.567,45.85,1098098
Eswatini,2009,Afrique,3.504,46.91,1105158
Eswatini,2010,Afrique,3.375,48.33,1111651
Eswatini,2011,Afrique,3.317,49.06,1117845
Eswatini,2012,Afrique,3.266,50.71,1123870
Eswatini,2013,Afrique,3.237,52.11,1130000
Eswatini,2014,Afrique,3.181,53.49,1136305
Eswatini,2015,Afrique,3.122,54.94,1142822
Eswatini,2016,Afrique,3.068,56.23,1149516
Eswatini,2017,Afrique,3.018,57.57,1158198
Eswatini,2018,Afrique,2.971,58.71,1168933
Eswatini,2019,Afrique,2.925,59.85,1179885
Eswatini,2020,Afrique,2.888,59.86,1192734
Eswatini,2021,Afrique,2.841,58.23,1206598
Eswatini,2022,Afrique,2.801,63.03,1218921
Eswatini,2023,Afrique,2.753,64.12,1230507
Eswatini,2024,Afrique,2.712,64.26,1242829
Eswatini,2025,Afrique,2.671,64.4,1256178
Seychelles,1950,Afrique,4.81,57.82,38306
Seychelles,1951,Afrique,4.837,58.04,38702
Seychelles,1952,Afrique,4.881,58.36,39010
Seychelles,1953,Afrique,4.929,58.69,39334
Seychelles,1954,Afrique,5.019,59.0,39703
Seychelles,1955,Afrique,5.108,59.39,40126
Seychelles,1956,Afrique,5.162,59.81,40617
Seychelles,1957,Afrique,5.203,60.17,41198
Seychelles,1958,Afrique,5.251,60.35,41823
Seychelles,1959,Afrique,5.302,60.42,42487
Seychelles,1960,Afrique,5.313,60.49,43249
Seychelles,1961,Afrique,5.422,60.58,44133
Seychelles,1962,Afrique,5.513,60.67,45088
Seychelles,1963,Afrique,5.606,60.91,46099
Seychelles,1964,Afrique,5.694,61.15,47164
Seychelles,1965,Afrique,5.716,61.44,48295
Seychelles,1966,Afrique,6.126,61.68,49476
Seychelles,1967,Afrique,5.895,62.07,50686
Seychelles,1968,Afrique,5.614,62.64,51904
Seychelles,1969,Afrique,5.479,63.27,53104
Seychelles,1970,Afrique,5.307,63.98,54276
Seychelles,1971,Afrique,5.689,64.64,55534
Seychelles,1972,Afrique,5.155,65.35,56913
Seychelles,1973,Afrique,4.784,65.93,58320
Seychelles,1974,Afrique,5.099,66.43,59765
Seychelles,1975,Afrique,4.752,66.85,61236
Seychelles,1976,Afrique,4.086,67.22,62762
Seychelles,1977,Afrique,3.754,67.59,64117
Seychelles,1978,Afrique,3.919,67.94,65008
Seychelles,1979,Afrique,3.66,68.24,65625
Seychelles,1980,Afrique,3.79,68.49,66281
Seychelles,1981,Afrique,3.665,68.73,66974
Seychelles,1982,Afrique,3.131,69.0,67666
Seychelles,1983,Afrique,3.218,69.26,68379
Seychelles,1984,Afrique,3.24,69.47,69103
Seychelles,1985,Afrique,3.091,69.62,69837
Seychelles,1986,Afrique,3.074,69.77,70582
Seychelles,1987,Afrique,2.922,69.89,71358
Seychelles,1988,Afrique,2.789,69.99,72229
Seychelles,1989,Afrique,2.671,70.07,73142
Seychelles,1990,Afrique,2.607,70.17,74000
Seychelles,1991,Afrique,2.692,70.26,74838
Seychelles,1992,Afrique,2.526,70.35,75630
Seychelles,1993,Afrique,2.582,70.42,76420
Seychelles,1994,Afrique,2.597,70.5,77279
Seychelles,1995,Afrique,2.361,70.63,78144
Seychelles,1996,Afrique,2.311,70.8,78901
Seychelles,1997,Afrique,2.137,70.76,79670
Seychelles,1998,Afrique,2.037,71.09,80738
Seychelles,1999,Afrique,2.045,71.21,82033
Seychelles,2000,Afrique,2.066,71.31,83339
Seychelles,2001,Afrique,1.983,71.43,84621
Seychelles,2002,Afrique,2.027,71.55,85878
Seychelles,2003,Afrique,2.046,71.68,87056
Seychelles,2004,Afrique,2.036,71.71,88175
Seychelles,2005,Afrique,2.182,71.92,89288
Seychelles,2006,Afrique,2.103,72.05,90391
Seychelles,2007,Afrique,2.225,72.16,91483
Seychelles,2008,Afrique,2.319,72.32,92563
Seychelles,2009,Afrique,2.371,72.41,93644
Seychelles,2010,Afrique,2.2,72.48,94993
Seychelles,2011,Afrique,2.367,72.51,97041
Seychelles,2012,Afrique,2.407,72.49,99565
Seychelles,2013,Afrique,2.182,72.43,102108
Seychelles,2014,Afrique,2.161,72.36,104663
Seychelles,2015,Afrique,2.217,72.28,107247
Seychelles,2016,Afrique,2.295,72.25,109836
Seychelles,2017,Afrique,2.313,72.23,112443
Seychelles,2018,Afrique,2.291,72.18,115053
Seychelles,2019,Afrique,2.262,72.12,117662
Seychelles,2020,Afrique,2.227,74.09,120299
Seychelles,2021,Afrique,2.199,71.22,123000
Seychelles,2022,Afrique,2.166,71.25,125533
Seychelles,2023,Afrique,2.133,72.86,127961
Seychelles,2024,Afrique,2.13,72.99,130436
Seychelles,2025,Afrique,2.127,73.14,132796
Syrie,1950,Asie,7.618,42.45,3612085
Syrie,1951,Asie,7.629,43.45,3684867
Syrie,1952,Asie,7.63,44.34,3765240
Syrie,1953,Asie,7.626,45.33,3852829
Syrie,1954,Asie,7.63,46.35,3947873
Syrie,1955,Asie,7.634,47.4,4050600
Syrie,1956,Asie,7.594,48.49,4160633
Syrie,1957,Asie,7.557,49.58,4277735
Syrie,1958,Asie,7.512,50.67,4401997
Syrie,1959,Asie,7.506,51.72,4533776
Syrie,1960,Asie,7.505,52.72,4673502
Syrie,1961,Asie,7.502,53.65,4815459
Syrie,1962,Asie,7.51,54.57,4959340
Syrie,1963,Asie,7.511,55.39,5110471
Syrie,1964,Asie,7.525,56.17,5269094
Syrie,1965,Asie,7.532,56.9,5435268
Syrie,1966,Asie,7.552,57.55,5609050
Syrie,1967,Asie,7.556,58.05,5790195
Syrie,1968,Asie,7.569,59.12,5978741
Syrie,1969,Asie,7.586,59.84,6175173
Syrie,1970,Asie,7.621,60.61,6380612
Syrie,1971,Asie,7.6,61.33,6598098
Syrie,1972,Asie,7.573,61.97,6826032
Syrie,1973,Asie,7.548,60.83,7060328
Syrie,1974,Asie,7.52,63.44,7302158
Syrie,1975,Asie,7.486,64.19,7554368
Syrie,1976,Asie,7.448,64.84,7817317
Syrie,1977,Asie,7.418,65.4,8090507
Syrie,1978,Asie,7.345,65.93,8372761
Syrie,1979,Asie,7.247,66.24,8661911
Syrie,1980,Asie,7.119,66.55,8957664
Syrie,1981,Asie,6.974,64.6,9260187
Syrie,1982,Asie,6.811,60.84,9572513
Syrie,1983,Asie,6.692,67.35,9904814
Syrie,1984,Asie,6.586,67.72,10258406
Syrie,1985,Asie,6.484,68.05,10625673
Syrie,1986,Asie,6.365,68.42,11002842
Syrie,1987,Asie,6.201,68.8,11388916
Syrie,1988,Asie,5.999,69.17,11782269
Syrie,1989,Asie,5.777,69.49,12179070
Syrie,1990,Asie,5.561,69.83,12579212
Syrie,1991,Asie,5.342,70.08,12980824
Syrie,1992,Asie,5.141,70.24,13385570
Syrie,1993,Asie,4.994,70.31,13795687
Syrie,1994,Asie,4.856,70.3,14208585
Syrie,1995,Asie,4.697,70.21,14616804
Syrie,1996,Asie,4.536,70.16,15018110
Syrie,1997,Asie,4.371,70.16,15417539
Syrie,1998,Asie,4.25,70.24,15820409
Syrie,1999,Asie,4.144,70.51,16228064
Syrie,2000,Asie,4.068,70.86,16637884
Syrie,2001,Asie,3.976,71.3,17051337
Syrie,2002,Asie,3.865,71.74,17468335
Syrie,2003,Asie,3.763,72.19,17889297
Syrie,2004,Asie,3.679,72.49,18336879
Syrie,2005,Asie,3.605,72.8,18814092
Syrie,2006,Asie,3.562,73.04,19637016
Syrie,2007,Asie,3.538,73.26,20884136
Syrie,2008,Asie,3.481,73.37,21636566
Syrie,2009,Asie,3.415,73.5,21976971
Syrie,2010,Asie,3.355,73.54,22482417
Syrie,2011,Asie,3.285,72.26,22878104
Syrie,2012,Asie,3.221,66.21,22759763
Syrie,2013,Asie,3.165,65.15,21666921
Syrie,2014,Asie,3.117,65.49,20273661
Syrie,2015,Asie,3.067,63.27,19424615
Syrie,2016,Asie,3.012,65.19,19193835
Syrie,2017,Asie,2.972,65.65,19224671
Syrie,2018,Asie,2.932,67.37,19577849
Syrie,2019,Asie,2.878,70.97,20353536
Syrie,2020,Asie,2.837,71.94,21049431
Syrie,2021,Asie,2.798,72.42,21628837
Syrie,2022,Asie,2.746,72.79,22462170
Syrie,2023,Asie,2.712,72.12,23594623
Syrie,2024,Asie,2.671,72.56,24672758
Syrie,2025,Asie,2.631,72.99,25620419
Tchad,1950,Afrique,6.062,35.23,2525457
Tchad,1951,Afrique,6.071,35.45,2570410
Tchad,1952,Afrique,6.09,35.85,2616313
Tchad,1953,Afrique,6.109,36.28,2663776
Tchad,1954,Afrique,6.129,36.79,2713010
Tchad,1955,Afrique,6.149,37.35,2764252
Tchad,1956,Afrique,6.169,37.92,2817660
Tchad,1957,Afrique,6.19,38.33,2873095
Tchad,1958,Afrique,6.21,38.74,2930371
Tchad,1959,Afrique,6.23,38.96,2989326
Tchad,1960,Afrique,6.25,39.22,3049843
Tchad,1961,Afrique,6.268,39.42,3111956
Tchad,1962,Afrique,6.285,39.61,3175599
Tchad,1963,Afrique,6.301,39.89,3240909
Tchad,1964,Afrique,6.318,40.12,3307482
Tchad,1965,Afrique,6.337,40.05,3374220
Tchad,1966,Afrique,6.362,40.09,3440907
Tchad,1967,Afrique,6.393,40.39,3508513
Tchad,1968,Afrique,6.432,40.7,3578228
Tchad,1969,Afrique,6.477,41.02,3651121
Tchad,1970,Afrique,6.528,41.39,3727834
Tchad,1971,Afrique,6.582,40.87,3807326
Tchad,1972,Afrique,6.85,41.92,3893253
Tchad,1973,Afrique,6.869,42.4,3985914
Tchad,1974,Afrique,6.864,42.6,4078363
Tchad,1975,Afrique,6.876,42.74,4167237
Tchad,1976,Afrique,6.893,42.69,4251299
Tchad,1977,Afrique,6.896,42.88,4331668
Tchad,1978,Afrique,6.891,43.02,4411370
Tchad,1979,Afrique,6.905,43.24,4505384
Tchad,1980,Afrique,6.908,43.45,4515461
Tchad,1981,Afrique,6.942,43.5,4520965
Tchad,1982,Afrique,6.961,43.91,4738486
Tchad,1983,Afrique,6.979,44.45,4979137
Tchad,1984,Afrique,7.015,44.73,5045152
Tchad,1985,Afrique,7.037,45.31,5096274
Tchad,1986,Afrique,7.067,45.6,5251074
Tchad,1987,Afrique,7.105,43.07,5438311
Tchad,1988,Afrique,7.154,46.35,5625601
Tchad,1989,Afrique,7.186,46.43,5819588
Tchad,1990,Afrique,7.219,45.07,5982838
Tchad,1991,Afrique,7.261,46.6,6205688
Tchad,1992,Afrique,7.296,46.78,6474651
Tchad,1993,Afrique,7.337,47.0,6629147
Tchad,1994,Afrique,7.31,47.08,6783456
Tchad,1995,Afrique,7.29,47.45,7089063
Tchad,1996,Afrique,7.292,47.55,7410107
Tchad,1997,Afrique,7.274,47.76,7670371
Tchad,1998,Afrique,7.266,47.8,7938841
Tchad,1999,Afrique,7.262,47.93,8222710
Tchad,2000,Afrique,7.249,47.94,8512092
Tchad,2001,Afrique,7.231,48.31,8804122
Tchad,2002,Afrique,7.201,48.36,9116195
Tchad,2003,Afrique,7.179,48.61,9487830
Tchad,2004,Afrique,7.16,48.69,9920036
Tchad,2005,Afrique,7.134,48.86,10328094
Tchad,2006,Afrique,7.118,48.75,10706426
Tchad,2007,Afrique,7.092,49.21,11081667
Tchad,2008,Afrique,7.063,49.5,11476299
Tchad,2009,Afrique,7.021,49.83,11893753
Tchad,2010,Afrique,6.99,50.11,12312580
Tchad,2011,Afrique,6.948,50.43,12755004
Tchad,2012,Afrique,6.905,50.77,13211006
Tchad,2013,Afrique,6.839,51.05,13691081
Tchad,2014,Afrique,6.781,51.14,14188680
Tchad,2015,Afrique,6.706,51.32,14647626
Tchad,2016,Afrique,6.623,51.6,15114652
Tchad,2017,Afrique,6.537,51.88,15622756
Tchad,2018,Afrique,6.464,52.45,16156535
Tchad,2019,Afrique,6.412,52.99,16685223
Tchad,2020,Afrique,6.346,53.08,17224686
Tchad,2021,Afrique,6.255,53.14,17828274
Tchad,2022,Afrique,6.215,54.53,18455319
Tchad,2023,Afrique,6.12,55.07,19319075
Tchad,2024,Afrique,6.051,55.24,20299131
Tchad,2025,Afrique,5.982,55.43,21003701
Togo,1950,Afrique,6.598,41.93,1399596
Togo,1951,Afrique,6.62,42.07,1424396
Togo,1952,Afrique,6.642,42.2,1449922
Togo,1953,Afrique,6.652,42.31,1476069
Togo,1954,Afrique,6.661,42.49,1502761
Togo,1955,Afrique,6.665,42.66,1529948
Togo,1956,Afrique,6.691,42.76,1557633
Togo,1957,Afrique,6.711,42.94,1585871
Togo,1958,Afrique,6.732,43.13,1614630
Togo,1959,Afrique,6.765,43.32,1643753
Togo,1960,Afrique,6.797,43.54,1673110
Togo,1961,Afrique,6.821,43.75,1702713
Togo,1962,Afrique,6.857,44.0,1732956
Togo,1963,Afrique,6.893,44.27,1765060
Togo,1964,Afrique,6.916,44.6,1799407
Togo,1965,Afrique,6.937,44.92,1835587
Togo,1966,Afrique,6.956,45.23,1873490
Togo,1967,Afrique,6.959,45.62,1912768
Togo,1968,Afrique,6.97,46.02,1953523
Togo,1969,Afrique,7.015,46.35,2043417
Togo,1970,Afrique,7.035,46.78,2149480
Togo,1971,Afrique,7.064,47.23,2219828
Togo,1972,Afrique,7.069,47.69,2283857
Togo,1973,Afrique,7.081,48.14,2344511
Togo,1974,Afrique,7.09,48.59,2404290
Togo,1975,Afrique,7.088,49.05,2463792
Togo,1976,Afrique,7.063,49.51,2523483
Togo,1977,Afrique,7.025,50.16,2583984
Togo,1978,Afrique,6.983,50.9,2646505
Togo,1979,Afrique,6.935,51.52,2714356
Togo,1980,Afrique,6.876,52.15,2791409
Togo,1981,Afrique,6.809,52.78,2879439
Togo,1982,Afrique,6.725,53.27,2961651
Togo,1983,Afrique,6.633,53.77,3033081
Togo,1984,Afrique,6.542,54.1,3105744
Togo,1985,Afrique,6.457,54.37,3194544
Togo,1986,Afrique,6.382,54.62,3296341
Togo,1987,Afrique,6.304,54.83,3397614
Togo,1988,Afrique,6.228,54.91,3501544
Togo,1989,Afrique,6.149,54.74,3606911
Togo,1990,Afrique,6.067,54.57,3714023
Togo,1991,Afrique,5.987,54.26,3822637
Togo,1992,Afrique,5.886,54.08,3932581
Togo,1993,Afrique,5.782,53.86,3887976
Togo,1994,Afrique,5.672,53.73,3904183
Togo,1995,Afrique,5.565,53.71,4110452
Togo,1996,Afrique,5.459,53.83,4291129
Togo,1997,Afrique,5.363,53.85,4438798
Togo,1998,Afrique,5.288,53.96,4551633
Togo,1999,Afrique,5.226,54.32,4665757
Togo,2000,Afrique,5.165,54.59,4783721
Togo,2001,Afrique,5.128,54.76,4904135
Togo,2002,Afrique,5.092,55.04,5027128
Togo,2003,Afrique,5.048,55.31,5154113
Togo,2004,Afrique,4.995,55.61,5281320
Togo,2005,Afrique,5.038,55.93,5413151
Togo,2006,Afrique,5.076,56.15,5569659
Togo,2007,Afrique,5.102,56.4,5748437
Togo,2008,Afrique,5.1,56.66,5936140
Togo,2009,Afrique,5.104,56.94,6130944
Togo,2010,Afrique,5.087,57.24,6325791
Togo,2011,Afrique,4.984,57.62,6500577
Togo,2012,Afrique,4.854,57.95,6653719
Togo,2013,Afrique,4.754,58.36,6798851
Togo,2014,Afrique,4.702,58.78,6937647
Togo,2015,Afrique,4.662,59.23,7071500
Togo,2016,Afrique,4.634,59.68,7200883
Togo,2017,Afrique,4.576,60.15,7324379
Togo,2018,Afrique,4.513,60.61,7458205
Togo,2019,Afrique,4.45,61.06,7619916
Togo,2020,Afrique,4.386,61.14,7788058
Togo,2021,Afrique,4.324,61.34,7936185
Togo,2022,Afrique,4.253,62.29,8068616
Togo,2023,Afrique,4.192,62.74,8223853
Togo,2024,Afrique,4.139,62.94,8406554
Togo,2025,Afrique,4.087,63.14,8591630
Thaïlande,1950,Asie,6.359,45.19,20428401
Thaïlande,1951,Asie,6.384,45.92,20965188
Thaïlande,1952,Asie,6.396,46.5,21527583
Thaïlande,1953,Asie,6.416,47.07,22109323
Thaïlande,1954,Asie,6.408,47.62,22713340
Thaïlande,1955,Asie,6.391,48.13,23343179
Thaïlande,1956,Asie,6.373,48.64,23997266
Thaïlande,1957,Asie,6.355,49.13,24674831
Thaïlande,1958,Asie,6.345,49.55,25367008
Thaïlande,1959,Asie,6.332,50.13,26088018
Thaïlande,1960,Asie,6.325,50.61,26851751
Thaïlande,1961,Asie,6.324,51.06,27650335
Thaïlande,1962,Asie,6.331,51.44,28481048
Thaïlande,1963,Asie,6.342,51.99,29342315
Thaïlande,1964,Asie,6.309,52.54,30232136
Thaïlande,1965,Asie,6.258,53.13,31149337
Thaïlande,1966,Asie,6.182,53.73,32086073
Thaïlande,1967,Asie,6.077,54.32,33037797
Thaïlande,1968,Asie,5.928,54.98,34002562
Thaïlande,1969,Asie,5.704,55.7,34973784
Thaïlande,1970,Asie,5.452,56.47,35954411
Thaïlande,1971,Asie,5.253,57.1,36937392
Thaïlande,1972,Asie,5.077,57.75,37933932
Thaïlande,1973,Asie,4.845,58.32,38947791
Thaïlande,1974,Asie,4.598,59.03,39952896
Thaïlande,1975,Asie,4.364,59.71,40939999
Thaïlande,1976,Asie,4.119,60.37,41896511
Thaïlande,1977,Asie,3.865,60.91,42843973
Thaïlande,1978,Asie,3.617,61.27,43788976
Thaïlande,1979,Asie,3.451,61.7,44718436
Thaïlande,1980,Asie,3.293,62.19,45650031
Thaïlande,1981,Asie,3.127,62.86,46575851
Thaïlande,1982,Asie,2.943,63.6,47494577
Thaïlande,1983,Asie,2.755,64.5,48423309
Thaïlande,1984,Asie,2.582,65.55,49351711
Thaïlande,1985,Asie,2.45,66.54,50270754
Thaïlande,1986,Asie,2.358,67.31,51177832
Thaïlande,1987,Asie,2.255,67.83,52074109
Thaïlande,1988,Asie,2.171,68.19,52969595
Thaïlande,1989,Asie,2.136,68.56,53848955
Thaïlande,1990,Asie,2.065,68.92,54738329
Thaïlande,1991,Asie,2.036,69.13,55637436
Thaïlande,1992,Asie,2.008,69.35,56528832
Thaïlande,1993,Asie,1.967,69.57,57408198
Thaïlande,1994,Asie,1.928,69.66,58260855
Thaïlande,1995,Asie,1.888,69.76,59098231
Thaïlande,1996,Asie,1.865,69.94,59920059
Thaïlande,1997,Asie,1.845,70.36,60724588
Thaïlande,1998,Asie,1.815,70.7,61522632
Thaïlande,1999,Asie,1.768,70.98,62299039
Thaïlande,2000,Asie,1.734,71.2,63007815
Thaïlande,2001,Asie,1.711,71.52,63651137
Thaïlande,2002,Asie,1.688,71.78,64266433
Thaïlande,2003,Asie,1.673,72.1,64868164
Thaïlande,2004,Asie,1.665,72.1,65452049
Thaïlande,2005,Asie,1.644,72.89,66017415
Thaïlande,2006,Asie,1.631,73.34,66567685
Thaïlande,2007,Asie,1.616,73.78,67102388
Thaïlande,2008,Asie,1.587,74.22,67619835
Thaïlande,2009,Asie,1.565,74.67,68121077
Thaïlande,2010,Asie,1.562,75.01,68579443
Thaïlande,2011,Asie,1.571,75.3,69007212
Thaïlande,2012,Asie,1.563,75.59,69436091
Thaïlande,2013,Asie,1.526,75.96,69845112
Thaïlande,2014,Asie,1.484,76.28,70216362
Thaïlande,2015,Asie,1.451,76.56,70540787
Thaïlande,2016,Asie,1.4,76.77,70859835
Thaïlande,2017,Asie,1.363,76.99,71160183
Thaïlande,2018,Asie,1.323,77.19,71376081
Thaïlande,2019,Asie,1.285,77.2,71522264
Thaïlande,2020,Asie,1.259,77.33,71641484
Thaïlande,2021,Asie,1.234,77.61,71727338
Thaïlande,2022,Asie,1.221,75.29,71735321
Thaïlande,2023,Asie,1.212,76.41,71702436
Thaïlande,2024,Asie,1.194,76.56,71668010
Thaïlande,2025,Asie,1.176,76.83,71619866
Tadjikistan,1992,Asie,5.056,57.09,5649397
Tadjikistan,1993,Asie,4.921,55.51,5725001
Tadjikistan,1994,Asie,4.792,60.09,5825371
Tadjikistan,1995,Asie,4.664,61.39,5948588
Tadjikistan,1996,Asie,3.94,60.81,6066524
Tadjikistan,1997,Asie,4.06,61.93,6139829
Tadjikistan,1998,Asie,4.07,62.4,6176403
Tadjikistan,1999,Asie,3.85,63.11,6208373
Tadjikistan,2000,Asie,3.49,63.54,6284737
Tadjikistan,2001,Asie,3.49,64.2,6407376
Tadjikistan,2002,Asie,3.47,64.9,6531674
Tadjikistan,2003,Asie,3.42,65.87,6658575
Tadjikistan,2004,Asie,3.507,66.6,6790555
Tadjikistan,2005,Asie,3.398,66.53,6924722
Tadjikistan,2006,Asie,3.341,67.0,7057566
Tadjikistan,2007,Asie,3.367,67.41,7194479
Tadjikistan,2008,Asie,3.388,67.92,7338402
Tadjikistan,2009,Asie,3.43,68.25,7490232
Tadjikistan,2010,Asie,3.457,68.37,7652144
Tadjikistan,2011,Asie,3.456,68.7,7824788
Tadjikistan,2012,Asie,3.421,69.13,8014087
Tadjikistan,2013,Asie,3.433,69.58,8216733
Tadjikistan,2014,Asie,3.459,69.7,8425559
Tadjikistan,2015,Asie,3.459,69.67,8643839
Tadjikistan,2016,Asie,3.384,69.98,8865623
Tadjikistan,2017,Asie,3.29,70.52,9085942
Tadjikistan,2018,Asie,3.294,70.74,9307345
Tadjikistan,2019,Asie,3.281,70.96,9529970
Tadjikistan,2020,Asie,3.211,68.61,9749312
Tadjikistan,2021,Asie,3.17,69.59,9966912
Tadjikistan,2022,Asie,3.127,71.56,10182228
Tadjikistan,2023,Asie,3.072,71.79,10389807
Tadjikistan,2024,Asie,3.032,71.93,10590930
Tadjikistan,2025,Asie,2.992,72.05,10786738
Turkménistan,1992,Asie,3.957,63.75,3944689
Turkménistan,1993,Asie,3.778,63.59,4032415
Turkménistan,1994,Asie,3.623,63.52,4116662
Turkménistan,1995,Asie,3.491,63.51,4191207
Turkménistan,1996,Asie,3.292,63.54,4263818
Turkménistan,1997,Asie,3.18,63.67,4336732
Turkménistan,1998,Asie,3.075,63.97,4410511
Turkménistan,1999,Asie,2.976,64.47,4492174
Turkménistan,2000,Asie,2.9,64.93,4582675
Turkménistan,2001,Asie,2.814,65.33,4675416
Turkménistan,2002,Asie,2.71,65.59,4769473
Turkménistan,2003,Asie,2.667,65.85,4863871
Turkménistan,2004,Asie,2.674,66.06,4958091
Turkménistan,2005,Asie,2.706,66.28,5052260
Turkménistan,2006,Asie,2.724,66.57,5147103
Turkménistan,2007,Asie,2.734,67.02,5244047
Turkménistan,2008,Asie,2.75,67.58,5345033
Turkménistan,2009,Asie,2.794,68.16,5451597
Turkménistan,2010,Asie,2.848,68.61,5564356
Turkménistan,2011,Asie,2.9,68.87,5683413
Turkménistan,2012,Asie,2.955,68.96,5808548
Turkménistan,2013,Asie,3.007,68.97,5939348
Turkménistan,2014,Asie,3.023,69.0,6075286
Turkménistan,2015,Asie,3.033,69.06,6215773
Turkménistan,2016,Asie,2.99,69.14,6360041
Turkménistan,2017,Asie,2.934,69.19,6507065
Turkménistan,2018,Asie,2.875,69.27,6655523
Turkménistan,2019,Asie,2.834,69.41,6803943
Turkménistan,2020,Asie,2.793,68.85,6949915
Turkménistan,2021,Asie,2.754,69.35,7092042
Turkménistan,2022,Asie,2.728,69.91,7230197
Turkménistan,2023,Asie,2.69,70.07,7364437
Turkménistan,2024,Asie,2.655,70.2,7494494
Turkménistan,2025,Asie,2.621,70.33,7618852
Trinité-et-Tobago,1950,Amériques,5.182,56.98,648778
Trinité-et-Tobago,1951,Amériques,5.214,57.33,665740
Trinité-et-Tobago,1952,Amériques,5.244,57.68,683442
Trinité-et-Tobago,1953,Amériques,5.279,58.25,701870
Trinité-et-Tobago,1954,Amériques,5.343,59.08,721160
Trinité-et-Tobago,1955,Amériques,5.349,59.72,741247
Trinité-et-Tobago,1956,Amériques,5.266,60.34,761692
Trinité-et-Tobago,1957,Amériques,5.279,60.75,782511
Trinité-et-Tobago,1958,Amériques,5.298,61.42,803842
Trinité-et-Tobago,1959,Amériques,5.348,61.89,825021
Trinité-et-Tobago,1960,Amériques,5.405,62.51,844952
Trinité-et-Tobago,1961,Amériques,5.405,62.97,863152
Trinité-et-Tobago,1962,Amériques,5.358,63.43,880205
Trinité-et-Tobago,1963,Amériques,5.242,63.63,896812
Trinité-et-Tobago,1964,Amériques,5.081,63.98,912972
Trinité-et-Tobago,1965,Amériques,4.88,64.19,928433
Trinité-et-Tobago,1966,Amériques,4.62,64.32,942947
Trinité-et-Tobago,1967,Amériques,4.35,64.47,956429
Trinité-et-Tobago,1968,Amériques,4.106,64.63,969006
Trinité-et-Tobago,1969,Amériques,3.856,64.75,980713
Trinité-et-Tobago,1970,Amériques,3.709,64.87,991480
Trinité-et-Tobago,1971,Amériques,3.612,64.93,1002588
Trinité-et-Tobago,1972,Amériques,3.551,65.18,1014927
Trinité-et-Tobago,1973,Amériques,3.466,65.41,1027860
Trinité-et-Tobago,1974,Amériques,3.319,65.51,1040768
Trinité-et-Tobago,1975,Amériques,3.214,65.65,1053468
Trinité-et-Tobago,1976,Amériques,3.138,66.03,1066314
Trinité-et-Tobago,1977,Amériques,3.121,66.17,1079560
Trinité-et-Tobago,1978,Amériques,3.129,66.2,1093393
Trinité-et-Tobago,1979,Amériques,3.126,66.42,1107652
Trinité-et-Tobago,1980,Amériques,3.145,66.51,1121750
Trinité-et-Tobago,1981,Amériques,3.133,66.46,1135140
Trinité-et-Tobago,1982,Amériques,3.108,66.38,1147932
Trinité-et-Tobago,1983,Amériques,3.07,66.44,1160537
Trinité-et-Tobago,1984,Amériques,3.017,66.56,1172985
Trinité-et-Tobago,1985,Amériques,2.988,66.75,1187370
Trinité-et-Tobago,1986,Amériques,2.903,66.9,1203132
Trinité-et-Tobago,1987,Amériques,2.775,67.14,1217367
Trinité-et-Tobago,1988,Amériques,2.646,67.38,1230071
Trinité-et-Tobago,1989,Amériques,2.526,67.52,1241606
Trinité-et-Tobago,1990,Amériques,2.394,67.59,1252215
Trinité-et-Tobago,1991,Amériques,2.29,67.78,1262174
Trinité-et-Tobago,1992,Amériques,2.213,67.78,1271681
Trinité-et-Tobago,1993,Amériques,2.129,67.83,1280474
Trinité-et-Tobago,1994,Amériques,2.064,67.84,1288353
Trinité-et-Tobago,1995,Amériques,1.967,68.0,1295167
Trinité-et-Tobago,1996,Amériques,1.894,68.04,1300937
Trinité-et-Tobago,1997,Amériques,1.831,68.14,1305838
Trinité-et-Tobago,1998,Amériques,1.784,68.33,1310226
Trinité-et-Tobago,1999,Amériques,1.76,68.51,1314711
Trinité-et-Tobago,2000,Amériques,1.732,68.63,1319781
Trinité-et-Tobago,2001,Amériques,1.705,68.87,1325573
Trinité-et-Tobago,2002,Amériques,1.672,69.23,1332017
Trinité-et-Tobago,2003,Amériques,1.648,69.45,1338718
Trinité-et-Tobago,2004,Amériques,1.627,69.88,1345386
Trinité-et-Tobago,2005,Amériques,1.625,70.19,1352040
Trinité-et-Tobago,2006,Amériques,1.624,70.44,1358706
Trinité-et-Tobago,2007,Amériques,1.622,70.8,1365381
Trinité-et-Tobago,2008,Amériques,1.617,71.12,1372090
Trinité-et-Tobago,2009,Amériques,1.618,71.4,1379056
Trinité-et-Tobago,2010,Amériques,1.614,71.81,1386657
Trinité-et-Tobago,2011,Amériques,1.611,72.23,1394990
Trinité-et-Tobago,2012,Amériques,1.609,72.51,1403814
Trinité-et-Tobago,2013,Amériques,1.603,72.78,1412658
Trinité-et-Tobago,2014,Amériques,1.602,72.9,1421135
Trinité-et-Tobago,2015,Amériques,1.598,72.88,1429190
Trinité-et-Tobago,2016,Amériques,1.601,72.94,1437031
Trinité-et-Tobago,2017,Amériques,1.594,72.98,1445265
Trinité-et-Tobago,2018,Amériques,1.588,72.66,1470522
Trinité-et-Tobago,2019,Amériques,1.578,72.84,1484898
Trinité-et-Tobago,2020,Amériques,1.572,72.64,1481026
Trinité-et-Tobago,2021,Amériques,1.559,71.11,1487715
Trinité-et-Tobago,2022,Amériques,1.544,73.33,1495923
Trinité-et-Tobago,2023,Amériques,1.532,73.49,1502938
Trinité-et-Tobago,2024,Amériques,1.524,73.62,1507778
Trinité-et-Tobago,2025,Amériques,1.517,73.75,1511164
Tunisie,1950,Afrique,6.68,38.22,3608997
Tunisie,1951,Afrique,6.739,38.72,3682102
Tunisie,1952,Afrique,6.804,39.31,3758189
Tunisie,1953,Afrique,6.866,39.75,3837404
Tunisie,1954,Afrique,6.93,40.0,3919526
Tunisie,1955,Afrique,6.973,40.76,4005135
Tunisie,1956,Afrique,7.016,41.34,4082608
Tunisie,1957,Afrique,7.063,42.08,4136609
Tunisie,1958,Afrique,7.106,42.7,4177717
Tunisie,1959,Afrique,7.15,43.36,4220907
Tunisie,1960,Afrique,7.157,44.05,4267299
Tunisie,1961,Afrique,7.159,44.26,4316281
Tunisie,1962,Afrique,7.168,45.56,4369139
Tunisie,1963,Afrique,7.17,46.41,4427131
Tunisie,1964,Afrique,7.166,47.27,4489875
Tunisie,1965,Afrique,7.113,48.2,4561390
Tunisie,1966,Afrique,7.055,49.16,4652294
Tunisie,1967,Afrique,6.952,50.16,4760975
Tunisie,1968,Afrique,6.806,51.34,4879909
Tunisie,1969,Afrique,6.623,52.3,5004694
Tunisie,1970,Afrique,6.426,53.79,5131394
Tunisie,1971,Afrique,6.29,54.91,5261660
Tunisie,1972,Afrique,6.187,56.09,5396564
Tunisie,1973,Afrique,6.12,57.12,5537244
Tunisie,1974,Afrique,6.048,58.25,5684686
Tunisie,1975,Afrique,5.972,59.31,5839266
Tunisie,1976,Afrique,5.873,60.31,5996993
Tunisie,1977,Afrique,5.681,61.26,6155927
Tunisie,1978,Afrique,5.401,62.15,6309393
Tunisie,1979,Afrique,5.184,62.93,6456418
Tunisie,1980,Afrique,5.033,63.67,6606194
Tunisie,1981,Afrique,5.023,64.37,6758291
Tunisie,1982,Afrique,4.89,65.01,6908649
Tunisie,1983,Afrique,4.771,65.7,7053797
Tunisie,1984,Afrique,4.664,66.29,7220050
Tunisie,1985,Afrique,4.521,66.88,7409907
Tunisie,1986,Afrique,4.361,67.43,7600300
Tunisie,1987,Afrique,4.104,68.01,7789990
Tunisie,1988,Afrique,3.833,68.46,7974447
Tunisie,1989,Afrique,3.569,68.83,8151665
Tunisie,1990,Afrique,3.441,69.09,8324509
Tunisie,1991,Afrique,3.31,69.4,8501826
Tunisie,1992,Afrique,3.189,69.68,8682509
Tunisie,1993,Afrique,3.058,69.99,8857916
Tunisie,1994,Afrique,2.874,70.36,9018447
Tunisie,1995,Afrique,2.67,70.78,9161263
Tunisie,1996,Afrique,2.488,71.25,9294433
Tunisie,1997,Afrique,2.338,71.67,9421273
Tunisie,1998,Afrique,2.197,72.07,9541669
Tunisie,1999,Afrique,2.082,72.34,9655966
Tunisie,2000,Afrique,2.025,72.6,9764940
Tunisie,2001,Afrique,1.975,72.82,9869679
Tunisie,2002,Afrique,1.941,73.07,9971521
Tunisie,2003,Afrique,1.956,73.3,10071638
Tunisie,2004,Afrique,1.95,73.52,10166170
Tunisie,2005,Afrique,1.953,73.71,10255474
Tunisie,2006,Afrique,1.952,73.89,10346408
Tunisie,2007,Afrique,1.957,74.04,10441705
Tunisie,2008,Afrique,1.975,74.19,10542637
Tunisie,2009,Afrique,2.004,74.32,10650682
Tunisie,2010,Afrique,2.075,74.44,10765984
Tunisie,2011,Afrique,2.189,74.47,10886041
Tunisie,2012,Afrique,2.277,74.6,11009649
Tunisie,2013,Afrique,2.31,74.67,11141365
Tunisie,2014,Afrique,2.316,74.78,11274295
Tunisie,2015,Afrique,2.306,74.88,11402270
Tunisie,2016,Afrique,2.275,75.01,11528676
Tunisie,2017,Afrique,2.205,75.18,11650504
Tunisie,2018,Afrique,2.133,75.37,11765515
Tunisie,2019,Afrique,2.1,75.6,11875084
Tunisie,2020,Afrique,2.0,75.0,11974058
Tunisie,2021,Afrique,1.8,72.89,12048625
Tunisie,2022,Afrique,1.847,76.05,12119338
Tunisie,2023,Afrique,1.832,76.51,12200434
Tunisie,2024,Afrique,1.805,76.71,12277103
Tunisie,2025,Afrique,1.777,76.9,12348576
Turquie,1950,Asie,6.468,47.29,21021142
Turquie,1951,Asie,6.468,47.6,21643878
Turquie,1952,Asie,6.47,48.12,22290093
Turquie,1953,Asie,6.477,48.2,22958552
Turquie,1954,Asie,6.468,48.8,23636110
Turquie,1955,Asie,6.463,49.06,24310513
Turquie,1956,Asie,6.463,49.47,25057603
Turquie,1957,Asie,6.454,49.23,25880920
Turquie,1958,Asie,6.434,49.23,26704966
Turquie,1959,Asie,6.416,50.14,27526336
Turquie,1960,Asie,6.383,50.8,28329895
Turquie,1961,Asie,6.419,51.56,29119235
Turquie,1962,Asie,6.382,52.35,29916149
Turquie,1963,Asie,6.339,53.12,30726846
Turquie,1964,Asie,6.291,53.6,31543074
Turquie,1965,Asie,6.22,54.1,32345213
Turquie,1966,Asie,6.152,54.57,33177679
Turquie,1967,Asie,6.057,55.18,34050420
Turquie,1968,Asie,5.962,55.64,34921681
Turquie,1969,Asie,5.872,56.18,35787778
Turquie,1970,Asie,5.775,56.7,36638458
Turquie,1971,Asie,5.671,57.22,37518610
Turquie,1972,Asie,5.548,57.97,38430215
Turquie,1973,Asie,5.41,58.45,39329533
Turquie,1974,Asie,5.243,59.02,40210234
Turquie,1975,Asie,5.087,59.51,41053123
Turquie,1976,Asie,4.931,60.01,41899990
Turquie,1977,Asie,4.784,60.85,42773301
Turquie,1978,Asie,4.691,61.61,43645306
Turquie,1979,Asie,4.579,62.16,44510430
Turquie,1980,Asie,4.453,62.74,45408818
Turquie,1981,Asie,4.351,63.19,46321190
Turquie,1982,Asie,4.205,63.74,47322104
Turquie,1983,Asie,4.056,64.27,48447413
Turquie,1984,Asie,3.911,64.81,49574065
Turquie,1985,Asie,3.779,65.34,50687118
Turquie,1986,Asie,3.658,65.87,51777768
Turquie,1987,Asie,3.542,66.38,52843671
Turquie,1988,Asie,3.445,66.9,53909628
Turquie,1989,Asie,3.336,67.36,54976719
Turquie,1990,Asie,3.107,67.83,56015627
Turquie,1991,Asie,3.003,68.29,57009892
Turquie,1992,Asie,2.939,68.6,57990121
Turquie,1993,Asie,2.916,69.02,58999164
Turquie,1994,Asie,2.874,69.4,60033832
Turquie,1995,Asie,2.835,69.73,61024501
Turquie,1996,Asie,2.779,70.25,61951134
Turquie,1997,Asie,2.744,70.67,62852968
Turquie,1998,Asie,2.707,71.14,63734385
Turquie,1999,Asie,2.63,70.75,64591916
Turquie,2000,Asie,2.487,71.93,65425957
Turquie,2001,Asie,2.392,72.27,66245125
Turquie,2002,Asie,2.268,72.61,67048792
Turquie,2003,Asie,2.202,72.91,67831735
Turquie,2004,Asie,2.197,73.22,68592621
Turquie,2005,Asie,2.197,73.51,69329557
Turquie,2006,Asie,2.193,73.8,70045351
Turquie,2007,Asie,2.183,74.13,70750593
Turquie,2008,Asie,2.167,74.38,71562343
Turquie,2009,Asie,2.145,74.68,72464846
Turquie,2010,Asie,2.08,74.96,73346766
Turquie,2011,Asie,2.047,74.82,74215203
Turquie,2012,Asie,2.109,75.55,75197196
Turquie,2013,Asie,2.107,76.17,76403032
Turquie,2014,Asie,2.186,76.45,78036154
Turquie,2015,Asie,2.157,76.54,80014222
Turquie,2016,Asie,2.115,76.59,81652087
Turquie,2017,Asie,2.082,77.04,83083667
Turquie,2018,Asie,2.004,77.45,84415966
Turquie,2019,Asie,1.886,77.74,85357670
Turquie,2020,Asie,1.768,76.53,86091691
Turquie,2021,Asie,1.708,75.72,86686254
Turquie,2022,Asie,1.625,77.59,87058469
Turquie,2023,Asie,1.625,77.16,87270502
Turquie,2024,Asie,1.601,77.42,87473800
Turquie,2025,Asie,1.577,77.82,87685427
Taïwan,1950,Asie,6.481,56.59,7596535
Taïwan,1951,Asie,6.637,57.19,7862806
Taïwan,1952,Asie,6.687,57.91,8148997
Taïwan,1953,Asie,6.681,58.56,8451375
Taïwan,1954,Asie,6.656,58.93,8767773
Taïwan,1955,Asie,6.586,59.8,9104136
Taïwan,1956,Asie,6.489,60.31,9465707
Taïwan,1957,Asie,6.334,60.95,9850527
Taïwan,1958,Asie,6.154,61.04,10246160
Taïwan,1959,Asie,5.942,61.61,10644179
Taïwan,1960,Asie,5.787,62.54,11046263
Taïwan,1961,Asie,5.666,62.98,11453506
Taïwan,1962,Asie,5.535,63.8,11866670
Taïwan,1963,Asie,5.387,64.47,12285726
Taïwan,1964,Asie,5.202,64.88,12706682
Taïwan,1965,Asie,4.994,65.73,13124808
Taïwan,1966,Asie,4.778,66.09,13537706
Taïwan,1967,Asie,4.534,66.67,13901473
Taïwan,1968,Asie,4.37,66.8,14215584
Taïwan,1969,Asie,4.184,67.72,14523608
Taïwan,1970,Asie,3.976,69.04,14815755
Taïwan,1971,Asie,3.723,69.36,15121137
Taïwan,1972,Asie,3.436,69.63,15450618
Taïwan,1973,Asie,3.249,69.8,15772691
Taïwan,1974,Asie,3.089,70.31,16082315
Taïwan,1975,Asie,2.973,70.88,16365267
Taïwan,1976,Asie,3.004,71.16,16671501
Taïwan,1977,Asie,2.738,71.26,17020095
Taïwan,1978,Asie,2.68,71.73,17373729
Taïwan,1979,Asie,2.645,71.71,17735789
Taïwan,1980,Asie,2.53,71.96,18086521
Taïwan,1981,Asie,2.453,72.02,18412829
Taïwan,1982,Asie,2.327,72.4,18723986
Taïwan,1983,Asie,2.179,72.4,19022629
Taïwan,1984,Asie,2.046,72.99,19306762
Taïwan,1985,Asie,1.884,73.3,19571695
Taïwan,1986,Asie,1.72,73.32,19805981
Taïwan,1987,Asie,1.715,73.61,20015820
Taïwan,1988,Asie,1.803,73.4,20223658
Taïwan,1989,Asie,1.743,73.67,20418913
Taïwan,1990,Asie,1.787,73.94,20594907
Taïwan,1991,Asie,1.746,74.29,20781752
Taïwan,1992,Asie,1.744,74.31,20982088
Taïwan,1993,Asie,1.767,74.56,21174678
Taïwan,1994,Asie,1.771,74.7,21357145
Taïwan,1995,Asie,1.782,74.62,21534497
Taïwan,1996,Asie,1.779,74.92,21709270
Taïwan,1997,Asie,1.736,75.32,21885332
Taïwan,1998,Asie,1.541,75.47,22049226
Taïwan,1999,Asie,1.533,75.62,22203788
Taïwan,2000,Asie,1.472,76.14,22332873
Taïwan,2001,Asie,1.404,76.48,22446254
Taïwan,2002,Asie,1.327,76.87,22566898
Taïwan,2003,Asie,1.248,77.04,22664130
Taïwan,2004,Asie,1.185,77.17,22745432
Taïwan,2005,Asie,1.133,77.13,22824932
Taïwan,2006,Asie,1.118,77.84,22914644
Taïwan,2007,Asie,1.102,78.05,23006921
Taïwan,2008,Asie,1.062,78.3,23086238
Taïwan,2009,Asie,1.005,78.7,23164353
Taïwan,2010,Asie,0.916,79.04,23224049
Taïwan,2011,Asie,1.059,78.88,23273078
Taïwan,2012,Asie,1.188,79.18,23345963
Taïwan,2013,Asie,1.13,79.6,23416870
Taïwan,2014,Asie,1.162,79.47,23472811
Taïwan,2015,Asie,1.185,79.88,23529260
Taïwan,2016,Asie,1.171,79.7,23586140
Taïwan,2017,Asie,1.121,80.06,23632950
Taïwan,2018,Asie,1.075,80.43,23659308
Taïwan,2019,Asie,1.045,80.6,23674137
Taïwan,2020,Asie,0.99,81.11,23663461
Taïwan,2021,Asie,0.975,80.78,23558330
Taïwan,2022,Asie,0.87,80.16,23420107
Taïwan,2023,Asie,0.87,80.56,23317145
Taïwan,2024,Asie,0.857,80.75,23213964
Taïwan,2025,Asie,0.844,80.94,23112797
Tanzanie,1950,Afrique,6.182,41.03,7625152
Tanzanie,1951,Afrique,6.204,41.18,7812973
Tanzanie,1952,Afrique,6.229,41.36,8009083
Tanzanie,1953,Afrique,6.248,41.51,8213117
Tanzanie,1954,Afrique,6.267,41.66,8424792
Tanzanie,1955,Afrique,6.305,41.83,8644856
Tanzanie,1956,Afrique,6.364,41.99,8874780
Tanzanie,1957,Afrique,6.437,42.15,9115792
Tanzanie,1958,Afrique,6.475,42.31,9367596
Tanzanie,1959,Afrique,6.501,42.45,9629269
Tanzanie,1960,Afrique,6.536,42.6,9901422
Tanzanie,1961,Afrique,6.562,42.84,10187889
Tanzanie,1962,Afrique,6.605,43.22,10487756
Tanzanie,1963,Afrique,6.647,43.62,10799530
Tanzanie,1964,Afrique,6.68,44.08,11127827
Tanzanie,1965,Afrique,6.727,44.54,11470726
Tanzanie,1966,Afrique,6.804,44.94,11827462
Tanzanie,1967,Afrique,6.864,45.16,12200114
Tanzanie,1968,Afrique,6.9,45.63,12602077
Tanzanie,1969,Afrique,6.954,46.04,13036701
Tanzanie,1970,Afrique,7.001,46.49,13492674
Tanzanie,1971,Afrique,7.044,46.97,13971453
Tanzanie,1972,Afrique,7.052,47.44,14479311
Tanzanie,1973,Afrique,7.062,47.91,15010099
Tanzanie,1974,Afrique,7.123,48.42,15561633
Tanzanie,1975,Afrique,7.101,48.92,16138364
Tanzanie,1976,Afrique,7.086,49.46,16736216
Tanzanie,1977,Afrique,7.072,49.97,17352936
Tanzanie,1978,Afrique,7.06,50.35,17976569
Tanzanie,1979,Afrique,7.043,50.79,18592045
Tanzanie,1980,Afrique,6.991,51.27,19189769
Tanzanie,1981,Afrique,6.93,51.7,19784713
Tanzanie,1982,Afrique,6.868,51.99,20398574
Tanzanie,1983,Afrique,6.805,52.18,21079877
Tanzanie,1984,Afrique,6.715,52.15,21779064
Tanzanie,1985,Afrique,6.598,52.18,22501696
Tanzanie,1986,Afrique,6.488,52.21,23258959
Tanzanie,1987,Afrique,6.406,52.18,24030376
Tanzanie,1988,Afrique,6.379,52.22,24769690
Tanzanie,1989,Afrique,6.303,52.09,25438759
Tanzanie,1990,Afrique,6.201,51.98,26110210
Tanzanie,1991,Afrique,6.135,51.84,26780440
Tanzanie,1992,Afrique,6.078,51.43,27457599
Tanzanie,1993,Afrique,5.997,51.22,28332691
Tanzanie,1994,Afrique,5.894,51.08,29442357
Tanzanie,1995,Afrique,5.822,51.01,30383496
Tanzanie,1996,Afrique,5.826,51.13,30945761
Tanzanie,1997,Afrique,5.836,51.25,31578093
Tanzanie,1998,Afrique,5.811,51.81,32420461
Tanzanie,1999,Afrique,5.747,52.4,33300335
Tanzanie,2000,Afrique,5.67,53.24,34260142
Tanzanie,2001,Afrique,5.617,54.12,35198303
Tanzanie,2002,Afrique,5.57,54.94,36121301
Tanzanie,2003,Afrique,5.578,55.93,37089555
Tanzanie,2004,Afrique,5.597,56.84,38109666
Tanzanie,2005,Afrique,5.579,57.67,39182083
Tanzanie,2006,Afrique,5.511,58.51,40294900
Tanzanie,2007,Afrique,5.403,59.26,41435508
Tanzanie,2008,Afrique,5.324,59.9,42570728
Tanzanie,2009,Afrique,5.26,60.49,43633975
Tanzanie,2010,Afrique,5.225,61.13,44758491
Tanzanie,2011,Afrique,5.141,61.62,46029371
Tanzanie,2012,Afrique,5.137,62.29,47374261
Tanzanie,2013,Afrique,5.156,62.79,48824134
Tanzanie,2014,Afrique,5.122,63.36,50351506
Tanzanie,2015,Afrique,5.025,63.93,52020958
Tanzanie,2016,Afrique,5.006,64.4,53824012
Tanzanie,2017,Afrique,4.988,64.96,55652888
Tanzanie,2018,Afrique,4.932,65.49,57437134
Tanzanie,2019,Afrique,4.866,66.01,59174889
Tanzanie,2020,Afrique,4.801,66.77,60972803
Tanzanie,2021,Afrique,4.734,66.13,62830410
Tanzanie,2022,Afrique,4.671,66.88,64711822
Tanzanie,2023,Afrique,4.606,67.0,66617607
Tanzanie,2024,Afrique,4.552,67.21,68560162
Tanzanie,2025,Afrique,4.499,67.42,70545863
Ouganda,1950,Afrique,6.657,39.71,5750917
Ouganda,1951,Afrique,6.649,40.22,5911173
Ouganda,1952,Afrique,6.673,40.75,6077045
Ouganda,1953,Afrique,6.697,41.3,6249442
Ouganda,1954,Afrique,6.724,41.84,6428381
Ouganda,1955,Afrique,6.743,42.42,6613776
Ouganda,1956,Afrique,6.762,43.02,6805457
Ouganda,1957,Afrique,6.796,43.65,7003888
Ouganda,1958,Afrique,6.839,44.31,7209760
Ouganda,1959,Afrique,6.883,44.95,7423432
Ouganda,1960,Afrique,6.905,45.63,7640975
Ouganda,1961,Afrique,6.927,46.27,7862221
Ouganda,1962,Afrique,6.959,46.82,8092231
Ouganda,1963,Afrique,6.984,47.38,8333660
Ouganda,1964,Afrique,7.012,47.85,8586366
Ouganda,1965,Afrique,7.042,48.3,8849209
Ouganda,1966,Afrique,7.066,48.46,9122864
Ouganda,1967,Afrique,7.102,49.01,9408922
Ouganda,1968,Afrique,7.13,49.28,9708633
Ouganda,1969,Afrique,7.115,49.51,10014863
Ouganda,1970,Afrique,7.149,49.62,10321608
Ouganda,1971,Afrique,7.181,47.15,10618207
Ouganda,1972,Afrique,7.185,47.16,10885795
Ouganda,1973,Afrique,7.193,46.99,11144237
Ouganda,1974,Afrique,7.192,46.86,11424845
Ouganda,1975,Afrique,7.201,46.52,11725240
Ouganda,1976,Afrique,7.194,46.17,12037302
Ouganda,1977,Afrique,7.183,45.84,12359671
Ouganda,1978,Afrique,7.163,45.6,12692122
Ouganda,1979,Afrique,7.142,45.38,13002167
Ouganda,1980,Afrique,7.113,43.45,13275751
Ouganda,1981,Afrique,7.118,43.46,13556457
Ouganda,1982,Afrique,7.11,43.31,13873637
Ouganda,1983,Afrique,7.068,43.49,14221891
Ouganda,1984,Afrique,7.024,43.71,14607679
Ouganda,1985,Afrique,7.037,45.5,15023679
Ouganda,1986,Afrique,7.083,45.65,15467581
Ouganda,1987,Afrique,7.12,47.36,15954165
Ouganda,1988,Afrique,7.102,47.48,16470485
Ouganda,1989,Afrique,7.045,47.49,17010704
Ouganda,1990,Afrique,7.014,47.56,17569895
Ouganda,1991,Afrique,6.943,47.55,18155901
Ouganda,1992,Afrique,6.913,47.67,18785037
Ouganda,1993,Afrique,6.886,47.68,19445161
Ouganda,1994,Afrique,6.899,47.67,20108804
Ouganda,1995,Afrique,6.871,47.71,20665673
Ouganda,1996,Afrique,6.835,47.76,21231553
Ouganda,1997,Afrique,6.856,48.03,21856044
Ouganda,1998,Afrique,6.837,48.26,22515809
Ouganda,1999,Afrique,6.825,48.98,23257279
Ouganda,2000,Afrique,6.788,49.64,24000158
Ouganda,2001,Afrique,6.757,50.58,24745678
Ouganda,2002,Afrique,6.735,51.44,25532872
Ouganda,2003,Afrique,6.671,52.41,26352124
Ouganda,2004,Afrique,6.612,53.7,27154513
Ouganda,2005,Afrique,6.525,54.93,27963287
Ouganda,2006,Afrique,6.429,56.12,28794005
Ouganda,2007,Afrique,6.326,57.25,29653437
Ouganda,2008,Afrique,6.202,58.25,30539547
Ouganda,2009,Afrique,6.124,59.16,31451147
Ouganda,2010,Afrique,6.019,59.96,32390801
Ouganda,2011,Afrique,5.885,60.79,33354541
Ouganda,2012,Afrique,5.729,61.58,34337436
Ouganda,2013,Afrique,5.563,62.35,35337050
Ouganda,2014,Afrique,5.408,63.06,36395542
Ouganda,2015,Afrique,5.251,63.83,37531444
Ouganda,2016,Afrique,5.112,64.49,38799153
Ouganda,2017,Afrique,4.987,65.17,40177384
Ouganda,2018,Afrique,4.867,65.78,41565839
Ouganda,2019,Afrique,4.744,66.35,42999636
Ouganda,2020,Afrique,4.621,66.41,44457148
Ouganda,2021,Afrique,4.51,66.45,45910931
Ouganda,2022,Afrique,4.388,67.67,47312718
Ouganda,2023,Afrique,4.283,68.25,48656606
Ouganda,2024,Afrique,4.219,68.49,50015091
Ouganda,2025,Afrique,4.155,68.71,51384893
Ukraine,1992,Europe,1.674,68.95,52323675
Ukraine,1993,Europe,1.564,68.29,52350122
Ukraine,1994,Europe,1.471,67.53,52076000
Ukraine,1995,Europe,1.399,67.11,51665535
Ukraine,1996,Europe,1.333,67.1,51226111
Ukraine,1997,Europe,1.271,67.66,50786881
Ukraine,1998,Europe,1.206,67.99,50379728
Ukraine,1999,Europe,1.127,68.0,49976445
Ukraine,2000,Europe,1.108,67.79,49556654
Ukraine,2001,Europe,1.092,67.67,49106854
Ukraine,2002,Europe,1.127,67.7,48677280
Ukraine,2003,Europe,1.173,67.64,48315133
Ukraine,2004,Europe,1.215,67.47,47979502
Ukraine,2005,Europe,1.221,67.52,47585558
Ukraine,2006,Europe,1.297,67.49,47278691
Ukraine,2007,Europe,1.343,67.72,47062802
Ukraine,2008,Europe,1.444,68.26,46819168
Ukraine,2009,Europe,1.47,69.16,46623731
Ukraine,2010,Europe,1.436,70.19,46455997
Ukraine,2011,Europe,1.464,70.71,46307854
Ukraine,2012,Europe,1.528,71.09,46210051
Ukraine,2013,Europe,1.515,71.47,46126760
Ukraine,2014,Europe,1.466,71.8,45972379
Ukraine,2015,Europe,1.387,72.69,45784904
Ukraine,2016,Europe,1.391,73.39,45616831
Ukraine,2017,Europe,1.3,73.99,45436037
Ukraine,2018,Europe,1.233,73.57,45208903
Ukraine,2019,Europe,1.218,73.92,44957451
Ukraine,2020,Europe,1.208,73.28,44680008
Ukraine,2021,Europe,1.148,71.63,44298642
Ukraine,2022,Europe,0.897,72.66,41048768
Ukraine,2023,Europe,0.977,73.42,37732833
Ukraine,2024,Europe,0.962,74.69,37860221
Ukraine,2025,Europe,0.948,74.86,38980380
Uruguay,1950,Amériques,2.692,65.57,2234414
Uruguay,1951,Amériques,2.701,65.84,2256416
Uruguay,1952,Amériques,2.719,66.06,2281110
Uruguay,1953,Amériques,2.739,66.26,2308051
Uruguay,1954,Amériques,2.76,66.47,2336875
Uruguay,1955,Amériques,2.757,66.69,2367035
Uruguay,1956,Amériques,2.791,66.91,2398370
Uruguay,1957,Amériques,2.802,67.12,2430772
Uruguay,1958,Amériques,2.815,67.33,2463868
Uruguay,1959,Amériques,2.816,67.53,2497153
Uruguay,1960,Amériques,2.827,67.68,2529964
Uruguay,1961,Amériques,2.846,67.81,2562047
Uruguay,1962,Amériques,2.866,67.91,2593294
Uruguay,1963,Amériques,2.884,68.02,2623767
Uruguay,1964,Amériques,2.863,68.11,2653182
Uruguay,1965,Amériques,2.84,68.2,2681172
Uruguay,1966,Amériques,2.819,68.3,2707655
Uruguay,1967,Amériques,2.784,68.41,2732283
Uruguay,1968,Amériques,2.771,68.51,2754605
Uruguay,1969,Amériques,2.769,68.58,2773985
Uruguay,1970,Amériques,2.772,68.73,2790811
Uruguay,1971,Amériques,2.767,68.93,2806462
Uruguay,1972,Amériques,2.782,69.17,2821648
Uruguay,1973,Amériques,2.855,69.35,2837143
Uruguay,1974,Amériques,2.957,69.52,2853947
Uruguay,1975,Amériques,3.017,69.7,2872328
Uruguay,1976,Amériques,3.005,69.89,2891395
Uruguay,1977,Amériques,2.899,70.08,2909469
Uruguay,1978,Amériques,2.829,70.27,2925714
Uruguay,1979,Amériques,2.711,70.25,2939906
Uruguay,1980,Amériques,2.59,70.5,2951956
Uruguay,1981,Amériques,2.534,70.95,2963250
Uruguay,1982,Amériques,2.512,71.53,2975490
Uruguay,1983,Amériques,2.486,71.59,2988779
Uruguay,1984,Amériques,2.471,71.71,3002495
Uruguay,1985,Amériques,2.47,71.86,3017044
Uruguay,1986,Amériques,2.47,72.19,3032846
Uruguay,1987,Amériques,2.486,72.2,3049896
Uruguay,1988,Amériques,2.503,72.41,3067957
Uruguay,1989,Amériques,2.498,72.63,3086254
Uruguay,1990,Amériques,2.477,72.99,3104404
Uruguay,1991,Amériques,2.454,73.2,3122357
Uruguay,1992,Amériques,2.432,73.19,3139704
Uruguay,1993,Amériques,2.408,73.15,3156351
Uruguay,1994,Amériques,2.425,73.16,3172839
Uruguay,1995,Amériques,2.401,73.49,3189438
Uruguay,1996,Amériques,2.364,73.81,3206329
Uruguay,1997,Amériques,2.328,73.92,3223349
Uruguay,1998,Amériques,2.271,74.03,3239286
Uruguay,1999,Amériques,2.248,74.29,3254020
Uruguay,2000,Amériques,2.196,74.69,3266212
Uruguay,2001,Amériques,2.161,74.99,3274257
Uruguay,2002,Amériques,2.16,74.98,3278868
Uruguay,2003,Amériques,2.116,75.09,3281188
Uruguay,2004,Amériques,2.093,75.32,3283157
Uruguay,2005,Amériques,2.097,75.83,3285776
Uruguay,2006,Amériques,2.07,75.89,3289508
Uruguay,2007,Amériques,2.048,76.15,3295155
Uruguay,2008,Amériques,2.03,76.28,3302184
Uruguay,2009,Amériques,2.018,76.67,3310093
Uruguay,2010,Amériques,2.011,76.69,3318581
Uruguay,2011,Amériques,1.987,76.61,3326829
Uruguay,2012,Amériques,2.012,76.69,3335406
Uruguay,2013,Amériques,2.034,76.95,3345335
Uruguay,2014,Amériques,2.026,77.19,3356343
Uruguay,2015,Amériques,2.041,77.28,3368022
Uruguay,2016,Amériques,1.966,77.35,3379279
Uruguay,2017,Amériques,1.824,77.62,3388444
Uruguay,2018,Amériques,1.681,77.53,3394538
Uruguay,2019,Amériques,1.567,77.5,3397206
Uruguay,2020,Amériques,1.497,78.38,3398966
Uruguay,2021,Amériques,1.446,75.43,3396693
Uruguay,2022,Amériques,1.425,76.47,3390913
Uruguay,2023,Amériques,1.409,78.14,3388083
Uruguay,2024,Amériques,1.388,78.29,3386583
Uruguay,2025,Amériques,1.367,78.45,3384686
États-Unis,1950,Amériques,3.086,68.07,154202683
États-Unis,1951,Amériques,3.197,68.17,156481323
États-Unis,1952,Amériques,3.29,68.38,158794223
États-Unis,1953,Amériques,3.358,68.71,161168320
États-Unis,1954,Amériques,3.475,69.5,163636303
États-Unis,1955,Amériques,3.515,69.56,166200028
États-Unis,1956,Amériques,3.624,69.64,168824962
États-Unis,1957,Amériques,3.703,69.42,171499234
États-Unis,1958,Amériques,3.754,69.67,174215305
États-Unis,1959,Amériques,3.747,69.9,177145772
États-Unis,1960,Amériques,3.732,69.83,180274556
États-Unis,1961,Amériques,3.691,70.25,183489491
États-Unis,1962,Amériques,3.533,70.12,186724275
États-Unis,1963,Amériques,3.39,69.94,189825225
États-Unis,1964,Amériques,3.258,70.2,192819457
États-Unis,1965,Amériques,2.983,70.25,195653774
États-Unis,1966,Amériques,2.769,70.21,198265400
États-Unis,1967,Amériques,2.605,70.52,200699913
États-Unis,1968,Amériques,2.508,70.2,203011020
États-Unis,1969,Amériques,2.504,70.48,205300034
États-Unis,1970,Amériques,2.515,70.73,207796338
États-Unis,1971,Amériques,2.318,71.1,210426423
États-Unis,1972,Amériques,2.057,71.18,212842571
États-Unis,1973,Amériques,1.921,71.4,215006548
États-Unis,1974,Amériques,1.872,71.96,217076475
États-Unis,1975,Amériques,1.815,72.54,219129299
États-Unis,1976,Amériques,1.785,72.84,221168755
États-Unis,1977,Amériques,1.826,73.23,223259417
États-Unis,1978,Amériques,1.804,73.41,225396097
États-Unis,1979,Amériques,1.843,73.83,227575082
États-Unis,1980,Amériques,1.861,73.73,229858656
États-Unis,1981,Amériques,1.847,74.12,232201613
États-Unis,1982,Amériques,1.855,74.46,234583155
États-Unis,1983,Amériques,1.827,74.55,236986362
États-Unis,1984,Amériques,1.827,74.67,239353967
États-Unis,1985,Amériques,1.854,74.65,241690438
États-Unis,1986,Amériques,1.852,74.73,243953807
États-Unis,1987,Amériques,1.885,74.86,246161292
États-Unis,1988,Amériques,1.942,74.83,248393236
États-Unis,1989,Amériques,2.014,75.11,250675047
États-Unis,1990,Amériques,2.072,75.37,253373387
États-Unis,1991,Amériques,2.059,75.52,256471424
États-Unis,1992,Amériques,2.039,75.78,259606021
États-Unis,1993,Amériques,2.01,75.57,262633229
États-Unis,1994,Amériques,1.988,75.74,265474811
États-Unis,1995,Amériques,1.965,75.85,268205796
États-Unis,1996,Amériques,1.96,76.17,270860695
États-Unis,1997,Amériques,1.956,76.5,273468014
États-Unis,1998,Amériques,1.98,76.66,276119323
États-Unis,1999,Amériques,1.99,76.67,278785482
États-Unis,2000,Amériques,2.03,76.81,281484126
États-Unis,2001,Amériques,2.011,76.92,284279634
États-Unis,2002,Amériques,2.003,76.99,287084335
États-Unis,2003,Amériques,2.025,77.14,289908091
États-Unis,2004,Amériques,2.031,77.53,292786248
États-Unis,2005,Amériques,2.04,77.53,295716666
États-Unis,2006,Amériques,2.087,77.8,298730208
États-Unis,2007,Amériques,2.096,78.05,301844223
États-Unis,2008,Amériques,2.053,78.13,304970325
États-Unis,2009,Amériques,1.987,78.48,308023452
États-Unis,2010,Amériques,1.916,78.67,311062785
États-Unis,2011,Amériques,1.879,78.7,314105075
États-Unis,2012,Amériques,1.862,78.82,317115349
États-Unis,2013,Amériques,1.84,78.82,320110752
États-Unis,2014,Amériques,1.848,78.88,323115377
États-Unis,2015,Amériques,1.832,78.72,326126496
États-Unis,2016,Amériques,1.804,78.69,329179423
États-Unis,2017,Amériques,1.753,78.65,332204657
États-Unis,2018,Amériques,1.715,78.8,335056492
États-Unis,2019,Amériques,1.684,78.92,337790069
États-Unis,2020,Amériques,1.616,77.01,339436156
États-Unis,2021,Amériques,1.634,76.38,340161438
États-Unis,2022,Amériques,1.665,77.98,341534041
États-Unis,2023,Amériques,1.624,79.3,343477330
États-Unis,2024,Amériques,1.601,79.46,345426566
États-Unis,2025,Amériques,1.578,79.61,347275809
Ouzbékistan,1992,Asie,4.056,65.24,21485095
Ouzbékistan,1993,Asie,3.863,64.92,21987960
Ouzbékistan,1994,Asie,3.66,64.68,22463295
Ouzbékistan,1995,Asie,3.566,64.67,22917588
Ouzbékistan,1996,Asie,3.393,64.78,23351981
Ouzbékistan,1997,Asie,3.186,65.03,23758961
Ouzbékistan,1998,Asie,2.985,65.17,24134930
Ouzbékistan,1999,Asie,2.831,65.31,24476013
Ouzbékistan,2000,Asie,2.696,65.46,24787052
Ouzbékistan,2001,Asie,2.61,65.85,25090289
Ouzbékistan,2002,Asie,2.575,66.38,25399987
Ouzbékistan,2003,Asie,2.503,66.85,25711261
Ouzbékistan,2004,Asie,2.496,67.2,26029350
Ouzbékistan,2005,Asie,2.438,67.48,26356977
Ouzbékistan,2006,Asie,2.461,67.91,26699046
Ouzbékistan,2007,Asie,2.573,68.48,27076013
Ouzbékistan,2008,Asie,2.635,69.03,27494780
Ouzbékistan,2009,Asie,2.559,69.52,27939333
Ouzbékistan,2010,Asie,2.442,69.84,28385509
Ouzbékistan,2011,Asie,2.354,70.14,28823194
Ouzbékistan,2012,Asie,2.337,70.41,29261908
Ouzbékistan,2013,Asie,2.445,70.69,29724065
Ouzbékistan,2014,Asie,2.546,70.97,30222994
Ouzbékistan,2015,Asie,2.583,71.33,30749349
Ouzbékistan,2016,Asie,2.564,71.58,31284565
Ouzbékistan,2017,Asie,2.57,71.74,31819172
Ouzbékistan,2018,Asie,2.713,72.0,32373489
Ouzbékistan,2019,Asie,2.869,72.09,32964700
Ouzbékistan,2020,Asie,3.062,71.46,33586373
Ouzbékistan,2021,Asie,3.273,71.68,34243696
Ouzbékistan,2022,Asie,3.396,72.15,34938953
Ouzbékistan,2023,Asie,3.5,72.39,35652311
Ouzbékistan,2024,Asie,3.552,72.53,36361859
Ouzbékistan,2025,Asie,3.606,72.66,37053428
Venezuela,1950,Amériques,6.635,51.14,5488858
Venezuela,1951,Amériques,6.619,51.99,5732604
Venezuela,1952,Amériques,6.612,52.69,5981378
Venezuela,1953,Amériques,6.607,53.4,6234772
Venezuela,1954,Amériques,6.602,54.1,6492813
Venezuela,1955,Amériques,6.599,54.78,6755819
Venezuela,1956,Amériques,6.596,55.51,7024324
Venezuela,1957,Amériques,6.588,56.22,7299445
Venezuela,1958,Amériques,6.567,56.94,7581981
Venezuela,1959,Amériques,6.446,57.69,7869228
Venezuela,1960,Amériques,6.382,58.38,8160087
Venezuela,1961,Amériques,6.298,59.12,8455921
Venezuela,1962,Amériques,6.231,59.67,8756880
Venezuela,1963,Amériques,6.155,60.5,9064019
Venezuela,1964,Amériques,6.071,61.17,9377715
Venezuela,1965,Amériques,5.977,61.91,9697793
Venezuela,1966,Amériques,5.87,62.89,10024858
Venezuela,1967,Amériques,5.748,63.55,10358514
Venezuela,1968,Amériques,5.614,63.91,10697538
Venezuela,1969,Amériques,5.469,63.84,11040279
Venezuela,1970,Amériques,5.321,64.82,11387795
Venezuela,1971,Amériques,5.174,65.18,11741013
Venezuela,1972,Amériques,5.035,65.56,12099184
Venezuela,1973,Amériques,4.906,65.74,12463539
Venezuela,1974,Amériques,4.791,66.22,12835356
Venezuela,1975,Amériques,4.686,66.69,13215889
Venezuela,1976,Amériques,4.589,67.27,13606286
Venezuela,1977,Amériques,4.494,67.73,14006819
Venezuela,1978,Amériques,4.397,68.11,14416680
Venezuela,1979,Amériques,4.298,68.23,14834551
Venezuela,1980,Amériques,4.2,68.18,15258225
Venezuela,1981,Amériques,4.104,68.7,15687305
Venezuela,1982,Amériques,4.014,68.98,16121876
Venezuela,1983,Amériques,3.933,69.54,16562202
Venezuela,1984,Amériques,3.861,69.67,17008838
Venezuela,1985,Amériques,3.794,69.96,17461433
Venezuela,1986,Amériques,3.73,70.53,17923542
Venezuela,1987,Amériques,3.665,70.67,18394970
Venezuela,1988,Amériques,3.597,70.76,18871021
Venezuela,1989,Amériques,3.524,70.81,19348925
Venezuela,1990,Amériques,3.448,70.96,19827005
Venezuela,1991,Amériques,3.37,71.17,20304898
Venezuela,1992,Amériques,3.292,71.18,20780946
Venezuela,1993,Amériques,3.218,71.39,21254525
Venezuela,1994,Amériques,3.147,71.28,21725186
Venezuela,1995,Amériques,3.082,71.71,22193822
Venezuela,1996,Amériques,3.022,71.92,22662117
Venezuela,1997,Amériques,2.967,72.56,23131691
Venezuela,1998,Amériques,2.912,72.45,23601341
Venezuela,1999,Amériques,2.856,72.09,24066595
Venezuela,2000,Amériques,2.79,72.39,24526707
Venezuela,2001,Amériques,2.779,71.02,24979934
Venezuela,2002,Amériques,2.739,72.82,25435674
Venezuela,2003,Amériques,2.703,72.06,25892710
Venezuela,2004,Amériques,2.639,72.75,26340843
Venezuela,2005,Amériques,2.629,73.08,26785797
Venezuela,2006,Amériques,2.595,72.97,27224691
Venezuela,2007,Amériques,2.524,73.35,27649369
Venezuela,2008,Amériques,2.475,72.58,28053694
Venezuela,2009,Amériques,2.422,72.78,28438296
Venezuela,2010,Amériques,2.396,73.09,28813101
Venezuela,2011,Amériques,2.398,73.09,29185220
Venezuela,2012,Amériques,2.379,73.09,29553829
Venezuela,2013,Amériques,2.334,73.08,29912195
Venezuela,2014,Amériques,2.296,72.84,30254080
Venezuela,2015,Amériques,2.253,73.0,30573968
Venezuela,2016,Amériques,2.217,72.0,30765719
Venezuela,2017,Amériques,2.183,71.9,30565331
Venezuela,2018,Amériques,2.151,72.64,29807591
Venezuela,2019,Amériques,2.131,72.77,28938096
Venezuela,2020,Amériques,2.116,72.37,28444080
Venezuela,2021,Amériques,2.105,71.54,28237830
Venezuela,2022,Amériques,2.088,72.57,28213015
Venezuela,2023,Amériques,2.079,72.51,28300861
Venezuela,2024,Amériques,2.056,72.67,28405544
Venezuela,2025,Amériques,2.034,72.84,28516900
Vietnam,1976,Asie,5.461,63.67,47684927
Vietnam,1977,Asie,5.291,64.07,48954875
Vietnam,1978,Asie,5.104,64.53,50249551
Vietnam,1979,Asie,4.94,64.99,51378214
Vietnam,1980,Asie,4.795,65.34,52490098
Vietnam,1981,Asie,4.665,65.78,53738141
Vietnam,1982,Asie,4.593,66.21,55011292
Vietnam,1983,Asie,4.524,66.55,56337918
Vietnam,1984,Asie,4.412,66.93,57706071
Vietnam,1985,Asie,4.206,67.19,59060622
Vietnam,1986,Asie,3.955,67.55,60347044
Vietnam,1987,Asie,3.717,68.0,61584645
Vietnam,1988,Asie,3.623,68.58,62843234
Vietnam,1989,Asie,3.641,68.81,64147354
Vietnam,1990,Asie,3.602,69.03,65504551
Vietnam,1991,Asie,3.524,69.3,66891778
Vietnam,1992,Asie,3.353,69.62,68260336
Vietnam,1993,Asie,3.172,69.96,69586394
Vietnam,1994,Asie,2.941,70.38,70854393
Vietnam,1995,Asie,2.7,70.87,72049945
Vietnam,1996,Asie,2.468,71.3,73156456
Vietnam,1997,Asie,2.274,71.67,74226890
Vietnam,1998,Asie,2.098,72.28,75299665
Vietnam,1999,Asie,1.999,72.58,76287454
Vietnam,2000,Asie,2.028,72.75,77154016
Vietnam,2001,Asie,2.023,72.98,77969357
Vietnam,2002,Asie,2.006,73.14,78772227
Vietnam,2003,Asie,1.999,73.24,79563778
Vietnam,2004,Asie,1.968,73.06,80338977
Vietnam,2005,Asie,1.887,73.2,81088309
Vietnam,2006,Asie,1.873,73.29,82167901
Vietnam,2007,Asie,1.911,73.39,83633374
Vietnam,2008,Asie,1.933,73.45,85175789
Vietnam,2009,Asie,1.92,73.53,86460023
Vietnam,2010,Asie,1.906,73.61,87455148
Vietnam,2011,Asie,1.927,73.71,88468315
Vietnam,2012,Asie,1.967,73.76,89510355
Vietnam,2013,Asie,1.98,73.82,90573103
Vietnam,2014,Asie,2.09,73.89,91679582
Vietnam,2015,Asie,2.1,73.95,92823254
Vietnam,2016,Asie,2.0,73.98,94000115
Vietnam,2017,Asie,1.985,74.03,95176978
Vietnam,2018,Asie,1.88,74.1,96237319
Vietnam,2019,Asie,1.943,74.21,97173778
Vietnam,2020,Asie,1.957,75.38,98079196
Vietnam,2021,Asie,1.942,74.14,98935101
Vietnam,2022,Asie,1.927,74.5,99680656
Vietnam,2023,Asie,1.913,74.59,100352189
Vietnam,2024,Asie,1.894,74.74,100987685
Vietnam,2025,Asie,1.876,74.88,101598530
Yémen,1991,Asie,8.459,58.8,14430205
Yémen,1992,Asie,8.272,59.26,14989497
Yémen,1993,Asie,8.048,59.66,15563919
Yémen,1994,Asie,7.795,59.83,16149147
Yémen,1995,Asie,7.525,60.53,16740057
Yémen,1996,Asie,7.004,60.88,17313181
Yémen,1997,Asie,6.82,61.34,17873943
Yémen,1998,Asie,6.639,61.79,18446015
Yémen,1999,Asie,6.489,62.27,19029421
Yémen,2000,Asie,6.317,62.76,19624139
Yémen,2001,Asie,6.143,63.29,20226146
Yémen,2002,Asie,5.971,63.81,20835092
Yémen,2003,Asie,5.839,64.41,21456379
Yémen,2004,Asie,5.712,64.88,22095161
Yémen,2005,Asie,5.563,65.36,22790082
Yémen,2006,Asie,5.412,65.8,23543090
Yémen,2007,Asie,5.261,66.23,24318090
Yémen,2008,Asie,5.113,66.61,25111941
Yémen,2009,Asie,5.004,66.91,25927723
Yémen,2010,Asie,4.81,67.22,26754383
Yémen,2011,Asie,4.63,67.41,27582902
Yémen,2012,Asie,4.633,67.57,28433655
Yémen,2013,Asie,4.623,67.96,29312955
Yémen,2014,Asie,4.62,68.0,30226311
Yémen,2015,Asie,4.617,66.76,31159378
Yémen,2016,Asie,4.613,67.11,32109023
Yémen,2017,Asie,4.61,67.12,33090923
Yémen,2018,Asie,4.607,65.92,34085181
Yémen,2019,Asie,4.603,66.57,35111416
Yémen,2020,Asie,4.6,66.44,36134867
Yémen,2021,Asie,4.597,66.02,37140234
Yémen,2022,Asie,4.593,67.95,38222878
Yémen,2023,Asie,4.59,69.3,39390800
Yémen,2024,Asie,4.587,69.44,40583173
Yémen,2025,Asie,4.583,69.58,41773881
Afrique du Sud,1950,Afrique,6.032,43.11,13038501
Afrique du Sud,1951,Afrique,6.063,44.06,13309025
Afrique du Sud,1952,Afrique,6.081,45.05,13595546
Afrique du Sud,1953,Afrique,6.094,46.05,13892917
Afrique du Sud,1954,Afrique,6.109,47.12,14203781
Afrique du Sud,1955,Afrique,6.127,48.17,14533371
Afrique du Sud,1956,Afrique,6.131,49.21,14880686
Afrique du Sud,1957,Afrique,6.136,50.2,15244838
Afrique du Sud,1958,Afrique,6.143,51.15,15620420
Afrique du Sud,1959,Afrique,6.126,51.88,16014970
Afrique du Sud,1960,Afrique,6.105,52.58,16440175
Afrique du Sud,1961,Afrique,6.08,53.07,16908039
Afrique du Sud,1962,Afrique,6.046,53.57,17418522
Afrique du Sud,1963,Afrique,6.012,53.9,17954560
Afrique du Sud,1964,Afrique,5.955,54.22,18511367
Afrique du Sud,1965,Afrique,5.892,54.43,19089382
Afrique du Sud,1966,Afrique,5.907,54.73,19690084
Afrique du Sud,1967,Afrique,5.852,54.95,20314072
Afrique du Sud,1968,Afrique,5.782,55.19,20957287
Afrique du Sud,1969,Afrique,5.719,55.44,21614679
Afrique du Sud,1970,Afrique,5.634,55.68,22279990
Afrique du Sud,1971,Afrique,5.569,56.02,22942145
Afrique du Sud,1972,Afrique,5.49,56.38,23609457
Afrique du Sud,1973,Afrique,5.413,56.72,24294264
Afrique du Sud,1974,Afrique,5.298,57.11,24989109
Afrique du Sud,1975,Afrique,5.191,57.59,25690943
Afrique du Sud,1976,Afrique,5.071,58.0,26395451
Afrique du Sud,1977,Afrique,4.942,58.48,27118951
Afrique du Sud,1978,Afrique,4.853,58.99,27869506
Afrique du Sud,1979,Afrique,4.818,59.47,28634161
Afrique du Sud,1980,Afrique,4.78,59.96,29518857
Afrique du Sud,1981,Afrique,4.712,60.45,30541046
Afrique du Sud,1982,Afrique,4.696,60.94,31615339
Afrique du Sud,1983,Afrique,4.626,61.39,32739308
Afrique du Sud,1984,Afrique,4.566,61.84,33892793
Afrique du Sud,1985,Afrique,4.495,62.2,35042097
Afrique du Sud,1986,Afrique,4.409,62.42,36180519
Afrique du Sud,1987,Afrique,4.352,62.69,37326192
Afrique du Sud,1988,Afrique,4.18,62.9,38480647
Afrique du Sud,1989,Afrique,3.983,63.02,39628574
Afrique du Sud,1990,Afrique,3.724,62.94,40746274
Afrique du Sud,1991,Afrique,3.618,62.98,41687903
Afrique du Sud,1992,Afrique,3.479,62.84,42443510
Afrique du Sud,1993,Afrique,3.372,62.62,43297155
Afrique du Sud,1994,Afrique,3.258,62.07,44004140
Afrique du Sud,1995,Afrique,3.172,61.6,44541557
Afrique du Sud,1996,Afrique,2.991,61.08,45123023
Afrique du Sud,1997,Afrique,2.734,60.54,45666835
Afrique du Sud,1998,Afrique,2.63,59.91,46223888
Afrique du Sud,1999,Afrique,2.559,59.19,46730331
Afrique du Sud,2000,Afrique,2.413,58.37,47159715
Afrique du Sud,2001,Afrique,2.373,57.16,47566805
Afrique du Sud,2002,Afrique,2.324,55.58,48019414
Afrique du Sud,2003,Afrique,2.358,54.24,48500351
Afrique du Sud,2004,Afrique,2.436,53.96,48991420
Afrique du Sud,2005,Afrique,2.512,53.91,49490041
Afrique du Sud,2006,Afrique,2.548,54.22,49998271
Afrique du Sud,2007,Afrique,2.545,54.95,50528575
Afrique du Sud,2008,Afrique,2.679,55.98,51114595
Afrique du Sud,2009,Afrique,2.501,57.41,51728518
Afrique du Sud,2010,Afrique,2.445,58.89,52344047
Afrique du Sud,2011,Afrique,2.436,60.6,52995212
Afrique du Sud,2012,Afrique,2.447,61.74,53782570
Afrique du Sud,2013,Afrique,2.428,62.39,54678789
Afrique du Sud,2014,Afrique,2.424,63.18,55594840
Afrique du Sud,2015,Afrique,2.359,64.05,56723536
Afrique du Sud,2016,Afrique,2.261,64.75,57259550
Afrique du Sud,2017,Afrique,2.283,65.42,57635158
Afrique du Sud,2018,Afrique,2.27,65.73,58613001
Afrique du Sud,2019,Afrique,2.264,66.07,59587880
Afrique du Sud,2020,Afrique,2.257,65.15,60562374
Afrique du Sud,2021,Afrique,2.248,62.01,61502602
Afrique du Sud,2022,Afrique,2.227,65.45,62378417
Afrique du Sud,2023,Afrique,2.216,66.14,63212386
Afrique du Sud,2024,Afrique,2.194,66.31,64007187
Afrique du Sud,2025,Afrique,2.172,66.49,64747319
Zambie,1950,Afrique,6.779,46.8,2321310
Zambie,1951,Afrique,6.766,47.17,2393306
Zambie,1952,Afrique,6.774,47.58,2467263
Zambie,1953,Afrique,6.786,47.99,2543546
Zambie,1954,Afrique,6.795,48.36,2622276
Zambie,1955,Afrique,6.803,48.76,2703549
Zambie,1956,Afrique,6.809,49.13,2787416
Zambie,1957,Afrique,6.832,49.47,2874074
Zambie,1958,Afrique,6.864,49.89,2963872
Zambie,1959,Afrique,6.903,50.29,3057056
Zambie,1960,Afrique,6.947,50.65,3153730
Zambie,1961,Afrique,6.982,51.04,3254085
Zambie,1962,Afrique,7.012,51.33,3358098
Zambie,1963,Afrique,7.06,51.6,3465914
Zambie,1964,Afrique,7.085,51.17,3577015
Zambie,1965,Afrique,7.116,52.08,3692088
Zambie,1966,Afrique,7.138,52.29,3812003
Zambie,1967,Afrique,7.154,52.51,3936350
Zambie,1968,Afrique,7.18,52.72,4065601
Zambie,1969,Afrique,7.18,53.04,4197117
Zambie,1970,Afrique,7.224,53.4,4321726
Zambie,1971,Afrique,7.26,53.89,4442528
Zambie,1972,Afrique,7.3,54.38,4569311
Zambie,1973,Afrique,7.339,54.91,4702694
Zambie,1974,Afrique,7.364,55.38,4842750
Zambie,1975,Afrique,7.421,55.74,4990087
Zambie,1976,Afrique,7.388,56.1,5143847
Zambie,1977,Afrique,7.353,56.28,5302477
Zambie,1978,Afrique,7.294,56.34,5465379
Zambie,1979,Afrique,7.222,56.05,5631734
Zambie,1980,Afrique,7.139,55.5,5802841
Zambie,1981,Afrique,7.073,54.99,5983299
Zambie,1982,Afrique,7.039,54.36,6178638
Zambie,1983,Afrique,7.007,53.67,6381045
Zambie,1984,Afrique,6.974,52.88,6580497
Zambie,1985,Afrique,6.928,52.0,6780953
Zambie,1986,Afrique,6.868,51.15,6986475
Zambie,1987,Afrique,6.798,50.42,7191285
Zambie,1988,Afrique,6.703,49.67,7391450
Zambie,1989,Afrique,6.635,48.88,7589226
Zambie,1990,Afrique,6.567,48.2,7786163
Zambie,1991,Afrique,6.458,47.44,7981653
Zambie,1992,Afrique,6.349,46.97,8176677
Zambie,1993,Afrique,6.298,46.68,8373920
Zambie,1994,Afrique,6.26,46.34,8576270
Zambie,1995,Afrique,6.232,46.05,8785768
Zambie,1996,Afrique,6.182,45.76,9004059
Zambie,1997,Afrique,6.124,45.74,9237064
Zambie,1998,Afrique,6.067,45.71,9482414
Zambie,1999,Afrique,5.998,45.92,9740013
Zambie,2000,Afrique,5.921,46.58,10017633
Zambie,2001,Afrique,5.848,47.41,10325186
Zambie,2002,Afrique,5.774,48.46,10647955
Zambie,2003,Afrique,5.71,49.62,10983604
Zambie,2004,Afrique,5.698,50.54,11338201
Zambie,2005,Afrique,5.697,51.62,11718819
Zambie,2006,Afrique,5.679,52.69,12129560
Zambie,2007,Afrique,5.613,53.73,12565093
Zambie,2008,Afrique,5.53,54.84,13021327
Zambie,2009,Afrique,5.453,55.89,13490395
Zambie,2010,Afrique,5.359,56.9,13965592
Zambie,2011,Afrique,5.256,57.84,14437796
Zambie,2012,Afrique,5.136,58.7,14913631
Zambie,2013,Afrique,5.014,59.45,15399000
Zambie,2014,Afrique,4.89,60.11,15895320
Zambie,2015,Afrique,4.775,60.73,16399092
Zambie,2016,Afrique,4.669,61.13,16914428
Zambie,2017,Afrique,4.567,61.56,17441328
Zambie,2018,Afrique,4.492,62.14,17973574
Zambie,2019,Afrique,4.418,62.91,18513839
Zambie,2020,Afrique,4.323,63.36,19059394
Zambie,2021,Afrique,4.246,62.36,19603610
Zambie,2022,Afrique,4.175,65.28,20152935
Zambie,2023,Afrique,4.101,66.35,20723967
Zambie,2024,Afrique,4.039,66.53,21314962
Zambie,2025,Afrique,3.979,66.7,21913878
Zimbabwe,1950,Afrique,7.041,49.42,2790908
Zimbabwe,1951,Afrique,7.06,49.84,2880901
Zimbabwe,1952,Afrique,7.069,50.24,2972913
Zimbabwe,1953,Afrique,7.081,50.63,3067172
Zimbabwe,1954,Afrique,7.091,51.02,3163884
Zimbabwe,1955,Afrique,7.099,51.41,3263221
Zimbabwe,1956,Afrique,7.121,51.8,3365533
Zimbabwe,1957,Afrique,7.142,52.2,3471158
Zimbabwe,1958,Afrique,7.159,52.58,3580185
Zimbabwe,1959,Afrique,7.173,53.02,3692810
Zimbabwe,1960,Afrique,7.195,53.49,3809392
Zimbabwe,1961,Afrique,7.212,53.97,3930402
Zimbabwe,1962,Afrique,7.231,54.45,4055968
Zimbabwe,1963,Afrique,7.23,54.94,4185875
Zimbabwe,1964,Afrique,7.23,55.43,4320004
Zimbabwe,1965,Afrique,7.231,55.91,4458457
Zimbabwe,1966,Afrique,7.196,56.36,4601223
Zimbabwe,1967,Afrique,7.157,56.77,4748309
Zimbabwe,1968,Afrique,7.114,57.15,4900440
Zimbabwe,1969,Afrique,7.036,57.48,5058185
Zimbabwe,1970,Afrique,6.982,57.76,5215919
Zimbabwe,1971,Afrique,6.939,58.0,5374719
Zimbabwe,1972,Afrique,6.942,58.17,5542444
Zimbabwe,1973,Afrique,6.942,58.09,5720413
Zimbabwe,1974,Afrique,6.879,58.19,5908337
Zimbabwe,1975,Afrique,6.832,58.25,6098653
Zimbabwe,1976,Afrique,6.771,57.63,6287107
Zimbabwe,1977,Afrique,6.713,57.0,6449517
Zimbabwe,1978,Afrique,6.658,54.73,6543573
Zimbabwe,1979,Afrique,6.59,54.92,6647557
Zimbabwe,1980,Afrique,6.517,59.06,7041304
Zimbabwe,1981,Afrique,6.445,59.45,7498641
Zimbabwe,1982,Afrique,6.333,59.86,7796503
Zimbabwe,1983,Afrique,6.197,59.99,8098408
Zimbabwe,1984,Afrique,6.044,60.62,8391494
Zimbabwe,1985,Afrique,5.871,60.9,8686815
Zimbabwe,1986,Afrique,5.688,60.98,8982579
Zimbabwe,1987,Afrique,5.5,60.72,9284649
Zimbabwe,1988,Afrique,5.279,60.24,9583099
Zimbabwe,1989,Afrique,5.073,59.45,9864797
Zimbabwe,1990,Afrique,4.876,58.32,10137287
Zimbabwe,1991,Afrique,4.715,57.04,10404820
Zimbabwe,1992,Afrique,4.567,55.6,10702697
Zimbabwe,1993,Afrique,4.391,53.98,10860285
Zimbabwe,1994,Afrique,4.284,52.54,10873146
Zimbabwe,1995,Afrique,4.153,51.14,10974607
Zimbabwe,1996,Afrique,4.11,48.98,11158364
Zimbabwe,1997,Afrique,4.075,48.54,11369833
Zimbabwe,1998,Afrique,4.067,47.55,11594299
Zimbabwe,1999,Afrique,4.056,46.38,11783454
Zimbabwe,2000,Afrique,4.009,46.03,11892055
Zimbabwe,2001,Afrique,3.983,44.52,11971904
Zimbabwe,2002,Afrique,3.925,45.94,12087661
Zimbabwe,2003,Afrique,3.862,45.37,12232324
Zimbabwe,2004,Afrique,3.776,46.04,12365901
Zimbabwe,2005,Afrique,3.693,46.57,12483433
Zimbabwe,2006,Afrique,3.635,47.06,12636442
Zimbabwe,2007,Afrique,3.677,47.58,12804062
Zimbabwe,2008,Afrique,3.783,48.46,12959154
Zimbabwe,2009,Afrique,3.95,49.75,13142791
Zimbabwe,2010,Afrique,4.04,51.92,13356551
Zimbabwe,2011,Afrique,4.126,53.91,13595421
Zimbabwe,2012,Afrique,4.134,55.39,13817887
Zimbabwe,2013,Afrique,4.111,56.84,14013811
Zimbabwe,2014,Afrique,4.011,58.11,14207367
Zimbabwe,2015,Afrique,3.911,58.99,14399008
Zimbabwe,2016,Afrique,3.828,59.76,14600297
Zimbabwe,2017,Afrique,3.768,60.26,14812484
Zimbabwe,2018,Afrique,3.744,60.91,15034457
Zimbabwe,2019,Afrique,3.748,61.06,15271377
Zimbabwe,2020,Afrique,3.754,61.53,15526887
Zimbabwe,2021,Afrique,3.765,60.13,15797220
Zimbabwe,2022,Afrique,3.767,62.36,16069061
Zimbabwe,2023,Afrique,3.724,62.77,16340829
Zimbabwe,2024,Afrique,3.693,63.06,16634366
Zimbabwe,2025,Afrique,3.663,63.35,16950798
Tchécoslovaquie,1950,Europe,3.039,63.39,12382465
Tchécoslovaquie,1951,Europe,3.018,64.11,12522630
Tchécoslovaquie,1952,Europe,2.962,66.14,12669067
Tchécoslovaquie,1953,Europe,2.865,67.01,12812682
Tchécoslovaquie,1954,Europe,2.823,67.66,12949215
Tchécoslovaquie,1955,Europe,2.833,68.65,13086783
Tchécoslovaquie,1956,Europe,2.821,69.08,13226291
Tchécoslovaquie,1957,Europe,2.737,68.57,13355809
Tchécoslovaquie,1958,Europe,2.553,69.79,13472408
Tchécoslovaquie,1959,Europe,2.368,69.63,13573061
Tchécoslovaquie,1960,Europe,2.37,70.42,13666049
Tchécoslovaquie,1961,Europe,2.366,70.67,13758733
Tchécoslovaquie,1962,Europe,2.34,70.02,13833259
Tchécoslovaquie,1963,Europe,2.495,70.48,13905798
Tchécoslovaquie,1964,Europe,2.511,70.74,13992038
Tchécoslovaquie,1965,Europe,2.372,70.27,14071899
Tchécoslovaquie,1966,Europe,2.227,70.44,14138450
Tchécoslovaquie,1967,Europe,2.094,70.54,14195090
Tchécoslovaquie,1968,Europe,2.019,70.08,14241552
Tchécoslovaquie,1969,Europe,2.056,69.54,14282829
Tchécoslovaquie,1970,Europe,2.076,69.56,14327129
Tchécoslovaquie,1971,Europe,2.127,69.78,14383198
Tchécoslovaquie,1972,Europe,2.216,70.25,14457873
Tchécoslovaquie,1973,Europe,2.385,70.07,14549897
Tchécoslovaquie,1974,Europe,2.505,70.17,14656597
Tchécoslovaquie,1975,Europe,2.467,70.43,14769962
Tchécoslovaquie,1976,Europe,2.436,70.56,14881454
Tchécoslovaquie,1977,Europe,2.387,70.57,14987079
Tchécoslovaquie,1978,Europe,2.373,70.62,15086486
Tchécoslovaquie,1979,Europe,2.327,70.8,15179605
Tchécoslovaquie,1980,Europe,2.157,70.35,15252063
Tchécoslovaquie,1981,Europe,2.089,70.72,15304478
Tchécoslovaquie,1982,Europe,2.088,70.84,15350817
Tchécoslovaquie,1983,Europe,2.07,70.59,15389390
Tchécoslovaquie,1984,Europe,2.062,70.83,15423210
Tchécoslovaquie,1985,Europe,2.05,70.98,15456305
Tchécoslovaquie,1986,Europe,2.011,71.0,15484464
Tchécoslovaquie,1987,Europe,1.982,71.36,15509304
Tchécoslovaquie,1988,Europe,1.996,71.52,15535126
Tchécoslovaquie,1989,Europe,1.935,71.48,15555541
Tchécoslovaquie,1990,Europe,1.95,71.21,15568066
Tchécoslovaquie,1991,Europe,1.906,71.61,15589296
Tchécoslovaquie,1992,Europe,1.782,72.0,15618894
Yougoslavie,1950,Europe,3.516,54.93,15662163
Yougoslavie,1951,Europe,3.351,55.34,15852817
Yougoslavie,1952,Europe,3.348,56.87,16052487
Yougoslavie,1953,Europe,3.268,58.66,16272293
Yougoslavie,1954,Europe,3.183,59.62,16495205
Yougoslavie,1955,Europe,3.068,60.24,16708148
Yougoslavie,1956,Europe,2.947,61.01,16914832
Yougoslavie,1957,Europe,2.81,61.79,17115264
Yougoslavie,1958,Europe,2.741,62.96,17310832
Yougoslavie,1959,Europe,2.716,63.7,17503772
Yougoslavie,1960,Europe,2.685,64.27,17695968
Yougoslavie,1961,Europe,2.651,64.91,17894435
Yougoslavie,1962,Europe,2.612,65.31,18090460
Yougoslavie,1963,Europe,2.584,65.73,18280357
Yougoslavie,1964,Europe,2.554,66.27,18468610
Yougoslavie,1965,Europe,2.563,66.9,18652381
Yougoslavie,1966,Europe,2.526,67.54,18833738
Yougoslavie,1967,Europe,2.435,67.98,19011367
Yougoslavie,1968,Europe,2.363,68.03,19181838
Yougoslavie,1969,Europe,2.298,68.07,19342757
Yougoslavie,1970,Europe,2.231,68.21,19494109
Yougoslavie,1971,Europe,2.237,68.42,19643745
Yougoslavie,1972,Europe,2.221,68.78,19797234
Yougoslavie,1973,Europe,2.18,69.4,19951323
Yougoslavie,1974,Europe,2.142,69.98,20106235
Yougoslavie,1975,Europe,2.124,70.42,20263630
Yougoslavie,1976,Europe,2.098,70.69,20421843
Yougoslavie,1977,Europe,2.058,70.73,20576813
Yougoslavie,1978,Europe,2.027,70.7,20726091
Yougoslavie,1979,Europe,2.001,70.61,20869927
Yougoslavie,1980,Europe,1.979,70.68,21009562
Yougoslavie,1981,Europe,1.963,70.77,21139922
Yougoslavie,1982,Europe,1.957,70.72,21250478
Yougoslavie,1983,Europe,1.935,70.73,21348432
Yougoslavie,1984,Europe,1.911,70.89,21441438
Yougoslavie,1985,Europe,1.883,71.23,21525782
Yougoslavie,1986,Europe,1.847,71.44,21616115
Yougoslavie,1987,Europe,1.828,71.63,21699187
Yougoslavie,1988,Europe,1.8,71.8,21757748
Yougoslavie,1989,Europe,1.744,72.21,21804147
Yougoslavie,1990,Europe,1.722,72.16,21840527
Yougoslavie,1991,Europe,1.691,71.79,21829333
URSS,1950,Europe,3.055,56.73,181400996
URSS,1951,Europe,3.039,56.73,184145064
URSS,1952,Europe,3.016,58.3,186957275
URSS,1953,Europe,2.995,59.26,189850920
URSS,1954,Europe,3.008,60.23,192890721
URSS,1955,Europe,3.001,61.76,196099735
URSS,1956,Europe,2.985,64.57,199440201
URSS,1957,Europe,2.986,64.59,202936648
URSS,1958,Europe,2.985,65.73,206581857
URSS,1959,Europe,2.984,65.86,210147650
URSS,1960,Europe,2.981,66.63,213673592
URSS,1961,Europe,2.908,66.96,217264536
URSS,1962,Europe,2.816,67.01,220696257
URSS,1963,Europe,2.758,67.45,223938088
URSS,1964,Europe,2.665,67.83,226984812
URSS,1965,Europe,2.607,67.78,229779988
URSS,1966,Europe,2.619,67.86,232436897
URSS,1967,Europe,2.569,67.78,235000695
URSS,1968,Europe,2.534,67.71,237458208
URSS,1969,Europe,2.53,67.46,239820178
URSS,1970,Europe,2.56,67.54,241944983
URSS,1971,Europe,2.595,67.71,244072114
URSS,1972,Europe,2.606,67.72,246381197
URSS,1973,Europe,2.547,67.79,248657683
URSS,1974,Europe,2.551,67.66,250947624
URSS,1975,Europe,2.521,67.37,253335660
URSS,1976,Europe,2.501,67.28,255860735
URSS,1977,Europe,2.461,67.16,258479870
URSS,1978,Europe,2.421,67.14,261043781
URSS,1979,Europe,2.389,67.04,263352165
URSS,1980,Europe,2.372,67.06,265483689
URSS,1981,Europe,2.369,67.22,267670776
URSS,1982,Europe,2.413,67.62,269985288
URSS,1983,Europe,2.509,67.63,272555793
URSS,1984,Europe,2.496,67.45,275223958
URSS,1985,Europe,2.489,68.02,277862903
URSS,1986,Europe,2.569,69.13,280721586
URSS,1987,Europe,2.568,69.28,283735629
URSS,1988,Europe,2.487,68.97,286649707
URSS,1989,Europe,2.373,68.98,289122632
URSS,1990,Europe,2.281,68.62,291066478
URSS,1991,Europe,2.175,68.26,292664161
Allemagne de l'Ouest,1950,Europe,2.194,66.81,50958000
Allemagne de l'Est,1950,Europe,2.194,66.81,18388000
Allemagne de l'Ouest,1951,Europe,2.166,67.14,51242800
Allemagne de l'Est,1951,Europe,2.166,67.14,18276800
Allemagne de l'Ouest,1952,Europe,2.136,67.46,51527600
Allemagne de l'Est,1952,Europe,2.136,67.46,18165600
Allemagne de l'Ouest,1953,Europe,2.129,67.77,51812400
Allemagne de l'Est,1953,Europe,2.129,67.77,18054400
Allemagne de l'Ouest,1954,Europe,2.15,68.06,52097200
Allemagne de l'Est,1954,Europe,2.15,68.06,17943200
Allemagne de l'Ouest,1955,Europe,2.158,68.34,52382000
Allemagne de l'Est,1955,Europe,2.158,68.34,17832000
Allemagne de l'Ouest,1956,Europe,2.206,68.58,53097200
Allemagne de l'Est,1956,Europe,2.206,68.54,17703200
Allemagne de l'Ouest,1957,Europe,2.256,68.5,53812400
Allemagne de l'Est,1957,Europe,2.256,68.42,17574400
Allemagne de l'Ouest,1958,Europe,2.262,69.23,54527600
Allemagne de l'Est,1958,Europe,2.262,69.11,17445600
Allemagne de l'Ouest,1959,Europe,2.359,69.33,55242800
Allemagne de l'Est,1959,Europe,2.359,69.17,17316800
Allemagne de l'Ouest,1960,Europe,2.381,69.25,55958000
Allemagne de l'Est,1960,Europe,2.381,69.05,17188000
Allemagne de l'Ouest,1961,Europe,2.465,69.84,56625800
Allemagne de l'Est,1961,Europe,2.465,69.62,17160000
Allemagne de l'Ouest,1962,Europe,2.462,70.0,57293600
Allemagne de l'Est,1962,Europe,2.462,69.76,17132000
Allemagne de l'Ouest,1963,Europe,2.523,70.12,57961400
Allemagne de l'Est,1963,Europe,2.523,69.86,17104000
Allemagne de l'Ouest,1964,Europe,2.525,70.65,58629200
Allemagne de l'Est,1964,Europe,2.525,70.37,17076000
Allemagne de l'Ouest,1965,Europe,2.487,70.62,59297000
Allemagne de l'Est,1965,Europe,2.487,70.33,17048000
Allemagne de l'Ouest,1966,Europe,2.503,70.74,59637800
Allemagne de l'Est,1966,Europe,2.503,70.4,17049800
Allemagne de l'Ouest,1967,Europe,2.439,70.96,59978600
Allemagne de l'Est,1967,Europe,2.439,70.58,17051600
Allemagne de l'Ouest,1968,Europe,2.341,70.61,60319400
Allemagne de l'Est,1968,Europe,2.341,70.19,17053400
Allemagne de l'Ouest,1969,Europe,2.2,70.46,60660200
Allemagne de l'Est,1969,Europe,2.2,70.0,17055200
Allemagne de l'Ouest,1970,Europe,2.024,70.68,61001000
Allemagne de l'Est,1970,Europe,2.024,70.18,17057000
Allemagne de l'Ouest,1971,Europe,1.951,70.91,61129800
Allemagne de l'Est,1971,Europe,1.951,70.31,17009600
Allemagne de l'Ouest,1972,Europe,1.726,71.15,61258600
Allemagne de l'Est,1972,Europe,1.726,70.45,16962200
Allemagne de l'Ouest,1973,Europe,1.551,71.36,61387400
Allemagne de l'Est,1973,Europe,1.551,70.56,16914800
Allemagne de l'Ouest,1974,Europe,1.521,71.68,61516200
Allemagne de l'Est,1974,Europe,1.521,70.78,16867400
Allemagne de l'Ouest,1975,Europe,1.477,71.52,61645000
Allemagne de l'Est,1975,Europe,1.477,70.52,16820000
Allemagne de l'Ouest,1976,Europe,1.494,71.98,61647600
Allemagne de l'Est,1976,Europe,1.494,70.88,16804000
Allemagne de l'Ouest,1977,Europe,1.498,72.59,61650200
Allemagne de l'Est,1977,Europe,1.498,71.39,16788000
Allemagne de l'Ouest,1978,Europe,1.489,72.57,61652800
Allemagne de l'Est,1978,Europe,1.489,71.27,16772000
Allemagne de l'Ouest,1979,Europe,1.494,72.92,61655400
Allemagne de l'Est,1979,Europe,1.494,71.52,16756000
Allemagne de l'Ouest,1980,Europe,1.556,73.09,61658000
Allemagne de l'Est,1980,Europe,1.556,71.59,16740000
Allemagne de l'Ouest,1981,Europe,1.529,73.33,61530400
Allemagne de l'Est,1981,Europe,1.529,71.73,16720000
Allemagne de l'Ouest,1982,Europe,1.504,73.63,61402800
Allemagne de l'Est,1982,Europe,1.504,71.93,16700000
Allemagne de l'Ouest,1983,Europe,1.43,73.92,61275200
Allemagne de l'Est,1983,Europe,1.43,72.12,16680000
Allemagne de l'Ouest,1984,Europe,1.389,74.38,61147600
Allemagne de l'Est,1984,Europe,1.389,72.48,16660000
Allemagne de l'Ouest,1985,Europe,1.378,74.49,61020000
Allemagne de l'Est,1985,Europe,1.378,72.49,16640000
Allemagne de l'Ouest,1986,Europe,1.417,74.69,61561200
Allemagne de l'Est,1986,Europe,1.417,72.59,16517600
Allemagne de l'Ouest,1987,Europe,1.438,75.11,62102400
Allemagne de l'Est,1987,Europe,1.438,72.91,16395200
Allemagne de l'Ouest,1988,Europe,1.464,75.28,62643600
Allemagne de l'Est,1988,Europe,1.464,72.98,16272800
Allemagne de l'Ouest,1989,Europe,1.433,75.47,63184800
Allemagne de l'Est,1989,Europe,1.433,73.07,16150400
Allemagne de l'Ouest,1990,Europe,1.46,75.34,63726000
Allemagne de l'Est,1990,Europe,1.46,72.84,16028000
Vietnam du Nord,1954,Asie,5.797,52.0,16100000
Vietnam du Sud,1954,Asie,5.797,52.0,12000000
Vietnam du Nord,1955,Asie,5.535,54.83,16100000
Vietnam du Sud,1955,Asie,5.535,54.83,12000000
Vietnam du Nord,1956,Asie,5.621,55.53,16220000
Vietnam du Sud,1956,Asie,5.621,55.53,12400000
Vietnam du Nord,1957,Asie,6.145,56.17,16340000
Vietnam du Sud,1957,Asie,6.145,56.17,12800000
Vietnam du Nord,1958,Asie,6.209,56.8,16460000
Vietnam du Sud,1958,Asie,6.209,56.8,13200000
Vietnam du Nord,1959,Asie,6.25,57.4,16580000
Vietnam du Sud,1959,Asie,6.25,57.4,13600000
Vietnam du Nord,1960,Asie,6.273,58.05,16700000
Vietnam du Sud,1960,Asie,6.273,58.05,14000000
Vietnam du Nord,1961,Asie,5.476,58.46,17100000
Vietnam du Sud,1961,Asie,5.476,58.46,14460000
Vietnam du Nord,1962,Asie,6.257,58.2,17500000
Vietnam du Sud,1962,Asie,6.257,58.2,14920000
Vietnam du Nord,1963,Asie,6.385,56.9,17900000
Vietnam du Sud,1963,Asie,6.385,56.9,15380000
Vietnam du Nord,1964,Asie,6.285,57.47,18300000
Vietnam du Sud,1964,Asie,6.285,57.47,15840000
Vietnam du Nord,1965,Asie,6.156,56.97,18700000
Vietnam du Sud,1965,Asie,6.156,56.97,16300000
Vietnam du Nord,1966,Asie,5.968,56.91,19280000
Vietnam du Sud,1966,Asie,5.968,56.91,16700000
Vietnam du Nord,1967,Asie,5.883,56.74,19860000
Vietnam du Sud,1967,Asie,5.883,56.74,17100000
Vietnam du Nord,1968,Asie,6.029,52.67,20440000
Vietnam du Sud,1968,Asie,6.029,52.67,17500000
Vietnam du Nord,1969,Asie,6.013,54.79,21020000
Vietnam du Sud,1969,Asie,6.013,54.79,17900000
Vietnam du Nord,1970,Asie,6.019,54.93,21600000
Vietnam du Sud,1970,Asie,6.019,54.93,18300000
Vietnam du Nord,1971,Asie,6.069,55.59,22080000
Vietnam du Sud,1971,Asie,6.069,55.59,18560000
Vietnam du Nord,1972,Asie,6.1,51.91,22560000
Vietnam du Sud,1972,Asie,6.1,51.91,18820000
Vietnam du Nord,1973,Asie,6.108,55.68,23040000
Vietnam du Sud,1973,Asie,6.108,55.68,19080000
Vietnam du Nord,1974,Asie,5.781,54.75,23520000
Vietnam du Sud,1974,Asie,5.781,54.75,19340000
Vietnam du Nord,1975,Asie,5.621,61.87,24000000
Vietnam du Sud,1975,Asie,5.621,61.87,19600000
Yémen du Nord,1970,Asie,8.234,40.57,4800000
Yémen du Sud,1970,Asie,8.234,40.57,1500000
Yémen du Nord,1971,Asie,8.26,41.76,4900000
Yémen du Sud,1971,Asie,8.26,41.76,1540000
Yémen du Nord,1972,Asie,8.273,42.69,5000000
Yémen du Sud,1972,Asie,8.273,42.69,1580000
Yémen du Nord,1973,Asie,8.29,43.6,5100000
Yémen du Sud,1973,Asie,8.29,43.6,1620000
Yémen du Nord,1974,Asie,8.326,44.54,5200000
Yémen du Sud,1974,Asie,8.326,44.54,1660000
Yémen du Nord,1975,Asie,8.373,45.48,5300000
Yémen du Sud,1975,Asie,8.373,45.48,1700000
Yémen du Nord,1976,Asie,8.423,46.44,5400000
Yémen du Sud,1976,Asie,8.423,46.44,1740000
Yémen du Nord,1977,Asie,8.466,47.44,5500000
Yémen du Sud,1977,Asie,8.466,47.44,1780000
Yémen du Nord,1978,Asie,8.501,48.48,5600000
Yémen du Sud,1978,Asie,8.501,48.48,1820000
Yémen du Nord,1979,Asie,8.671,49.53,5700000
Yémen du Sud,1979,Asie,8.671,49.53,1860000
Yémen du Nord,1980,Asie,8.71,50.61,5800000
Yémen du Sud,1980,Asie,8.71,50.61,1900000
Yémen du Nord,1981,Asie,8.752,51.68,5940000
Yémen du Sud,1981,Asie,8.752,51.68,1960000
Yémen du Nord,1982,Asie,8.793,52.37,6080000
Yémen du Sud,1982,Asie,8.793,52.37,2020000
Yémen du Nord,1983,Asie,8.828,53.62,6220000
Yémen du Sud,1983,Asie,8.828,53.62,2080000
Yémen du Nord,1984,Asie,8.853,54.59,6360000
Yémen du Sud,1984,Asie,8.853,54.59,2140000
Yémen du Nord,1985,Asie,8.864,55.42,6500000
Yémen du Sud,1985,Asie,8.864,55.42,2200000
Yémen du Nord,1986,Asie,8.858,54.0,6632200
Yémen du Sud,1986,Asie,8.858,54.0,2277000
Yémen du Nord,1987,Asie,8.833,56.83,6764400
Yémen du Sud,1987,Asie,8.833,56.83,2354000
Yémen du Nord,1988,Asie,8.786,57.43,6896600
Yémen du Sud,1988,Asie,8.786,57.43,2431000
Yémen du Nord,1989,Asie,8.713,58.02,7028800
Yémen du Sud,1989,Asie,8.713,58.02,2508000
Yémen du Nord,1990,Asie,8.606,58.53,7161000
Yémen du Sud,1990,Asie,8.606,58.53,2585000
